Comune_norm,A_km_beta1_5,A_time
Ala,2777.396078632386,15333.765239119477
Albiano,4597.508660729984,19025.926404812453
Aldeno,5898.445125681148,23814.499298477403
Altavalle,4738.768503638266,17108.24434134538
Altopiano della Vigolana,5747.1963649529225,20678.699153006975
Amblar-Don,2809.7485500341963,11421.753290551791
Andalo,2309.442118816465,14038.943387583
Arco,4664.986973156226,16417.88719893615
Avio,2273.880642445744,14727.407551492443
Baselga di Pinè,4431.3160323407765,18242.263619779827
Bedollo,3051.547281719816,14127.02411500143
Besenello,6624.632887126992,23141.28042648058
Bieno,2300.8488098712432,12502.307377965764
Bleggio Superiore,2614.636052895414,13481.763808943817
Bocenago,2749.408546654976,10909.462357045963
Bondone,1054.4716797184055,7409.087443882115
Borgo Chiese,1617.2260426689381,9482.25765596679
Borgo Lares,2839.9914773606306,12917.07024672579
Borgo Valsugana,3380.987371557683,15266.284008093482
Borgo d'Anaunia,2305.5995208131426,11400.092336852425
Brentonico,3534.0366900797576,14816.09521350509
Bresimo,1912.78999046783,9963.308623258228
Caderzone Terme,2826.789289030827,10991.279567899215
Calceranica al Lago,6680.131588909851,22631.691580495386
Caldes,2481.0391855485896,11963.188758748602
Caldonazzo,5401.188314099314,20475.064174732113
Calliano,7752.09258750264,24238.03046456618
Campitello di Fassa / Ciampedel,1480.800924041196,7299.840170053535
Campodenno,3690.4680123898634,16724.329975890803
Canal San Bovo,867.2510208334658,6226.559722543769
Canazei / Cianacei,1019.7326899959455,6581.10980435899
Capriana,1799.1413015124658,11297.383537854854
Carisolo,3837.3889613613437,10703.349050386158
Carzano,5292.709567284009,15351.715571278435
Castel Condino,1456.8754966178992,8592.114231676105
Castel Ivano,3452.6139842925713,14281.902013111638
Castello Tesino,1540.0232555781367,10126.88855798965
Castello-Molina di Fiemme,2879.0158222006303,11695.229378701059
Castelnuovo,5000.638721412964,16905.269169041192
Cavalese,3155.6637320876307,11254.35294659361
Cavareno,3306.6969242022233,12970.581314255916
Cavedago,2724.9996029135573,15405.554479888553
Cavedine,3395.5451033115355,16733.296219026823
Cavizzana,2466.6218739544984,11614.220696860248
Cembra Lisignago,4377.570542456093,17270.992244666835
Cimone,4606.271156551917,20964.999731286156
Cinte Tesino,1969.180898525006,10685.131866751728
Cis,2647.6303176638403,12810.487513827367
Civezzano,11507.029855010715,27173.073338221802
Cles,2808.766070500057,14444.414075924495
Comano Terme,2936.2384632323847,15512.966142477631
Commezzadura,1997.048683068272,10571.829093887301
Contà,3672.942090793501,15994.462272369208
Croviana,3975.18558949795,12278.581183368602
Dambel,2991.7691874259503,12361.91230283279
Denno,4018.9164318017138,17183.265348716166
Dimaro Folgarida,1992.0418381955155,10731.24144345077
Drena,3702.5120578742863,16755.407258640458
Dro,4331.075042610011,17804.87899338118
Fai della Paganella,2683.870458051184,16310.93429285905
Fiavè,2815.6628698061313,14197.153929807417
Fierozzo / Vlarotz,3307.4361413242123,16053.094442339032
Folgaria,2786.1911227275723,14260.396414214676
Fornace,5986.048283310791,20817.99640898548
Frassilongo / Garait,4606.342466403745,18940.055107317137
Garniga Terme,3289.69964719041,18347.16565561225
Giovo,5258.573344393354,20716.760509231208
Giustino,3509.3038069477275,11474.786123395636
Grigno,1595.8558811028947,11381.706895821333
Imer,2112.991790212449,6664.330640805619
Isera,9739.269484541204,25714.70629074827
Lavarone,2317.069368972439,12798.422712284388
Lavis,7660.385465781817,25798.53085302689
Ledro,1768.739373929302,10798.590960147532
Levico Terme,4446.938663012364,18376.113723353104
Livo,2306.5009811569303,12053.393788586423
Lona-Lases,5191.172003306146,20217.311571144375
Luserna / Lusérn,2004.6354705490871,11868.395668075713
Madruzzo,4428.661966680624,20155.817295267116
Malé,2719.9698126260337,11462.354018340746
Massimeno,3290.3848787964307,10390.20747859934
Mazzin / Mazin,1628.469829226348,7665.3831700350775
Mezzana,1711.6336508351717,9996.273431983069
Mezzano,1740.9428697174576,6461.985529224376
Mezzocorona,6085.280782387706,22597.785075000276
Mezzolombardo,5711.178236085434,21827.738534599637
Moena / Moena,1338.159529584338,8224.442986252776
Molveno,2050.772013959264,13051.86751645455
Mori,5431.219391507773,20795.520486826845
Nago-Torbole,5130.972679341152,18303.282567997318
Nogaredo,9926.591075550316,27485.397106249635
Nomi,7821.293872858652,24540.565609093486
Novaledo,3947.2287191894566,18415.994492910475
Novella,2525.9722706587836,12624.185635687922
Ospedaletto,2707.042257925417,14041.8591649083
Ossana,1700.773248982351,9150.83654104319
Palù del Fersina / Palai en Bernstol,2889.0173658217473,13993.554801470153
Panchià,3116.059700867066,11389.46099138328
Peio,827.916647929811,7062.709341698346
Pellizzano,1783.146477605905,9593.19015856246
Pelugo,2962.942504412121,11991.763490811132
Pergine Valsugana,5891.170615777874,22424.9245670843
Pieve Tesino,1997.8915400389374,11089.13105597657
Pieve di Bono-Prezzo,1876.1496099334565,9774.295443587083
Pinzolo,2570.494391739766,10076.09875638738
Pomarolo,10014.404496358564,25757.689503368365
Porte di Rendena,2577.64146943131,11961.605912093575
Predaia,2547.995460425023,13353.730392212392
Predazzo,1619.4055215656406,9279.69699888046
Primiero San Martino di Castrozza,680.2085288686835,6117.219439979361
Rabbi,1335.7125994326648,9278.267038548018
Riva del Garda,4338.503762983206,15149.194129480433
Romeno,2856.1103036332706,12951.893766790905
Roncegno Terme,3686.457860883357,15991.331770015197
Ronchi Valsugana,3725.3727413302486,14556.496258211278
Ronzo-Chienis,3179.2322891177037,14351.216874023854
Ronzone,3977.5974853176244,12637.308129122575
Rovereto,5112.683087054693,19823.1252210287
Roverè della Luna,3389.807168638658,16813.755280842946
Ruffrè-Mendola,1882.078101191803,10535.848859369637
Rumo,1455.5091331650701,9435.83762616921
Sagron Mis,586.5458821971788,5030.604671065266
Samone,3637.118510878401,13000.921161359593
San Giovanni di Fassa / Sèn Jan,1188.8173865393492,7348.96706657801
San Lorenzo Dorsino,2203.201079903655,13632.654813335917
San Michele all'Adige,6564.455993778075,22930.645814600786
Sant'Orsola Terme,4237.07115633091,16711.21372840533
Sanzeno,3010.344390388429,14972.771828456045
Sarnonico,3798.533941527218,12976.184791112371
Scurelle,4895.883739823683,15246.615099290904
Segonzano,3452.279576846411,15885.910055382967
Sella Giudicarie,1778.6578113902406,9988.240298860073
Sfruz,2906.4900599763682,11763.126285167993
Soraga di Fassa / Soraga,1721.1552482506609,8505.907990042466
Sover,2416.0958735448266,12832.680040207133
Spiazzo,2422.615558772536,11268.202938775588
Spormaggiore,3342.066687251832,17946.364253213516
Sporminore,3691.78806710669,16904.540575983738
Stenico,2913.913905115498,14644.183189643818
Storo,1349.036742436058,8950.398952333213
Strembo,2958.8942848529314,11033.801073026752
Telve,4639.379619142532,15265.414220568555
Telve di Sopra,4576.4350015034015,14028.146734857824
Tenna,6079.147415128828,21546.456023501
Tenno,4502.612502312464,14908.375293671474
Terragnolo,3239.7008681789375,14605.117222442626
Terre d'Adige,6866.899378489155,24801.360576266525
Terzolas,3061.839110320023,12181.334089106422
Tesero,2421.468080209722,10903.770499093065
Tione di Trento,2437.1164093444,12049.312780229464
Ton,3481.666150890349,16484.050203138646
Torcegno,3643.3716600766434,13454.92824423567
Trambileno,12019.602246793547,24051.376708559284
Tre Ville,2538.5345111126794,13197.031908508738
Trento,3702.6191769996376,16446.88151583664
Valdaone,1774.9060499546215,9281.721615157507
Valfloriana,2066.7906090848983,11627.442658360247
Vallarsa,2012.9856728597126,12120.946315344358
Vallelaghi,4923.555075511216,21556.416149841578
Vermiglio,1142.9430052214752,8253.339030162068
Vignola-Falesina,4201.548472305577,16860.85588682545
Villa Lagarina,12405.219905921964,31653.05439254163
Ville d'Anaunia,3022.3804282105343,14270.134273915
Ville di Fiemme,3063.548861636601,10639.91515894821
Volano,8891.77974784818,25094.177574036526
Ziano di Fiemme,2469.1998049787057,10457.097305875988
