Codice,Comune_norm,saldo_netto,intensita_pendolarismo,autocontenimento_pc,attrattivita_pc,A_km_beta1_5,A_time,neighbors_km_le_10,neighbors_km_le_20,neighbors_km_le_30,neighbors_min_le_15,neighbors_min_le_30,neighbors_min_le_45,R25_km,R50_km,T25_min,T50_min
1,Ala,-47,0.0226213481868818,0.1367511651699443,0.0086393088552915,2777.396078632386,15333.765239119477,1,9,19,3,18,40,36.717,45.396,31.0,39.0
2,Albiano,-20,0.0133600534402137,0.1376085504342017,0.0,4597.508660729984,19025.926404812453,2,15,36,9,36,91,17.617,38.993,18.0,34.0
3,Aldeno,-28,0.0112923462986198,0.0922208281053952,0.001254705144291,5898.445125681148,23814.499298477403,5,17,39,12,41,91,12.683,27.198,14.0,26.0
235,Altavalle,-3,0.0080197409006785,0.095619987661937,0.0030845157310302,4738.768503638266,17108.24434134538,4,17,32,7,27,79,23.903,40.582,25.0,37.0
236,Altopiano della Vigolana,-23,0.008811435284903,0.0791071078911298,0.0021539064029763,5747.1963649529225,20678.699153006975,2,16,48,6,47,83,12.345,27.887,14.0,29.0
237,Amblar-Don,-14,0.0329067641681901,0.1206581352833638,0.0036563071297989,2809.7485500341963,11421.753290551791,9,15,28,8,22,42,47.899,60.523,46.0,57.0
5,Andalo,7,0.0057995028997514,0.2245236122618061,0.0057995028997514,2309.442118816465,14038.943387583,4,10,23,5,25,76,36.47,46.181,32.0,42.0
6,Arco,39,0.0185404339250493,0.2254156100309946,0.0103691180614257,4664.986973156226,16417.88719893615,4,11,25,5,25,49,32.257,35.889,33.0,39.0
7,Avio,23,0.0579462102689486,0.1616136919315403,0.0317848410757946,2273.880642445744,14727.407551492443,1,2,12,1,15,41,40.363,49.141,31.0,39.0
9,Baselga di Pinè,10,0.0117970900511207,0.1189539913488006,0.0068816358631537,4431.3160323407765,18242.263619779827,4,20,30,8,28,83,16.79,40.522,18.0,36.0
11,Bedollo,-9,0.0074779061862678,0.0591434398368456,0.000679809653297,3051.547281719816,14127.02411500143,3,16,27,3,23,53,24.014,44.71,27.0,45.0
13,Besenello,-21,0.009090909090909,0.0741818181818181,0.0007272727272727,6624.632887126992,23141.28042648058,6,17,33,12,38,81,15.905,27.69,14.0,28.0
15,Bieno,-4,0.0133928571428571,0.0558035714285714,0.0022321428571428,2300.8488098712432,12502.307377965764,10,17,20,14,22,36,45.502,58.599,39.0,55.0
17,Bleggio Superiore,56,0.0459016393442622,0.0990163934426229,0.041311475409836,2614.636052895414,13481.763808943817,4,11,31,6,27,48,36.307,43.438,34.0,44.0
18,Bocenago,2,0.0100502512562814,0.0829145728643216,0.007537688442211,2749.408546654976,10909.462357045963,9,12,19,11,18,35,53.241,59.211,52.0,62.0
21,Bondone,-13,0.0702028081123244,0.0655226209048362,0.0249609984399376,1054.4716797184055,7409.087443882115,0,2,7,1,7,12,66.086,79.439,69.0,80.0
238,Borgo Chiese,167,0.1168963757018887,0.1485451761102603,0.1010719754977029,1617.2260426689381,9482.25765596679,4,6,13,5,12,28,62.168,63.471,62.0,63.0
239,Borgo Lares,5,0.0126050420168067,0.0840336134453781,0.0098039215686274,2839.9914773606306,12917.07024672579,5,18,27,12,27,39,41.526,51.757,40.0,52.0
22,Borgo Valsugana,88,0.0272167311273456,0.1753330468414267,0.0199111875089528,3380.987371557683,15266.284008093482,12,21,27,16,32,57,34.318,50.209,29.0,48.0
252,Borgo d'Anaunia,-89,0.0492788461538461,0.1554487179487179,0.0068108974358974,2305.5995208131426,11400.092336852425,7,11,24,9,28,45,50.735,62.981,46.0,58.0
25,Brentonico,-22,0.0079365079365079,0.1001984126984127,0.0012400793650793,3534.0366900797576,14816.09521350509,1,14,23,2,18,38,29.41,39.5,33.0,39.0
26,Bresimo,-3,0.012,0.052,0.0,1912.78999046783,9963.308623258228,2,15,33,4,24,41,50.691,63.057,52.0,63.0
29,Caderzone Terme,-1,0.0014471780028943,0.0911722141823444,0.0,2826.789289030827,10991.279567899215,9,12,19,10,16,35,54.043,59.873,52.0,62.0
32,Calceranica al Lago,-6,0.0101375814627081,0.0847212165097755,0.002896451846488,6680.131588909851,22631.691580495386,5,21,48,10,51,83,17.484,30.72,17.0,33.0
33,Caldes,-1,0.0009165902841429,0.1054078826764436,0.0,2481.0391855485896,11963.188758748602,7,19,33,12,32,51,51.895,63.333,47.0,57.0
34,Caldonazzo,-10,0.0072202166064981,0.077359463641052,0.0023207839092315,5401.188314099314,20475.064174732113,5,18,44,9,50,78,19.951,33.0,19.0,36.0
35,Calliano,-16,0.0139442231075697,0.0552788844621513,0.0029880478087649,7752.09258750264,24238.03046456618,8,17,33,13,37,78,16.684,28.469,15.0,27.0
36,Campitello di Fassa / Ciampedel,3,0.0070621468926553,0.1271186440677966,0.0056497175141242,1480.800924041196,7299.840170053535,3,5,8,4,7,12,80.98,88.45,86.0,91.0
37,Campodenno,-23,0.0164907651715039,0.104221635883905,0.0006596306068601,3690.4680123898634,16724.329975890803,6,20,39,10,35,85,27.156,42.21,25.0,37.0
38,Canal San Bovo,-18,0.0327645051194539,0.1481228668941979,0.0102389078498293,867.2510208334658,6226.559722543769,2,2,4,2,4,8,80.19,91.308,86.0,97.0
39,Canazei / Cianacei,24,0.0195172059578839,0.2203389830508474,0.0159219311761684,1019.7326899959455,6581.10980435899,3,5,6,4,6,12,83.421,90.891,88.0,93.0
40,Capriana,-35,0.0633561643835616,0.0753424657534246,0.0017123287671232,1799.1413015124658,11297.383537854854,0,10,18,3,16,36,42.232,52.255,42.0,51.0
42,Carisolo,3,0.0031612223393045,0.101159114857745,0.0031612223393045,3837.3889613613437,10703.349050386158,7,10,18,9,15,34,58.303,63.113,57.0,64.0
43,Carzano,-4,0.0115606936416184,0.0635838150289017,0.001926782273603,5292.709567284009,15351.715571278435,12,18,24,15,24,46,38.972,52.069,35.0,50.0
45,Castel Condino,-5,0.0315315315315315,0.054054054054054,0.0045045045045045,1456.8754966178992,8592.114231676105,3,5,13,5,11,25,63.499,68.449,64.0,71.0
240,Castel Ivano,19,0.0180483328234934,0.0847353930865708,0.0119302539002753,3452.6139842925713,14281.902013111638,11,17,21,17,24,45,40.572,54.684,34.0,52.0
48,Castello Tesino,0,0.020671834625323,0.11541774332472,0.0103359173126615,1540.0232555781367,10126.88855798965,3,13,17,7,17,28,53.352,66.155,47.0,62.0
47,Castello-Molina di Fiemme,-84,0.05,0.0896551724137931,0.0068965517241379,2879.0158222006303,11695.229378701059,4,9,15,7,15,45,48.435,51.867,50.0,54.0
49,Castelnuovo,0,0.0261194029850746,0.0792910447761194,0.0130597014925373,5000.638721412964,16905.269169041192,12,18,24,16,29,52,37.179,51.291,31.0,47.0
50,Cavalese,-55,0.0358910891089108,0.1923267326732673,0.0111386138613861,3155.6637320876307,11254.35294659361,5,9,14,8,16,36,50.679,54.558,53.0,57.0
51,Cavareno,-59,0.0664893617021276,0.101063829787234,0.0070921985815602,3306.6969242022233,12970.581314255916,9,15,29,8,26,45,47.257,59.703,42.0,53.0
52,Cavedago,-5,0.0126353790613718,0.0703971119133574,0.0018050541516245,2724.9996029135573,15405.554479888553,5,14,24,8,25,87,32.363,45.744,28.0,40.0
53,Cavedine,-22,0.0086264100862641,0.0958858659588586,0.0006635700066357,3395.5451033115355,16733.296219026823,2,5,18,4,20,77,23.687,37.405,23.0,37.0
54,Cavizzana,-1,0.0041666666666666,0.0666666666666666,0.0,2466.6218739544984,11614.220696860248,7,18,33,12,28,48,51.738,63.176,48.0,58.0
241,Cembra Lisignago,-22,0.0104257167680278,0.1120764552562988,0.0004344048653344,4377.570542456093,17270.992244666835,3,16,30,6,27,74,22.574,40.746,23.0,35.0
58,Cimone,-5,0.0069930069930069,0.0517482517482517,0.0,4606.271156551917,20964.999731286156,2,14,29,9,32,78,16.826,30.972,15.0,30.0
59,Cinte Tesino,3,0.0145772594752186,0.0641399416909621,0.0116618075801749,1969.180898525006,10685.131866751728,3,14,17,9,18,30,51.484,64.287,46.0,61.0
60,Cis,0,0.0132890365448504,0.0996677740863787,0.0066445182724252,2647.6303176638403,12810.487513827367,7,24,36,13,36,48,46.666,59.032,42.0,53.0
61,Civezzano,-22,0.0083210964268232,0.0655898188937836,0.0014684287812041,11507.029855010715,27173.073338221802,4,24,41,11,61,99,6.838,34.03,9.0,27.0
62,Cles,-24,0.0103438635728263,0.2433603578417668,0.0034945485043332,2808.766070500057,14444.414075924495,5,27,40,16,43,61,40.172,54.631,35.0,46.0
228,Comano Terme,-8,0.0096418732782369,0.1401515151515151,0.0034435261707988,2936.2384632323847,15512.966142477631,4,13,32,9,31,72,30.002,40.85,26.0,39.0
64,Commezzadura,-4,0.0059171597633136,0.1242603550295858,0.0009861932938856,1997.048683068272,10571.829093887301,7,14,22,10,21,50,61.876,71.206,55.0,64.0
242,Contà,-8,0.0085775553967119,0.1200857755539671,0.0014295925661186,3672.942090793501,15994.462272369208,5,19,38,8,39,81,30.116,45.473,28.0,40.0
68,Croviana,-3,0.0043478260869565,0.0884057971014492,0.0,3975.18558949795,12278.581183368602,8,16,30,12,26,52,56.01,65.341,50.0,59.0
71,Dambel,0,0.0095465393794749,0.1431980906921241,0.0047732696897374,2991.7691874259503,12361.91230283279,8,20,34,11,32,47,44.441,58.289,42.0,53.0
74,Denno,-21,0.0189768976897689,0.1171617161716171,0.0008250825082508,4018.9164318017138,17183.265348716166,6,17,41,14,39,85,28.189,43.546,25.0,37.0
233,Dimaro Folgarida,-8,0.0076555023923444,0.1478468899521531,0.0019138755980861,1992.0418381955155,10731.24144345077,7,15,25,12,23,51,59.135,68.466,53.0,62.0
78,Drena,-6,0.0172117039586919,0.072289156626506,0.0034423407917383,3702.5120578742863,16755.407258640458,2,8,18,5,17,58,28.762,35.186,28.0,36.0
79,Dro,-38,0.0114988104678826,0.0783108643933386,0.0019825535289452,4331.075042610011,17804.87899338118,2,9,23,8,23,66,30.384,35.553,28.0,33.0
81,Fai della Paganella,-6,0.0197802197802197,0.1153846153846153,0.0065934065934065,2683.870458051184,16310.93429285905,3,14,23,9,24,88,30.323,45.036,25.0,36.0
83,Fiavè,-3,0.0047080979284369,0.091337099811676,0.0009416195856873,2815.6628698061313,14197.153929807417,3,11,28,7,24,53,36.159,39.123,33.0,43.0
85,Fierozzo / Vlarotz,-1,0.0063025210084033,0.0735294117647058,0.0021008403361344,3307.4361413242123,16053.094442339032,3,10,24,4,23,71,22.445,43.731,23.0,41.0
87,Folgaria,14,0.0234995236583042,0.1622737376945062,0.0139726897427754,2786.1911227275723,14260.396414214676,0,9,24,4,23,59,28.554,36.941,29.0,39.0
89,Fornace,-5,0.0053191489361702,0.0972644376899696,0.0007598784194528,5986.048283310791,20817.99640898548,5,19,34,9,38,88,12.743,38.031,15.0,33.0
90,Frassilongo / Garait,0,0.0,0.0735294117647058,0.0,4606.342466403745,18940.055107317137,5,16,27,7,28,80,18.159,42.669,19.0,37.0
91,Garniga Terme,-3,0.0076530612244897,0.0510204081632653,0.0,3289.69964719041,18347.16565561225,2,8,19,3,29,70,21.551,34.596,19.0,30.0
92,Giovo,-29,0.013095238095238,0.0928571428571428,0.0007936507936507,5258.573344393354,20716.760509231208,6,17,37,8,41,98,14.967,36.183,16.0,30.0
93,Giustino,3,0.0040268456375838,0.0711409395973154,0.0040268456375838,3509.3038069477275,11474.786123395636,8,12,19,10,16,37,56.245,61.619,54.0,62.0
95,Grigno,115,0.0996112730806608,0.1564625850340136,0.0777453838678328,1595.8558811028947,11381.706895821333,1,16,18,12,21,37,49.046,63.158,41.0,56.0
97,Imer,-15,0.0332197614991482,0.0877342419080068,0.0102214650766609,2112.991790212449,6664.330640805619,2,4,4,2,4,6,86.924,95.199,94.0,98.0
98,Isera,-14,0.0086799276672694,0.050632911392405,0.0018083182640144,9739.269484541204,25714.70629074827,8,18,28,14,34,67,24.516,34.57,21.0,27.0
102,Lavarone,25,0.037910699241786,0.181128896377422,0.029486099410278,2317.069368972439,12798.422712284388,0,7,18,2,18,54,31.79,40.914,33.0,41.0
103,Lavis,-132,0.030033980050422,0.1319741313164529,0.0077825276772991,7660.385465781817,25798.53085302689,4,20,48,11,55,114,10.491,33.978,11.0,26.0
229,Ledro,-17,0.0089336628017487,0.1851359057213457,0.0028511689792815,1768.739373929302,10798.590960147532,0,3,10,1,10,31,40.096,56.215,43.0,54.0
104,Levico Terme,-24,0.0096666253563018,0.1539224191349609,0.0033461395464121,4446.938663012364,18376.113723353104,6,23,40,9,41,75,21.116,36.962,20.0,41.0
106,Livo,-2,0.0076335877862595,0.104325699745547,0.0025445292620865,2306.5009811569303,12053.393788586423,7,23,34,12,35,48,48.243,61.624,44.0,56.0
108,Lona-Lases,-14,0.0160550458715596,0.0871559633027523,0.0,5191.172003306146,20217.311571144375,6,19,33,9,35,88,15.62,38.749,17.0,35.0
109,Luserna / Lusérn,0,0.0297397769516728,0.1672862453531598,0.0148698884758364,2004.6354705490871,11868.395668075713,0,5,13,1,13,48,35.831,44.408,36.0,46.0
243,Madruzzo,-23,0.0091587516960651,0.0851424694708276,0.0006784260515603,4428.661966680624,20155.817295267116,2,9,23,5,36,89,17.618,34.23,17.0,32.0
110,Malé,-9,0.0084745762711864,0.1333630686886708,0.0022301516503122,2719.9698126260337,11462.354018340746,7,17,30,13,26,52,55.157,64.488,50.0,59.0
112,Massimeno,0,0.0,0.0486111111111111,0.0,3290.3848787964307,10390.20747859934,8,12,17,9,16,33,57.209,62.583,56.0,64.0
113,Mazzin / Mazin,-2,0.0067453625632377,0.0893760539629005,0.0016863406408094,1628.469829226348,7665.3831700350775,4,5,9,5,9,13,76.969,84.465,81.0,87.0
114,Mezzana,5,0.0125284738041002,0.1366742596810934,0.0091116173120728,1711.6336508351717,9996.273431983069,6,12,18,10,18,42,65.301,74.632,58.0,67.0
115,Mezzano,-36,0.0313479623824451,0.0946708463949843,0.0043887147335423,1740.9428697174576,6461.985529224376,2,4,4,3,4,6,88.228,96.006,95.0,100.0
116,Mezzocorona,-209,0.0585357013410656,0.1332004349401957,0.0103298296484233,6085.280782387706,22597.785075000276,6,18,34,12,50,105,20.347,37.008,16.0,27.0
117,Mezzolombardo,-269,0.0479535323517492,0.1511549371876266,0.0058084560313386,5711.178236085434,21827.738534599637,9,19,39,14,52,101,19.018,37.859,17.0,28.0
118,Moena / Moena,71,0.0375569044006069,0.1695751138088012,0.0322458270106221,1338.159529584338,8224.442986252776,3,9,12,5,12,16,68.638,73.929,72.0,77.0
120,Molveno,-9,0.0098566308243727,0.1926523297491039,0.0008960573476702,2050.772013959264,13051.86751645455,3,7,20,5,22,67,41.109,44.147,37.0,43.0
123,Mori,-91,0.0128858255918489,0.0945959444610928,0.0018979122964738,5431.219391507773,20795.520486826845,7,20,27,12,29,64,29.971,36.004,26.0,32.0
124,Nago-Torbole,-9,0.0236331569664903,0.1111111111111111,0.0102292768959435,5130.972679341152,18303.282567997318,4,14,30,5,26,49,24.761,40.331,25.0,34.0
127,Nogaredo,-13,0.0092009685230024,0.0629539951573849,0.0014527845036319,9926.591075550316,27485.397106249635,10,17,28,12,36,73,24.681,32.188,18.0,27.0
128,Nomi,-12,0.0153022188217291,0.0765110941086457,0.0030604437643458,7821.293872858652,24540.565609093486,9,17,31,13,35,69,19.303,27.972,18.0,30.0
129,Novaledo,13,0.0191256830601092,0.075591985428051,0.0154826958105646,3947.2287191894566,18415.994492910475,6,20,36,17,39,70,25.808,41.737,23.0,42.0
253,Novella,-54,0.0217270194986072,0.1192200557103064,0.0033426183844011,2525.9722706587836,12624.185635687922,9,23,34,14,35,48,44.765,59.162,42.0,53.0
130,Ospedaletto,10,0.0279187817258883,0.0799492385786802,0.0203045685279187,2707.042257925417,14041.8591649083,10,17,21,15,24,42,41.844,55.265,35.0,50.0
131,Ossana,-2,0.0072463768115942,0.1328502415458937,0.002415458937198,1700.773248982351,9150.83654104319,4,10,15,8,15,30,70.566,79.897,64.0,72.0
133,Palù del Fersina / Palai en Bernstol,-2,0.0120481927710843,0.0542168674698795,0.0,2889.0173658217473,13993.554801470153,4,9,24,5,21,58,25.137,45.101,28.0,44.0
134,Panchià,-14,0.0171358629130966,0.0587515299877601,0.0,3116.059700867066,11389.46099138328,6,9,14,6,13,26,55.253,60.589,57.0,63.0
136,Peio,-6,0.0043787629994526,0.1340996168582375,0.0005473453749315,827.916647929811,7062.709341698346,0,5,9,3,10,17,81.84,91.17,75.0,84.0
137,Pellizzano,1,0.0012870012870012,0.1171171171171171,0.0012870012870012,1783.146477605905,9593.19015856246,4,11,16,9,16,36,68.742,78.073,61.0,70.0
138,Pelugo,-2,0.010178117048346,0.0483460559796437,0.0025445292620865,2962.942504412121,11991.763490811132,11,16,22,12,21,35,48.312,58.021,46.0,57.0
139,Pergine Valsugana,-92,0.0088433791016988,0.1722597160809867,0.0022806609262276,5891.170615777874,22424.9245670843,9,20,47,16,56,97,11.373,39.341,12.0,30.0
142,Pieve Tesino,2,0.0124031007751937,0.0868217054263565,0.0077519379844961,1997.8915400389374,11089.13105597657,5,14,17,10,19,33,50.229,63.032,44.0,59.0
234,Pieve di Bono-Prezzo,6,0.0167949615115465,0.0867739678096571,0.0104968509447165,1876.1496099334565,9774.295443587083,4,9,21,5,17,28,57.078,67.798,57.0,68.0
143,Pinzolo,23,0.019639407598197,0.1860914359304571,0.013522215067611,2570.494391739766,10076.09875638738,8,12,17,9,16,36,57.812,62.943,56.0,63.0
144,Pomarolo,-29,0.0127205580631924,0.0365203118588428,0.0004103405826836,10014.404496358564,25757.689503368365,10,18,28,12,34,72,21.944,31.204,22.0,28.0
244,Porte di Rendena,-4,0.0033955857385398,0.0945104697226938,0.0005659309564233,2577.64146943131,11961.605912093575,8,19,22,14,23,37,45.711,55.58,43.0,54.0
230,Predaia,-81,0.0139767544504928,0.1391790495806973,0.0010298661174047,2547.995460425023,13353.730392212392,2,21,39,5,38,62,34.817,50.466,34.0,45.0
147,Predazzo,-21,0.0144060283687943,0.2103280141843971,0.0048758865248226,1619.4055215656406,9279.69699888046,4,9,14,6,16,23,62.29,65.425,63.0,67.0
245,Primiero San Martino di Castrozza,-28,0.0512428298279158,0.2021032504780114,0.022944550669216,680.2085288686835,6117.219439979361,0,2,4,1,5,14,85.776,91.854,85.0,95.0
150,Rabbi,-2,0.0014925373134328,0.1328358208955224,0.0,1335.7125994326648,9278.267038548018,3,10,20,6,18,37,61.906,71.204,57.0,66.0
153,Riva del Garda,-76,0.0236238272860856,0.2005199502656267,0.0096642929806714,4338.503762983206,15149.194129480433,3,11,26,4,25,44,31.609,41.319,32.0,39.0
155,Romeno,-49,0.0366642703091301,0.102803738317757,0.0007189072609633,2856.1103036332706,12951.893766790905,9,16,31,11,30,47,45.053,58.553,40.0,51.0
156,Roncegno Terme,9,0.0120440467997247,0.0722642807983482,0.0075705437026841,3686.457860883357,15991.331770015197,9,18,29,17,34,57,31.269,47.198,28.0,47.0
157,Ronchi Valsugana,-6,0.0131291028446389,0.0547045951859956,0.0,3725.3727413302486,14556.496258211278,9,18,26,11,26,53,34.645,50.173,32.0,47.0
135,Ronzo-Chienis,-6,0.008080808080808,0.0838383838383838,0.001010101010101,3179.2322891177037,14351.216874023854,1,11,22,1,21,42,30.743,35.54,32.0,39.0
159,Ronzone,-28,0.0801781737193764,0.0801781737193764,0.0089086859688195,3977.5974853176244,12637.308129122575,7,14,27,8,23,44,49.527,61.607,45.0,56.0
161,Rovereto,152,0.0200200702458605,0.2273206221776216,0.0119167084796788,5112.683087054693,19823.1252210287,9,18,27,12,34,70,26.161,39.089,20.0,30.0
160,Roverè della Luna,-164,0.1211009174311926,0.1131498470948012,0.0103975535168195,3389.807168638658,16813.755280842946,3,13,29,4,27,84,24.51,40.916,25.0,34.0
162,Ruffrè-Mendola,-47,0.1175059952038369,0.0887290167865707,0.0023980815347721,1882.078101191803,10535.848859369637,6,9,22,8,16,39,53.369,62.666,49.0,60.0
163,Rumo,-3,0.0136476426799007,0.1203473945409429,0.0049627791563275,1455.5091331650701,9435.83762616921,1,10,27,4,23,41,56.119,69.5,54.0,66.0
164,Sagron Mis,-29,0.1843575418994413,0.0391061452513966,0.0111731843575419,586.5458821971788,5030.604671065266,0,2,4,0,4,4,103.887,109.569,105.0,112.0
165,Samone,7,0.02367941712204,0.0728597449908925,0.0182149362477231,3637.118510878401,13000.921161359593,10,17,21,16,22,38,42.506,55.603,38.0,55.0
250,San Giovanni di Fassa / Sèn Jan,17,0.0156722573549628,0.2543304921638713,0.0101732196865548,1188.8173865393492,7348.96706657801,5,6,10,5,10,15,73.918,81.113,78.0,83.0
231,San Lorenzo Dorsino,-6,0.0038387715930902,0.1074856046065259,0.0,2203.201079903655,13632.654813335917,2,9,23,5,23,62,35.598,45.913,32.0,43.0
167,San Michele all'Adige,-213,0.0690434345970374,0.1144865679136329,0.0077830780818478,6564.455993778075,22930.645814600786,6,19,36,12,49,106,15.923,36.073,17.0,26.0
168,Sant'Orsola Terme,-8,0.0107816711590296,0.0763701707097933,0.0017969451931716,4237.07115633091,16711.21372840533,4,15,27,5,25,73,18.608,40.547,22.0,41.0
169,Sanzeno,-14,0.0217864923747276,0.1143790849673202,0.0032679738562091,3010.344390388429,14972.771828456045,10,24,38,16,40,63,38.953,53.427,34.0,46.0
170,Sarnonico,-26,0.0578616352201257,0.0955974842767295,0.0125786163522012,3798.533941527218,12976.184791112371,9,15,28,9,26,45,48.722,60.647,43.0,56.0
171,Scurelle,6,0.0162481536189069,0.104874446085672,0.0103397341211226,4895.883739823683,15246.615099290904,12,18,24,17,24,44,38.911,53.023,33.0,49.0
172,Segonzano,-5,0.0050143266475644,0.075214899713467,0.0007163323782234,3452.279576846411,15885.910055382967,4,14,30,8,31,72,23.088,41.272,24.0,40.0
246,Sella Giudicarie,-13,0.0086415485655029,0.0905634289664708,0.0020739716557207,1778.6578113902406,9988.240298860073,3,12,24,8,23,32,51.182,62.438,50.0,61.0
173,Sfruz,-3,0.0081743869209809,0.0844686648501362,0.0,2906.4900599763682,11763.126285167993,2,16,35,5,29,47,39.654,53.997,42.0,54.0
176,Soraga di Fassa / Soraga,7,0.0245310245310245,0.15007215007215,0.0173160173160173,1721.1552482506609,8505.907990042466,3,8,12,6,12,16,70.862,76.689,74.0,79.0
177,Sover,-7,0.0089858793324775,0.0744544287548138,0.0,2416.0958735448266,12832.680040207133,3,12,27,3,24,41,32.032,48.198,33.0,49.0
179,Spiazzo,-4,0.0064257028112449,0.108433734939759,0.0016064257028112,2422.615558772536,11268.202938775588,10,16,22,12,20,34,49.896,59.084,48.0,59.0
180,Spormaggiore,-30,0.0237341772151898,0.0917721518987341,0.0,3342.066687251832,17946.364253213516,6,18,31,13,39,91,26.947,41.386,23.0,36.0
181,Sporminore,-7,0.0184397163120567,0.1035460992907801,0.0042553191489361,3691.78806710669,16904.540575983738,8,21,36,9,35,84,26.276,41.323,24.0,37.0
182,Stenico,-7,0.0059931506849315,0.0890410958904109,0.0,2913.913905115498,14644.183189643818,5,13,32,8,32,62,32.083,43.434,30.0,41.0
183,Storo,151,0.0969308898211525,0.1788474276882314,0.0651357915654669,1349.036742436058,8950.398952333213,1,7,9,6,9,28,55.708,69.426,57.0,67.0
184,Strembo,-3,0.0049586776859504,0.0710743801652892,0.0,2958.8942848529314,11033.801073026752,9,13,19,12,18,35,53.007,59.388,51.0,61.0
188,Telve,-12,0.007399577167019,0.0692389006342494,0.0005285412262156,4639.379619142532,15265.414220568555,12,18,24,14,24,54,37.986,52.098,34.0,48.0
189,Telve di Sopra,-3,0.005050505050505,0.0336700336700336,0.0,4576.4350015034015,14028.146734857824,11,18,24,13,23,47,39.244,52.341,36.0,49.0
190,Tenna,-8,0.0076190476190476,0.0495238095238095,0.0,6079.147415128828,21546.456023501,5,20,43,10,46,80,17.6,35.852,17.0,38.0
191,Tenno,-11,0.0115694164989939,0.0603621730382293,0.0030181086519114,4502.612502312464,14908.375293671474,2,9,23,4,18,47,30.233,41.432,34.0,43.0
193,Terragnolo,-5,0.007132667617689,0.0513552068473609,0.0,3239.7008681789375,14605.117222442626,0,12,19,3,16,40,33.115,35.432,33.0,40.0
251,Terre d'Adige,-65,0.0226377952755905,0.0547900262467191,0.0006561679790026,6866.899378489155,24801.360576266525,5,21,44,10,54,113,13.017,34.535,13.0,26.0
195,Terzolas,-3,0.0077519379844961,0.0713178294573643,0.0015503875968992,3061.839110320023,12181.334089106422,8,18,34,13,28,51,53.327,63.646,48.0,58.0
196,Tesero,-19,0.0207765667574931,0.1532697547683923,0.0071525885558583,2421.468080209722,10903.770499093065,6,9,13,6,13,28,55.025,58.529,58.0,61.0
199,Tione di Trento,12,0.0131183383438097,0.2150860890953812,0.0081989614648811,2437.1164093444,12049.312780229464,6,19,25,13,25,39,43.502,54.374,41.0,52.0
200,Ton,-27,0.0235383447228549,0.0971905846621108,0.0015186028853454,3481.666150890349,16484.050203138646,5,20,40,11,34,84,27.087,42.552,25.0,38.0
202,Torcegno,-3,0.0044182621502209,0.06480117820324,0.0,3643.3716600766434,13454.92824423567,9,17,24,12,24,44,36.955,51.067,35.0,50.0
203,Trambileno,-3,0.0115803814713896,0.0429155313351498,0.0047683923705722,12019.602246793547,24051.376708559284,7,16,26,9,28,63,24.887,35.697,25.0,30.0
247,Tre Ville,-4,0.0115523465703971,0.0722021660649819,0.0043321299638989,2538.5345111126794,13197.031908508738,6,19,27,11,29,41,38.865,50.241,36.0,47.0
205,Trento,-310,0.027255138852513,0.3174387266290986,0.0123180385762442,3702.6191769996376,16446.88151583664,2,25,51,11,60,110,26.161,40.172,20.0,34.0
232,Valdaone,-3,0.0131004366812227,0.0506550218340611,0.005240174672489,1774.9060499546215,9281.721615157507,4,9,19,5,12,26,58.55,68.624,59.0,69.0
209,Valfloriana,-10,0.0214592274678111,0.055793991416309,0.0,2066.7906090848983,11627.442658360247,1,12,21,5,20,41,38.509,49.575,40.0,51.0
210,Vallarsa,-8,0.0145560407569141,0.0778748180494905,0.0043668122270742,2012.9856728597126,12120.946315344358,0,2,12,0,12,27,40.363,49.655,40.0,46.0
248,Vallelaghi,-7,0.0102554179566563,0.0756578947368421,0.0044504643962848,4923.555075511216,21556.416149841578,1,9,33,6,42,96,19.159,31.256,19.0,30.0
213,Vermiglio,11,0.0334980779791323,0.1455244371224602,0.0197693574958813,1142.9430052214752,8253.339030162068,3,8,13,6,13,24,74.505,83.214,67.0,75.0
216,Vignola-Falesina,6,0.0552486187845303,0.0773480662983425,0.0441988950276243,4201.548472305577,16860.85588682545,3,16,33,2,23,73,19.095,42.036,21.0,40.0
222,Villa Lagarina,-21,0.0090838307812094,0.059693745133662,0.0018167661562418,12405.219905921964,31653.05439254163,10,19,27,12,39,78,22.881,31.183,17.0,26.0
249,Ville d'Anaunia,-31,0.0082400169025987,0.1183181914219311,0.000845129938728,3022.3804282105343,14270.134273915,4,25,41,10,40,59,37.8,52.621,36.0,49.0
254,Ville di Fiemme,-79,0.0391040242976461,0.0895975702353834,0.0045558086560364,3063.548861636601,10639.91515894821,4,8,11,5,11,32,52.931,55.884,55.0,58.0
224,Volano,-22,0.0151216305062458,0.0854700854700854,0.0039447731755424,8891.77974784818,25094.177574036526,9,17,30,12,33,69,20.633,29.018,19.0,30.0
226,Ziano di Fiemme,-8,0.0295959021058622,0.1195219123505976,0.012521343198634,2469.1998049787057,10457.097305875988,4,9,14,7,14,25,58.06,60.858,57.0,63.0
