Codice,Comune_norm,saldo_netto,intensita_pendolarismo,autocontenimento_pc,attrattivita_pc,out_Totale,in_Totale,A_km_beta1_5,A_time,R25_km,R50_km,T25_min,T50_min,neighbors_km_le_10,neighbors_km_le_20,neighbors_km_le_30,neighbors_min_le_15,neighbors_min_le_30,neighbors_min_le_45,id_x,comune_norm_x,inv_R50_km,saldo_netto_rank,saldo_netto_pct,intensita_pendolarismo_rank,intensita_pendolarismo_pct,autocontenimento_pc_rank,autocontenimento_pc_pct,attrattivita_pc_rank,attrattivita_pc_pct,A_km_beta1_5_rank,A_km_beta1_5_pct,R50_km_rank,R50_km_pct,T50_min_rank,T50_min_pct,neighbors_km_le_20_rank,neighbors_km_le_20_pct,neighbors_min_le_30_rank,neighbors_min_le_30_pct,id_y,comune_norm_y,lat,lon
1,Ala,-47,0.0226213481868818,0.1367511651699443,0.0086393088552915,123,76,2777.396078632386,15333.765239119475,36.717,45.396,31.0,39.0,1,9,19,3,18,40,1,Ala,0.0220283725438364,147.0,88.85542168674698,47.0,28.3132530120482,38.0,22.89156626506024,44.0,26.506024096385545,100.0,60.24096385542169,70.0,42.16867469879519,48.0,31.024096385542173,123.0,79.21686746987952,116.0,72.28915662650603,1,Ala,45.7625503,11.0051619
2,Albiano,-20,0.0133600534402137,0.1376085504342017,0.0,20,0,4597.508660729984,19025.926404812453,17.617,38.993,18.0,34.0,2,15,36,9,36,91,2,Albiano,0.0256456287025876,119.0,71.6867469879518,78.0,46.98795180722892,37.0,22.289156626506024,141.0,92.46987951807228,37.0,22.289156626506024,37.0,22.289156626506024,29.0,18.373493975903614,77.0,48.19277108433735,29.0,18.373493975903614,2,Albiano,46.1443766,11.1940028
3,Aldeno,-28,0.0112923462986198,0.0922208281053952,0.001254705144291,32,4,5898.445125681148,23814.499298477403,12.683,27.198,14.0,26.0,5,17,39,12,41,91,3,Aldeno,0.0367674093683359,136.0,82.53012048192771,99.0,59.63855421686747,86.0,51.80722891566265,117.0,70.48192771084338,18.0,10.843373493975903,1.0,0.6024096385542169,1.0,1.8072289156626504,50.0,34.33734939759036,15.0,9.63855421686747,3,Aldeno,45.980792,11.0915338
235,Altavalle,-3,0.0080197409006785,0.095619987661937,0.0030845157310302,8,5,4738.768503638266,17108.24434134538,23.903,40.582,25.0,37.0,4,17,32,7,27,79,235,Altavalle,0.0246414666600956,54.0,36.14457831325301,128.0,77.10843373493977,80.0,48.19277108433735,83.0,50.0,32.0,19.27710843373494,46.0,27.710843373493976,40.0,25.602409638554217,50.0,34.33734939759036,64.0,39.75903614457831,235,Altavalle,46.1806718,11.2331619
236,Altopiano della Vigolana,-23,0.008811435284903,0.0791071078911298,0.0021539064029763,34,11,5747.1963649529225,20678.69915300697,12.345,27.887,14.0,29.0,2,16,48,6,47,83,236,Altopiano della Vigolana,0.0358590024025531,129.0,78.3132530120482,118.0,71.08433734939759,112.0,67.46987951807229,97.0,58.43373493975904,20.0,12.048192771084338,3.0,1.8072289156626504,14.0,8.433734939759036,65.0,42.46987951807229,11.0,6.626506024096386,236,Altopiano della Vigolana,46.0054222,11.199894
237,Amblar-Don,-14,0.0329067641681901,0.1206581352833638,0.0036563071297989,16,2,2809.7485500341963,11421.753290551793,47.899,60.523,46.0,57.0,9,15,28,8,22,42,237,Amblar-Don,0.0165226442839912,109.0,66.86746987951807,28.0,16.867469879518072,48.0,28.915662650602407,75.0,45.18072289156627,97.0,58.43373493975904,117.0,70.48192771084338,113.0,68.97590361445783,77.0,48.19277108433735,103.0,62.951807228915655,237,Amblar-Don,46.3950466,11.1466795
5,Andalo,7,0.0057995028997514,0.2245236122618061,0.0057995028997514,0,7,2309.442118816465,14038.943387583,36.47,46.181,32.0,42.0,4,10,23,5,25,76,5,Andalo,0.0216539269396505,22.0,13.855421686746988,147.0,88.55421686746988,6.0,3.614457831325301,59.0,35.54216867469879,121.0,72.89156626506023,74.0,44.57831325301205,66.0,40.06024096385542,116.0,71.6867469879518,75.0,46.68674698795181,5,Andalo,46.1640385,11.0025291
6,Arco,39,0.0185404339250493,0.2254156100309946,0.0103691180614257,145,184,4664.986973156226,16417.88719893615,32.257,35.889,33.0,39.0,4,11,25,5,25,49,6,Arco,0.0278636908244866,8.0,4.819277108433735,59.0,35.54216867469879,5.0,3.0120481927710845,32.0,19.27710843373494,33.0,19.879518072289155,26.0,15.66265060240964,48.0,31.024096385542173,109.0,67.46987951807229,75.0,46.68674698795181,6,Arco,45.9180235,10.8860199
7,Avio,23,0.0579462102689486,0.1616136919315403,0.0317848410757946,107,130,2273.880642445744,14727.407551492444,40.363,49.141,31.0,39.0,1,2,12,1,15,41,7,Avio,0.0203496062351193,11.0,6.927710843373494,13.0,7.83132530120482,23.0,13.855421686746988,7.0,4.216867469879518,125.0,75.30120481927712,77.0,46.3855421686747,48.0,31.024096385542173,161.0,98.49397590361446,138.0,84.03614457831326,7,Avio,45.7352758,10.9393404
9,Baselga di Pinè,10,0.0117970900511207,0.1189539913488006,0.0068816358631537,25,35,4431.3160323407765,18242.263619779827,16.79,40.522,18.0,36.0,4,20,30,8,28,83,9,Baselga di Pinè,0.0246779527170425,19.0,11.74698795180723,93.0,56.024096385542165,53.0,31.92771084337349,54.0,32.53012048192771,41.0,24.69879518072289,44.0,26.506024096385545,35.0,22.289156626506024,15.0,11.44578313253012,58.0,36.44578313253012,9,Baselga di Pinè,46.1298616,11.2440473
11,Bedollo,-9,0.0074779061862678,0.0591434398368456,0.000679809653297,10,1,3051.547281719816,14127.02411500143,24.014,44.71,27.0,45.0,3,16,27,3,23,53,11,Bedollo,0.0223663609930664,97.0,59.337349397590366,135.0,81.32530120481928,145.0,87.34939759036145,131.0,78.91566265060241,82.0,49.39759036144578,67.0,40.36144578313253,74.0,44.87951807228915,65.0,42.46987951807229,91.0,58.13253012048193,11,Bedollo,46.1651119,11.2999856
13,Besenello,-21,0.009090909090909,0.0741818181818181,0.0007272727272727,23,2,6624.632887126992,23141.28042648058,15.905,27.69,14.0,28.0,6,17,33,12,38,81,13,Besenello,0.0361141206211628,120.0,73.19277108433735,113.0,68.07228915662651,124.0,74.69879518072288,128.0,77.10843373493977,13.0,7.83132530120482,2.0,1.2048192771084338,11.0,7.228915662650602,50.0,34.33734939759036,25.0,15.66265060240964,13,Besenello,45.9416864,11.1101855
15,Bieno,-4,0.0133928571428571,0.0558035714285714,0.0022321428571428,5,1,2300.8488098712432,12502.307377965764,45.502,58.599,39.0,55.0,10,17,20,14,22,36,15,Bieno,0.0170651376303349,67.0,41.86746987951807,77.0,46.3855421686747,147.0,88.55421686746988,95.0,57.22891566265061,124.0,74.69879518072288,109.0,65.66265060240963,107.0,64.7590361445783,50.0,34.33734939759036,103.0,62.951807228915655,15,Bieno,46.0805682,11.5567877
17,Bleggio Superiore,56,0.0459016393442622,0.0990163934426229,0.041311475409836,7,63,2614.636052895414,13481.763808943815,36.307,43.438,34.0,44.0,4,11,31,6,27,48,17,Bleggio Superiore,0.0230213177402274,7.0,4.216867469879518,20.0,12.048192771084338,76.0,45.78313253012048,5.0,3.0120481927710845,107.0,64.45783132530121,62.0,37.34939759036144,72.0,43.67469879518072,109.0,67.46987951807229,64.0,39.75903614457831,17,Bleggio Superiore,46.0271964,10.8216064
18,Bocenago,2,0.0100502512562814,0.0829145728643216,0.007537688442211,1,3,2749.408546654976,10909.462357045964,53.241,59.211,52.0,62.0,9,12,19,11,18,35,18,Bocenago,0.0168887537788586,34.0,20.783132530120483,106.0,63.85542168674698,108.0,65.06024096385542,50.0,30.120481927710845,101.0,60.8433734939759,113.0,68.07228915662651,130.0,79.51807228915662,99.0,62.34939759036144,116.0,72.28915662650603,18,Bocenago,46.1184425,10.7588427
21,Bondone,-13,0.0702028081123244,0.0655226209048362,0.0249609984399376,29,16,1054.4716797184055,7409.087443882115,66.086,79.439,69.0,80.0,0,2,7,1,7,12,21,Bondone,0.0125882752804038,106.0,64.45783132530121,8.0,4.819277108433735,138.0,83.13253012048193,9.0,5.421686746987952,161.0,96.98795180722892,154.0,92.7710843373494,156.0,93.97590361445783,161.0,98.49397590361446,159.0,96.0843373493976,21,Bondone,45.8060446,10.5496095
238,Borgo Chiese,167,0.1168963757018887,0.1485451761102603,0.1010719754977029,31,198,1617.226042668938,9482.25765596679,62.168,63.471,62.0,63.0,4,6,13,5,12,28,238,Borgo Chiese,0.0157552267964897,1.0,0.6024096385542169,4.0,2.409638554216868,30.0,18.072289156626507,1.0,0.6024096385542169,150.0,90.36144578313254,135.0,81.32530120481928,135.0,82.53012048192771,149.0,90.06024096385542,147.0,89.7590361445783,238,Borgo Chiese,45.8896544,10.6002372
252,Borgo d'Anaunia,-89,0.0492788461538461,0.1554487179487179,0.0068108974358974,106,17,2305.5995208131426,11400.092336852424,50.735,62.981,46.0,58.0,7,11,24,9,28,45,252,Borgo d'Anaunia,0.0158778044172051,158.0,95.18072289156626,18.0,10.843373493975903,25.0,15.060240963855422,55.0,33.13253012048193,123.0,74.09638554216868,128.0,77.10843373493977,117.0,71.3855421686747,109.0,67.46987951807229,58.0,36.44578313253012,252,Borgo d'Anaunia,46.4357411,11.144426
239,Borgo Lares,5,0.0126050420168067,0.0840336134453781,0.0098039215686274,2,7,2839.9914773606306,12917.07024672579,41.526,51.757,40.0,52.0,5,18,27,12,27,39,239,Borgo Lares,0.0193210580211372,28.0,17.16867469879518,87.0,52.40963855421686,106.0,63.85542168674698,40.0,24.09638554216868,94.0,56.62650602409639,86.0,51.80722891566265,96.0,58.43373493975904,34.0,25.0,64.0,39.75903614457831,239,Borgo Lares,46.0346988,10.7518837
22,Borgo Valsugana,88,0.0272167311273456,0.1753330468414267,0.0199111875089528,51,139,3380.987371557683,15266.284008093482,34.318,50.209,29.0,48.0,12,21,27,16,32,57,22,Borgo Valsugana,0.0199167479933876,5.0,3.0120481927710845,37.0,22.289156626506024,18.0,10.843373493975903,12.0,7.228915662650602,70.0,42.16867469879519,81.0,48.795180722891565,84.0,50.90361445783133,10.0,7.228915662650602,45.0,28.3132530120482,22,Borgo Valsugana,46.0531899,11.4559477
25,Brentonico,-22,0.0079365079365079,0.1001984126984127,0.0012400793650793,27,5,3534.0366900797576,14816.09521350509,29.41,39.5,33.0,39.0,1,14,23,2,18,38,25,Brentonico,0.0253164556962025,124.0,75.90361445783132,129.0,77.71084337349397,74.0,44.57831325301205,118.0,71.08433734939759,63.0,37.95180722891566,41.0,24.69879518072289,48.0,31.024096385542173,84.0,53.31325301204819,116.0,72.28915662650603,25,Brentonico,45.81853,10.9532032
26,Bresimo,-3,0.012,0.052,0.0,3,0,1912.78999046783,9963.308623258228,50.691,63.057,52.0,63.0,2,15,33,4,24,41,26,Bresimo,0.015858667554752,54.0,36.14457831325301,92.0,55.42168674698795,154.0,92.7710843373494,141.0,92.46987951807228,136.0,81.92771084337349,130.0,78.3132530120482,135.0,82.53012048192771,77.0,48.19277108433735,81.0,51.50602409638554,26,Bresimo,46.4108447,10.9685805
29,Caderzone Terme,-1,0.0014471780028943,0.0911722141823444,0.0,1,0,2826.789289030827,10991.279567899215,54.043,59.873,52.0,62.0,9,12,19,10,16,35,29,Caderzone Terme,0.0167020192741302,44.0,27.40963855421687,162.0,97.59036144578312,89.0,53.6144578313253,141.0,92.46987951807228,95.0,57.22891566265061,116.0,69.87951807228916,130.0,79.51807228915662,99.0,62.34939759036144,128.0,79.81927710843374,29,Caderzone Terme,46.1293997,10.7567788
32,Calceranica al Lago,-6,0.0101375814627081,0.0847212165097755,0.002896451846488,10,4,6680.131588909851,22631.691580495382,17.484,30.72,17.0,33.0,5,21,48,10,51,83,32,Calceranica al Lago,0.0325520833333333,79.0,49.39759036144578,105.0,63.25301204819277,104.0,62.65060240963856,87.0,52.40963855421686,12.0,7.228915662650602,7.0,4.216867469879518,26.0,16.265060240963855,10.0,7.228915662650602,7.0,4.216867469879518,32,Calceranica al Lago,46.0049314,11.2420757
33,Caldes,-1,0.0009165902841429,0.1054078826764436,0.0,1,0,2481.0391855485896,11963.188758748602,51.895,63.333,47.0,57.0,7,19,33,12,32,51,33,Caldes,0.0157895567871409,44.0,27.40963855421687,164.0,98.79518072289156,66.0,39.75903614457831,141.0,92.46987951807228,113.0,68.07228915662651,134.0,80.72289156626506,113.0,68.97590361445783,24.0,17.16867469879518,45.0,28.3132530120482,33,Caldes,46.3653283,10.9433309
34,Caldonazzo,-10,0.0072202166064981,0.077359463641052,0.0023207839092315,19,9,5401.188314099314,20475.064174732117,19.951,33.0,19.0,36.0,5,18,44,9,50,78,34,Caldonazzo,0.0303030303030303,101.0,61.14457831325302,138.0,83.13253012048193,115.0,69.27710843373494,93.0,56.024096385542165,23.0,13.855421686746988,13.0,7.83132530120482,35.0,22.289156626506024,34.0,25.0,8.0,5.120481927710843,34,Caldonazzo,45.9914453,11.2621219
35,Calliano,-16,0.0139442231075697,0.0552788844621513,0.0029880478087649,22,6,7752.09258750264,24238.03046456618,16.684,28.469,15.0,27.0,8,17,33,13,37,78,35,Calliano,0.03512592644631,115.0,69.27710843373494,75.0,45.18072289156627,149.0,89.7590361445783,86.0,51.80722891566265,9.0,5.421686746987952,5.0,3.0120481927710845,6.0,4.819277108433735,50.0,34.33734939759036,28.0,16.867469879518072,35,Calliano,45.9351538,11.0942374
36,Campitello di Fassa / Ciampedel,3,0.0070621468926553,0.1271186440677966,0.0056497175141242,1,4,1480.800924041196,7299.840170053535,80.98,88.45,86.0,91.0,3,5,8,4,7,12,36,Campitello di Fassa / Ciampedel,0.0113058224985867,30.0,18.97590361445783,140.0,84.33734939759037,46.0,27.710843373493976,60.0,36.14457831325301,153.0,92.1686746987952,159.0,95.78313253012048,160.0,96.3855421686747,151.0,92.7710843373494,159.0,96.0843373493976,36,Campitello di Fassa / Ciampedel,46.4768,11.74146
37,Campodenno,-23,0.0164907651715039,0.104221635883905,0.0006596306068601,24,1,3690.468012389864,16724.329975890803,27.156,42.21,25.0,37.0,6,20,39,10,35,85,37,Campodenno,0.0236910684671878,129.0,78.3132530120482,65.0,39.1566265060241,69.0,41.566265060240966,134.0,80.72289156626506,58.0,34.93975903614458,58.0,34.93975903614458,40.0,25.602409638554217,15.0,11.44578313253012,33.0,21.385542168674696,37,Campodenno,46.2583461,11.0330205
38,Canal San Bovo,-18,0.0327645051194539,0.1481228668941979,0.0102389078498293,33,15,867.2510208334658,6226.559722543769,80.19,91.308,86.0,97.0,2,2,4,2,4,8,38,Canal San Bovo,0.0109519428746659,117.0,70.48192771084338,29.0,17.46987951807229,31.0,18.67469879518072,36.0,21.686746987951807,163.0,98.19277108433737,162.0,97.59036144578312,163.0,98.19277108433737,161.0,98.49397590361446,163.0,99.09638554216868,38,Canal San Bovo,46.1549698,11.7329934
39,Canazei / Cianacei,24,0.0195172059578839,0.2203389830508474,0.0159219311761684,7,31,1019.7326899959456,6581.10980435899,83.421,90.891,88.0,93.0,3,5,6,4,6,12,39,Canazei / Cianacei,0.0110021894356977,10.0,6.024096385542169,56.0,33.734939759036145,7.0,4.216867469879518,16.0,9.63855421686747,162.0,97.59036144578312,160.0,96.3855421686747,161.0,96.98795180722892,151.0,92.7710843373494,161.0,96.98795180722892,39,Canazei / Cianacei,46.476671,11.7705755
40,Capriana,-35,0.0633561643835616,0.0753424657534246,0.0017123287671232,36,1,1799.1413015124658,11297.383537854854,42.232,52.255,42.0,51.0,0,10,18,3,16,36,40,Capriana,0.0191369246962013,144.0,86.74698795180723,11.0,6.626506024096386,121.0,72.89156626506023,108.0,65.06024096385542,139.0,83.73493975903614,90.0,54.21686746987952,93.0,56.62650602409639,116.0,71.6867469879518,128.0,79.81927710843374,40,Capriana,46.2624529,11.3387549
42,Carisolo,3,0.0031612223393045,0.101159114857745,0.0031612223393045,0,3,3837.388961361344,10703.349050386158,58.303,63.113,57.0,64.0,7,10,18,9,15,34,42,Carisolo,0.0158445962004658,30.0,18.97590361445783,160.0,96.3855421686747,72.0,43.373493975903614,82.0,49.39759036144578,52.0,31.32530120481928,131.0,78.91566265060241,140.0,84.93975903614458,116.0,71.6867469879518,138.0,84.03614457831326,42,Carisolo,46.1693693,10.7617087
43,Carzano,-4,0.0115606936416184,0.0635838150289017,0.001926782273603,5,1,5292.709567284009,15351.715571278435,38.972,52.069,35.0,50.0,12,18,24,15,24,46,43,Carzano,0.019205285294513,67.0,41.86746987951807,96.0,57.831325301204814,141.0,84.93975903614458,101.0,60.8433734939759,24.0,14.457831325301203,88.0,53.01204819277109,90.0,54.81927710843374,34.0,25.0,81.0,51.50602409638554,43,Carzano,46.0729249,11.492189
45,Castel Condino,-5,0.0315315315315315,0.054054054054054,0.0045045045045045,6,1,1456.8754966178992,8592.114231676105,63.499,68.449,64.0,71.0,3,5,13,5,11,25,45,Castel Condino,0.0146094172303466,73.0,45.48192771084337,30.0,18.072289156626507,153.0,92.1686746987952,67.0,40.36144578313253,154.0,92.7710843373494,143.0,86.14457831325302,151.0,90.96385542168674,151.0,92.7710843373494,152.0,91.86746987951808,45,Castel Condino,45.914582,10.6030291
240,Castel Ivano,19,0.0180483328234934,0.0847353930865708,0.0119302539002753,20,39,3452.613984292572,14281.902013111638,40.572,54.684,34.0,52.0,11,17,21,17,24,45,240,Castel Ivano,0.0182868846463316,13.0,7.83132530120482,61.0,36.74698795180723,103.0,62.048192771084345,25.0,15.060240963855422,66.0,39.75903614457831,99.0,59.63855421686747,96.0,58.43373493975904,50.0,34.33734939759036,81.0,51.50602409638554,240,Castel Ivano,46.0674405,11.5228147
48,Castello Tesino,0,0.020671834625323,0.11541774332472,0.0103359173126615,12,12,1540.0232555781367,10126.88855798965,53.352,66.155,47.0,62.0,3,13,17,7,17,28,48,Castello Tesino,0.0151160154183357,37.0,24.09638554216868,52.0,31.32530120481928,57.0,34.33734939759036,34.0,20.48192771084337,152.0,91.56626506024097,141.0,84.93975903614458,130.0,79.51807228915662,94.0,57.831325301204814,125.0,75.90361445783132,48,Castello Tesino,46.0648314,11.6332197
47,Castello-Molina di Fiemme,-84,0.05,0.0896551724137931,0.0068965517241379,100,16,2879.0158222006303,11695.22937870106,48.435,51.867,50.0,54.0,4,9,15,7,15,45,47,Castello-Molina di Fiemme,0.0192800817475466,157.0,94.57831325301204,17.0,10.240963855421686,91.0,54.81927710843374,53.0,31.92771084337349,92.0,55.42168674698795,87.0,52.40963855421686,103.0,62.951807228915655,123.0,79.21686746987952,138.0,84.03614457831326,47,Castello-Molina di Fiemme,46.2817731,11.4348856
49,Castelnuovo,0,0.0261194029850746,0.0792910447761194,0.0130597014925373,14,14,5000.638721412964,16905.269169041192,37.179,51.291,31.0,47.0,12,18,24,16,29,52,49,Castelnuovo,0.0194965978436762,37.0,24.09638554216868,38.0,22.89156626506024,111.0,66.86746987951807,21.0,12.650602409638552,29.0,17.46987951807229,85.0,51.20481927710844,80.0,49.09638554216868,34.0,25.0,53.0,33.13253012048193,49,Castelnuovo,46.052822,11.493266
50,Cavalese,-55,0.0358910891089108,0.1923267326732673,0.0111386138613861,100,45,3155.6637320876307,11254.35294659361,50.679,54.558,53.0,57.0,5,9,14,8,16,36,50,Cavalese,0.0183291176362769,151.0,90.96385542168674,25.0,15.060240963855422,13.0,7.83132530120482,29.0,17.46987951807229,78.0,46.98795180722892,97.0,58.43373493975904,113.0,68.97590361445783,123.0,79.21686746987952,128.0,79.81927710843374,50,Cavalese,46.2912839,11.4603712
51,Cavareno,-59,0.0664893617021276,0.101063829787234,0.0070921985815602,67,8,3306.6969242022237,12970.581314255916,47.257,59.703,42.0,53.0,9,15,29,8,26,45,51,Cavareno,0.0167495770731789,152.0,91.56626506024097,10.0,6.024096385542169,73.0,43.97590361445783,52.0,31.32530120481928,73.0,43.97590361445783,115.0,69.27710843373494,99.0,60.54216867469879,77.0,48.19277108433735,69.0,43.07228915662651,51,Cavareno,46.4073278,11.1369671
52,Cavedago,-5,0.0126353790613718,0.0703971119133574,0.0018050541516245,6,1,2724.9996029135573,15405.554479888551,32.363,45.744,28.0,40.0,5,14,24,8,25,87,52,Cavedago,0.0218607904861839,73.0,45.48192771084337,86.0,51.80722891566265,134.0,80.72289156626506,106.0,63.85542168674698,102.0,61.44578313253012,72.0,43.373493975903614,56.0,34.93975903614458,84.0,53.31325301204819,75.0,46.68674698795181,52,Cavedago,46.1835267,11.0281496
53,Cavedine,-22,0.0086264100862641,0.0958858659588586,0.0006635700066357,24,2,3395.5451033115355,16733.296219026823,23.687,37.405,23.0,37.0,2,5,18,4,20,77,53,Cavedine,0.0267343937976206,124.0,75.90361445783132,121.0,72.89156626506023,79.0,47.59036144578313,133.0,80.12048192771084,68.0,40.963855421686745,33.0,19.879518072289155,40.0,25.602409638554217,151.0,92.7710843373494,112.0,68.07228915662651,53,Cavedine,45.9935135,10.9756441
54,Cavizzana,-1,0.0041666666666666,0.0666666666666666,0.0,1,0,2466.6218739544984,11614.220696860248,51.738,63.176,48.0,58.0,7,18,33,12,28,48,54,Cavizzana,0.0158287957452197,44.0,27.40963855421687,156.0,93.97590361445783,136.0,81.92771084337349,141.0,92.46987951807228,115.0,69.27710843373494,133.0,80.12048192771084,117.0,71.3855421686747,34.0,25.0,58.0,36.44578313253012,54,Cavizzana,46.3676008,10.9579527
241,Cembra Lisignago,-22,0.0104257167680278,0.1120764552562988,0.0004344048653344,23,1,4377.570542456093,17270.992244666835,22.574,40.746,23.0,35.0,3,16,30,6,27,74,241,Cembra Lisignago,0.0245422863593972,124.0,75.90361445783132,101.0,60.8433734939759,62.0,37.34939759036144,139.0,83.73493975903614,43.0,25.903614457831324,47.0,28.3132530120482,33.0,20.180722891566266,65.0,42.46987951807229,64.0,39.75903614457831,241,Cembra Lisignago,46.1751948,11.2224942
58,Cimone,-5,0.0069930069930069,0.0517482517482517,0.0,5,0,4606.271156551917,20964.99973128616,16.826,30.972,15.0,30.0,2,14,29,9,32,78,58,Cimone,0.0322872271729303,73.0,45.48192771084337,141.0,84.93975903614458,155.0,93.3734939759036,141.0,92.46987951807228,36.0,21.686746987951807,8.0,4.819277108433735,15.0,11.44578313253012,84.0,53.31325301204819,45.0,28.3132530120482,58,Cimone,45.978413,11.069868
59,Cinte Tesino,3,0.0145772594752186,0.0641399416909621,0.0116618075801749,1,4,1969.180898525006,10685.131866751728,51.484,64.287,46.0,61.0,3,14,17,9,18,30,59,Cinte Tesino,0.0155552444506665,30.0,18.97590361445783,71.0,42.77108433734939,140.0,84.33734939759037,27.0,16.265060240963855,135.0,81.32530120481928,137.0,82.53012048192771,126.0,76.80722891566265,84.0,53.31325301204819,116.0,72.28915662650603,59,Cinte Tesino,46.0571641,11.6141376
60,Cis,0,0.0132890365448504,0.0996677740863787,0.0066445182724252,2,2,2647.6303176638403,12810.487513827367,46.666,59.032,42.0,53.0,7,24,36,13,36,48,60,Cis,0.0169399647648732,37.0,24.09638554216868,79.0,47.59036144578313,75.0,45.18072289156627,56.0,33.734939759036145,106.0,63.85542168674698,110.0,66.26506024096386,99.0,60.54216867469879,4.0,3.0120481927710845,29.0,18.373493975903614,60,Cis,46.3995787,11.0029016
61,Civezzano,-22,0.0083210964268232,0.0655898188937836,0.0014684287812041,28,6,11507.029855010716,27173.0733382218,6.838,34.03,9.0,27.0,4,24,41,11,61,99,61,Civezzano,0.0293858360270349,124.0,75.90361445783132,124.0,74.69879518072288,137.0,82.53012048192771,113.0,68.07228915662651,3.0,1.8072289156626504,15.0,9.036144578313252,6.0,4.819277108433735,4.0,3.0120481927710845,1.0,0.6024096385542169,61,Civezzano,46.0883716,11.1800917
62,Cles,-24,0.0103438635728263,0.2433603578417668,0.0034945485043332,49,25,2808.766070500057,14444.414075924497,40.172,54.631,35.0,46.0,5,27,40,16,43,61,62,Cles,0.0183046255788837,132.0,79.81927710843374,102.0,61.44578313253012,3.0,1.8072289156626504,76.0,45.78313253012048,98.0,59.036144578313255,98.0,59.036144578313255,76.0,46.68674698795181,1.0,0.6024096385542169,13.0,7.83132530120482,62,Cles,46.3647143,11.0354393
228,Comano Terme,-8,0.0096418732782369,0.1401515151515151,0.0034435261707988,18,10,2936.2384632323847,15512.966142477631,30.002,40.85,26.0,39.0,4,13,32,9,31,72,228,Comano Terme,0.0244798041615667,90.0,56.024096385542165,109.0,65.66265060240963,35.0,21.084337349397597,77.0,46.3855421686747,88.0,53.01204819277109,48.0,28.915662650602407,48.0,31.024096385542173,94.0,57.831325301204814,50.0,30.42168674698795,228,Comano Terme,46.0348194,10.8700206
64,Commezzadura,-4,0.0059171597633136,0.1242603550295858,0.0009861932938856,5,1,1997.048683068272,10571.8290938873,61.876,71.206,55.0,64.0,7,14,22,10,21,50,64,Commezzadura,0.0140437603572732,67.0,41.86746987951807,146.0,87.95180722891565,47.0,28.3132530120482,121.0,72.89156626506023,133.0,80.12048192771084,149.0,89.7590361445783,140.0,84.93975903614458,84.0,53.31325301204819,107.0,65.66265060240963,64,Commezzadura,46.3214386,10.8387904
242,Contà,-8,0.0085775553967119,0.1200857755539671,0.0014295925661186,10,2,3672.942090793501,15994.462272369208,30.116,45.473,28.0,40.0,5,19,38,8,39,81,242,Contà,0.0219910716249202,90.0,56.024096385542165,122.0,73.49397590361446,50.0,30.120481927710845,115.0,69.27710843373494,60.0,36.14457831325301,71.0,42.77108433734939,56.0,34.93975903614458,24.0,17.16867469879518,20.0,13.253012048192772,242,Contà,46.2840768,11.0365207
68,Croviana,-3,0.0043478260869565,0.0884057971014492,0.0,3,0,3975.18558949795,12278.581183368602,56.01,65.341,50.0,59.0,8,16,30,12,26,52,68,Croviana,0.0153043265331109,54.0,36.14457831325301,155.0,93.3734939759036,96.0,57.831325301204814,141.0,92.46987951807228,50.0,30.120481927710845,139.0,83.73493975903614,121.0,73.79518072289156,65.0,42.46987951807229,69.0,43.07228915662651,68,Croviana,46.344879,10.9034648
71,Dambel,0,0.0095465393794749,0.1431980906921241,0.0047732696897374,2,2,2991.7691874259503,12361.91230283279,44.441,58.289,42.0,53.0,8,20,34,11,32,47,71,Dambel,0.017155895623531,37.0,24.09638554216868,110.0,66.26506024096386,34.0,20.48192771084337,64.0,38.55421686746988,85.0,51.20481927710844,106.0,63.85542168674698,99.0,60.54216867469879,15.0,11.44578313253012,45.0,28.3132530120482,71,Dambel,46.4054525,11.0928279
74,Denno,-21,0.0189768976897689,0.1171617161716171,0.0008250825082508,22,1,4018.9164318017138,17183.265348716166,28.189,43.546,25.0,37.0,6,17,41,14,39,85,74,Denno,0.0229642217425251,120.0,73.19277108433735,58.0,34.93975903614458,55.0,33.13253012048193,125.0,75.30120481927712,48.0,28.915662650602407,63.0,37.95180722891566,40.0,25.602409638554217,50.0,34.33734939759036,20.0,13.253012048192772,74,Denno,46.2748422,11.0482149
233,Dimaro Folgarida,-8,0.0076555023923444,0.1478468899521531,0.0019138755980861,12,4,1992.0418381955155,10731.24144345077,59.135,68.466,53.0,62.0,7,15,25,12,23,51,233,Dimaro Folgarida,0.0146057897350509,90.0,56.024096385542165,131.0,78.91566265060241,32.0,19.27710843373494,102.0,61.44578313253012,134.0,80.72289156626506,144.0,86.74698795180723,130.0,79.51807228915662,77.0,48.19277108433735,91.0,58.13253012048193,233,Dimaro Folgarida,46.3255867,10.8747857
78,Drena,-6,0.0172117039586919,0.072289156626506,0.0034423407917383,8,2,3702.5120578742863,16755.407258640458,28.762,35.186,28.0,36.0,2,8,18,5,17,58,78,Drena,0.0284203944750753,79.0,49.39759036144578,62.0,37.34939759036144,128.0,77.10843373493977,78.0,46.98795180722892,56.0,33.734939759036145,20.0,12.048192771084338,35.0,22.289156626506024,141.0,86.14457831325302,125.0,75.90361445783132,78,Drena,45.970053,10.9465026
79,Dro,-38,0.0114988104678826,0.0783108643933386,0.0019825535289452,48,10,4331.075042610011,17804.87899338118,30.384,35.553,28.0,33.0,2,9,23,8,23,66,79,Dro,0.0281270216296796,146.0,87.95180722891565,98.0,59.036144578313255,113.0,68.07228915662651,100.0,60.24096385542169,45.0,27.10843373493976,23.0,13.855421686746988,26.0,16.265060240963855,123.0,79.21686746987952,91.0,58.13253012048193,79,Dro,45.9613419,10.9108002
81,Fai della Paganella,-6,0.0197802197802197,0.1153846153846153,0.0065934065934065,12,6,2683.870458051184,16310.93429285905,30.323,45.036,25.0,36.0,3,14,23,9,24,88,81,Fai della Paganella,0.0222044586552979,79.0,49.39759036144578,54.0,32.53012048192771,58.0,34.93975903614458,57.0,34.33734939759036,105.0,63.25301204819277,68.0,40.963855421686745,35.0,22.289156626506024,84.0,53.31325301204819,81.0,51.50602409638554,81,Fai della Paganella,46.1784595,11.0695402
83,Fiavè,-3,0.0047080979284369,0.091337099811676,0.0009416195856873,4,1,2815.6628698061318,14197.153929807417,36.159,39.123,33.0,43.0,3,11,28,7,24,53,83,Fiavè,0.0255604120338419,54.0,36.14457831325301,152.0,91.56626506024097,88.0,53.01204819277109,122.0,73.49397590361446,96.0,57.831325301204814,39.0,23.49397590361446,68.0,41.86746987951807,109.0,67.46987951807229,81.0,51.50602409638554,83,Fiavè,46.0047212,10.8422511
85,Fierozzo / Vlarotz,-1,0.0063025210084033,0.0735294117647058,0.0021008403361344,2,1,3307.4361413242123,16053.094442339032,22.445,43.731,23.0,41.0,3,10,24,4,23,71,85,Fierozzo / Vlarotz,0.0228670737005785,44.0,27.40963855421687,144.0,86.74698795180723,125.0,75.6024096385542,98.0,59.036144578313255,72.0,43.373493975903614,64.0,38.55421686746988,61.0,37.95180722891566,116.0,71.6867469879518,91.0,58.13253012048193,85,Fierozzo / Vlarotz,46.1112856,11.3185822
87,Folgaria,14,0.0234995236583042,0.1622737376945062,0.0139726897427754,30,44,2786.1911227275723,14260.396414214676,28.554,36.941,29.0,39.0,0,9,24,4,23,59,87,Folgaria,0.0270701930104761,15.0,9.036144578313252,45.0,27.10843373493976,22.0,13.253012048192772,19.0,11.44578313253012,99.0,59.63855421686747,30.0,18.072289156626507,48.0,31.024096385542173,123.0,79.21686746987952,91.0,58.13253012048193,87,Folgaria,45.9139949,11.1770133
89,Fornace,-5,0.0053191489361702,0.0972644376899696,0.0007598784194528,6,1,5986.048283310791,20817.99640898548,12.743,38.031,15.0,33.0,5,19,34,9,38,88,89,Fornace,0.0262943388288501,73.0,45.48192771084337,148.0,89.1566265060241,77.0,46.3855421686747,127.0,76.50602409638554,17.0,10.240963855421686,35.0,21.084337349397597,26.0,16.265060240963855,24.0,17.16867469879518,25.0,15.66265060240964,89,Fornace,46.1186941,11.2074143
90,Frassilongo / Garait,0,0.0,0.0735294117647058,0.0,0,0,4606.342466403745,18940.055107317137,18.159,42.669,19.0,37.0,5,16,27,7,28,80,90,Frassilongo / Garait,0.0234362183318099,37.0,24.09638554216868,165.0,99.69879518072288,125.0,75.6024096385542,141.0,92.46987951807228,35.0,21.084337349397597,60.0,36.14457831325301,40.0,25.602409638554217,65.0,42.46987951807229,58.0,36.44578313253012,90,Frassilongo / Garait,46.0899914,11.2978635
91,Garniga Terme,-3,0.0076530612244897,0.0510204081632653,0.0,3,0,3289.69964719041,18347.16565561225,21.551,34.596,19.0,30.0,2,8,19,3,29,70,91,Garniga Terme,0.0289050757312984,54.0,36.14457831325301,132.0,79.51807228915662,157.0,94.57831325301204,141.0,92.46987951807228,75.0,45.18072289156627,19.0,11.44578313253012,15.0,11.44578313253012,141.0,86.14457831325302,53.0,33.13253012048193,91,Garniga Terme,46.0011193,11.086054
92,Giovo,-29,0.013095238095238,0.0928571428571428,0.0007936507936507,31,2,5258.573344393354,20716.760509231208,14.967,36.183,16.0,30.0,6,17,37,8,41,98,92,Giovo,0.0276372882292789,139.0,84.33734939759037,83.0,50.0,85.0,51.20481927710844,126.0,75.90361445783132,25.0,15.060240963855422,29.0,17.46987951807229,15.0,11.44578313253012,50.0,34.33734939759036,15.0,9.63855421686747,92,Giovo,46.1572015,11.1516093
93,Giustino,3,0.0040268456375838,0.0711409395973154,0.0040268456375838,0,3,3509.3038069477275,11474.786123395636,56.245,61.619,54.0,62.0,8,12,19,10,16,37,93,Giustino,0.0162287606095522,30.0,18.97590361445783,157.0,94.57831325301204,132.0,79.51807228915662,73.0,43.97590361445783,64.0,38.55421686746988,122.0,73.49397590361446,130.0,79.51807228915662,99.0,62.34939759036144,128.0,79.81927710843374,93,Giustino,46.1463198,10.7691045
95,Grigno,115,0.0996112730806608,0.1564625850340136,0.0777453838678328,45,160,1595.8558811028947,11381.706895821331,49.046,63.158,41.0,56.0,1,16,18,12,21,37,95,Grigno,0.0158333069444884,4.0,2.409638554216868,5.0,3.0120481927710845,24.0,14.457831325301203,2.0,1.2048192771084338,151.0,90.96385542168674,132.0,79.51807228915662,109.0,66.56626506024097,65.0,42.46987951807229,107.0,65.66265060240963,95,Grigno,46.0150837,11.6325633
97,Imer,-15,0.0332197614991482,0.0877342419080068,0.0102214650766609,27,12,2112.991790212449,6664.330640805619,86.924,95.199,94.0,98.0,2,4,4,2,4,6,97,Imer,0.0105043120200842,114.0,68.67469879518072,27.0,16.265060240963855,97.0,58.43373493975904,38.0,22.89156626506024,127.0,76.50602409638554,164.0,98.79518072289156,164.0,98.79518072289156,158.0,95.48192771084338,163.0,99.09638554216868,97,Imer,46.150539,11.7942486
98,Isera,-14,0.0086799276672694,0.050632911392405,0.0018083182640144,19,5,9739.269484541204,25714.70629074827,24.516,34.57,21.0,27.0,8,18,28,14,34,67,98,Isera,0.0289268151576511,109.0,66.86746987951807,119.0,71.6867469879518,159.0,95.78313253012048,105.0,63.25301204819277,6.0,3.614457831325301,18.0,10.843373493975903,6.0,4.819277108433735,34.0,25.0,39.0,24.69879518072289,98,Isera,45.8852977,11.0091965
102,Lavarone,25,0.037910699241786,0.181128896377422,0.029486099410278,10,35,2317.069368972439,12798.422712284388,31.79,40.914,33.0,41.0,0,7,18,2,18,54,102,Lavarone,0.0244415114630688,9.0,5.421686746987952,22.0,13.253012048192772,16.0,9.63855421686747,8.0,4.819277108433735,120.0,72.28915662650603,49.0,29.518072289156628,61.0,37.95180722891566,146.0,88.55421686746988,116.0,72.28915662650603,102,Lavarone,45.9367423,11.2742486
103,Lavis,-132,0.030033980050422,0.1319741313164529,0.0077825276772991,203,71,7660.385465781817,25798.53085302689,10.491,33.978,11.0,26.0,4,20,48,11,55,114,103,Lavis,0.0294308081699923,161.0,96.98795180722892,32.0,19.27710843373494,45.0,27.10843373493976,47.0,28.3132530120482,10.0,6.024096385542169,14.0,8.433734939759036,1.0,1.8072289156626504,15.0,11.44578313253012,4.0,2.409638554216868,103,Lavis,46.1397504,11.1115925
229,Ledro,-17,0.0089336628017487,0.1851359057213457,0.0028511689792815,32,15,1768.739373929302,10798.590960147532,40.096,56.215,43.0,54.0,0,3,10,1,10,31,229,Ledro,0.0177888463933113,116.0,69.87951807228916,116.0,69.87951807228916,15.0,9.036144578313252,88.0,53.01204819277109,143.0,86.14457831325302,104.0,62.65060240963856,103.0,62.951807228915655,160.0,96.3855421686747,154.0,93.3734939759036,229,Ledro,45.8887732,10.7309411
104,Levico Terme,-24,0.0096666253563018,0.1539224191349609,0.0033461395464121,51,27,4446.938663012364,18376.113723353104,21.116,36.962,20.0,41.0,6,23,40,9,41,75,104,Levico Terme,0.0270548130512418,132.0,79.81927710843374,108.0,65.06024096385542,26.0,15.66265060240964,79.0,47.59036144578313,40.0,24.09638554216868,31.0,18.67469879518072,61.0,37.95180722891566,7.0,4.819277108433735,15.0,9.63855421686747,104,Levico Terme,46.0116173,11.301007
106,Livo,-2,0.0076335877862595,0.104325699745547,0.0025445292620865,4,2,2306.5009811569303,12053.393788586423,48.243,61.624,44.0,56.0,7,23,34,12,35,48,106,Livo,0.0162274438530442,48.0,30.42168674698795,133.0,80.12048192771084,68.0,40.963855421686745,89.0,53.915662650602414,122.0,73.49397590361446,123.0,74.09638554216868,109.0,66.56626506024097,7.0,4.819277108433735,33.0,21.385542168674696,106,Livo,46.40469,11.019244
108,Lona-Lases,-14,0.0160550458715596,0.0871559633027523,0.0,14,0,5191.172003306146,20217.31157114437,15.62,38.749,17.0,35.0,6,19,33,9,35,88,108,Lona-Lases,0.0258071176030349,109.0,66.86746987951807,67.0,40.36144578313253,98.0,59.036144578313255,141.0,92.46987951807228,26.0,15.66265060240964,36.0,21.686746987951807,33.0,20.180722891566266,24.0,17.16867469879518,33.0,21.385542168674696,108,Lona-Lases,46.1459908,11.2199419
109,Luserna / Lusérn,0,0.0297397769516728,0.1672862453531598,0.0148698884758364,4,4,2004.6354705490871,11868.395668075713,35.831,44.408,36.0,46.0,0,5,13,1,13,48,109,Luserna / Lusérn,0.0225184651414159,37.0,24.09638554216868,33.0,19.879518072289155,21.0,12.650602409638552,18.0,10.843373493975903,131.0,78.91566265060241,66.0,39.75903614457831,76.0,46.68674698795181,151.0,92.7710843373494,143.0,87.04819277108435,109,Luserna / Lusérn,45.9217016,11.3244525
243,Madruzzo,-23,0.0091587516960651,0.0851424694708276,0.0006784260515603,25,2,4428.661966680624,20155.81729526712,17.618,34.23,17.0,32.0,2,9,23,5,36,89,243,Madruzzo,0.0292141396435875,129.0,78.3132530120482,112.0,67.46987951807229,102.0,61.44578313253012,132.0,79.51807228915662,42.0,25.301204819277107,16.0,9.63855421686747,24.0,14.759036144578314,123.0,79.21686746987952,29.0,18.373493975903614,243,Madruzzo,46.0457777,10.9823967
110,Malé,-9,0.0084745762711864,0.1333630686886708,0.0022301516503122,14,5,2719.9698126260337,11462.354018340746,55.157,64.488,50.0,59.0,7,17,30,13,26,52,110,Malé,0.0155067609477732,97.0,59.337349397590366,123.0,74.09638554216868,41.0,24.69879518072289,96.0,57.831325301204814,103.0,62.048192771084345,138.0,83.13253012048193,121.0,73.79518072289156,50.0,34.33734939759036,69.0,43.07228915662651,110,Malé,46.351604,10.912956
112,Massimeno,0,0.0,0.0486111111111111,0.0,0,0,3290.3848787964307,10390.20747859934,57.209,62.583,56.0,64.0,8,12,17,9,16,33,112,Massimeno,0.015978780179921,37.0,24.09638554216868,165.0,99.69879518072288,161.0,96.98795180722892,141.0,92.46987951807228,74.0,44.57831325301205,125.0,75.30120481927712,140.0,84.93975903614458,99.0,62.34939759036144,128.0,79.81927710843374,112,Massimeno,46.1422639,10.7734705
113,Mazzin / Mazin,-2,0.0067453625632377,0.0893760539629005,0.0016863406408094,3,1,1628.469829226348,7665.383170035077,76.969,84.465,81.0,87.0,4,5,9,5,9,13,113,Mazzin / Mazin,0.0118392233469484,48.0,30.42168674698795,142.0,85.54216867469879,93.0,56.024096385542165,109.0,65.66265060240963,148.0,89.1566265060241,158.0,95.18072289156626,159.0,95.78313253012048,151.0,92.7710843373494,157.0,94.87951807228916,113,Mazzin / Mazin,46.4571325,11.7001097
114,Mezzana,5,0.0125284738041002,0.1366742596810934,0.0091116173120728,3,8,1711.6336508351717,9996.273431983069,65.301,74.632,58.0,67.0,6,12,18,10,18,42,114,Mezzana,0.0133990781434237,28.0,17.16867469879518,88.0,53.01204819277109,39.0,23.49397590361446,42.0,25.301204819277107,146.0,87.95180722891565,151.0,90.96385542168674,145.0,87.95180722891565,99.0,62.34939759036144,116.0,72.28915662650603,114,Mezzana,46.3169972,10.7980493
115,Mezzano,-36,0.0313479623824451,0.0946708463949843,0.0043887147335423,43,7,1740.9428697174576,6461.985529224376,88.228,96.006,95.0,100.0,2,4,4,3,4,6,115,Mezzano,0.0104160156656875,145.0,87.34939759036145,31.0,18.67469879518072,82.0,49.39759036144578,69.0,41.566265060240966,144.0,86.74698795180723,165.0,99.3975903614458,165.0,99.3975903614458,158.0,95.48192771084338,163.0,99.09638554216868,115,Mezzano,46.1545276,11.8059418
116,Mezzocorona,-209,0.0585357013410656,0.1332004349401957,0.0103298296484233,266,57,6085.280782387706,22597.78507500028,20.347,37.008,16.0,27.0,6,18,34,12,50,105,116,Mezzocorona,0.0270211846087332,163.0,98.19277108433737,12.0,7.228915662650602,42.0,25.301204819277107,35.0,21.084337349397597,15.0,9.036144578313252,32.0,19.27710843373494,6.0,4.819277108433735,34.0,25.0,8.0,5.120481927710843,116,Mezzocorona,46.2152495,11.1196152
117,Mezzolombardo,-269,0.0479535323517492,0.1511549371876266,0.0058084560313386,312,43,5711.178236085434,21827.73853459964,19.018,37.859,17.0,28.0,9,19,39,14,52,101,117,Mezzolombardo,0.0264137985683721,165.0,99.3975903614458,19.0,11.44578313253012,28.0,16.867469879518072,58.0,34.93975903614458,21.0,12.650602409638552,34.0,20.48192771084337,11.0,7.228915662650602,24.0,17.16867469879518,6.0,3.614457831325301,117,Mezzolombardo,46.211192,11.0932021
118,Moena / Moena,71,0.0375569044006069,0.1695751138088012,0.0322458270106221,14,85,1338.159529584338,8224.442986252776,68.638,73.929,72.0,77.0,3,9,12,5,12,16,118,Moena / Moena,0.0135264916338649,6.0,3.614457831325301,23.0,13.855421686746988,20.0,12.048192771084338,6.0,3.614457831325301,157.0,94.57831325301204,150.0,90.36144578313254,154.0,92.7710843373494,123.0,79.21686746987952,147.0,89.7590361445783,118,Moena / Moena,46.3766947,11.6599965
120,Molveno,-9,0.0098566308243727,0.1926523297491039,0.0008960573476702,10,1,2050.772013959264,13051.86751645455,41.109,44.147,37.0,43.0,3,7,20,5,22,67,120,Molveno,0.0226515958049244,97.0,59.337349397590366,107.0,64.45783132530121,12.0,7.228915662650602,123.0,74.09638554216868,129.0,77.71084337349397,65.0,39.1566265060241,68.0,41.86746987951807,146.0,88.55421686746988,103.0,62.951807228915655,120,Molveno,46.1416008,10.9654211
123,Mori,-91,0.0128858255918489,0.0945959444610928,0.0018979122964738,110,19,5431.219391507773,20795.520486826845,29.971,36.004,26.0,32.0,7,20,27,12,29,64,123,Mori,0.0277746917009221,159.0,95.78313253012048,84.0,50.60240963855421,83.0,50.0,103.0,62.048192771084345,22.0,13.253012048192772,27.0,16.265060240963855,24.0,14.759036144578314,15.0,11.44578313253012,53.0,33.13253012048193,123,Mori,45.8519652,10.9779068
124,Nago-Torbole,-9,0.0236331569664903,0.1111111111111111,0.0102292768959435,38,29,5130.972679341152,18303.28256799732,24.761,40.331,25.0,34.0,4,14,30,5,26,49,124,Nago-Torbole,0.0247948228409908,97.0,59.337349397590366,42.0,25.301204819277107,63.0,37.95180722891566,37.0,22.289156626506024,27.0,16.265060240963855,43.0,25.903614457831324,29.0,18.373493975903614,84.0,53.31325301204819,69.0,43.07228915662651,124,Nago-Torbole,45.8778429,10.8908849
127,Nogaredo,-13,0.0092009685230024,0.0629539951573849,0.0014527845036319,16,3,9926.591075550316,27485.397106249635,24.681,32.188,18.0,27.0,10,17,28,12,36,73,127,Nogaredo,0.0310674785634397,106.0,64.45783132530121,111.0,66.86746987951807,142.0,85.54216867469879,114.0,68.67469879518072,5.0,3.0120481927710845,12.0,7.228915662650602,6.0,4.819277108433735,50.0,34.33734939759036,29.0,18.373493975903614,127,Nogaredo,45.9143396,11.0214414
128,Nomi,-12,0.0153022188217291,0.0765110941086457,0.0030604437643458,16,4,7821.293872858652,24540.565609093486,19.303,27.972,18.0,30.0,9,17,31,13,35,69,128,Nomi,0.0357500357500357,104.0,62.951807228915655,69.0,41.566265060240966,117.0,70.48192771084338,84.0,50.60240963855421,8.0,4.819277108433735,4.0,2.409638554216868,15.0,11.44578313253012,50.0,34.33734939759036,33.0,21.385542168674696,128,Nomi,45.9290197,11.0710884
129,Novaledo,13,0.0191256830601092,0.075591985428051,0.0154826958105646,4,17,3947.228719189457,18415.994492910475,25.808,41.737,23.0,42.0,6,20,36,17,39,70,129,Novaledo,0.0239595562690178,16.0,9.63855421686747,57.0,34.33734939759036,120.0,72.28915662650603,17.0,10.240963855421686,51.0,30.72289156626506,56.0,33.734939759036145,66.0,40.06024096385542,15.0,11.44578313253012,20.0,13.253012048192772,129,Novaledo,46.0218029,11.3649519
253,Novella,-54,0.0217270194986072,0.1192200557103064,0.0033426183844011,66,12,2525.972270658784,12624.185635687922,44.765,59.162,42.0,53.0,9,23,34,14,35,48,253,Novella,0.0169027416246915,150.0,90.36144578313254,49.0,29.518072289156628,52.0,31.32530120481928,80.0,48.19277108433735,112.0,67.46987951807229,112.0,67.46987951807229,99.0,60.54216867469879,7.0,4.819277108433735,33.0,21.385542168674696,253,Novella,46.3907089,11.0589321
130,Ospedaletto,10,0.0279187817258883,0.0799492385786802,0.0203045685279187,6,16,2707.042257925417,14041.8591649083,41.844,55.265,35.0,50.0,10,17,21,15,24,42,130,Ospedaletto,0.01809463494074,19.0,11.74698795180723,35.0,21.084337349397597,110.0,66.26506024096386,11.0,6.626506024096386,104.0,62.65060240963856,100.0,60.24096385542169,90.0,54.81927710843374,50.0,34.33734939759036,81.0,51.50602409638554,130,Ospedaletto,46.0437072,11.5533257
131,Ossana,-2,0.0072463768115942,0.1328502415458937,0.002415458937198,4,2,1700.773248982351,9150.83654104319,70.566,79.897,64.0,72.0,4,10,15,8,15,30,131,Ossana,0.0125161144974154,48.0,30.42168674698795,137.0,82.53012048192771,43.0,25.903614457831324,91.0,54.81927710843374,147.0,88.55421686746988,155.0,93.3734939759036,152.0,91.56626506024097,116.0,71.6867469879518,138.0,84.03614457831326,131,Ossana,46.3070135,10.737311
133,Palù del Fersina / Palai en Bernstol,-2,0.0120481927710843,0.0542168674698795,0.0,2,0,2889.0173658217477,13993.554801470153,25.137,45.101,28.0,44.0,4,9,24,5,21,58,133,Palù del Fersina / Palai en Bernstol,0.0221724573734507,48.0,30.42168674698795,90.0,54.21686746987952,152.0,91.56626506024097,141.0,92.46987951807228,91.0,54.81927710843374,69.0,41.566265060240966,72.0,43.67469879518072,123.0,79.21686746987952,107.0,65.66265060240963,133,Palù del Fersina / Palai en Bernstol,46.1297092,11.3525381
134,Panchià,-14,0.0171358629130966,0.0587515299877601,0.0,14,0,3116.059700867066,11389.46099138328,55.253,60.589,57.0,63.0,6,9,14,6,13,26,134,Panchià,0.0165046460578652,109.0,66.86746987951807,63.0,37.95180722891566,146.0,87.95180722891565,141.0,92.46987951807228,79.0,47.59036144578313,118.0,71.08433734939759,135.0,82.53012048192771,123.0,79.21686746987952,143.0,87.04819277108435,134,Panchià,46.2856518,11.5422379
136,Peio,-6,0.0043787629994526,0.1340996168582375,0.0005473453749315,7,1,827.916647929811,7062.709341698346,81.84,91.17,75.0,84.0,0,5,9,3,10,17,136,Peio,0.0109685203466052,79.0,49.39759036144578,154.0,92.7710843373494,40.0,24.09638554216868,137.0,82.53012048192771,164.0,98.79518072289156,161.0,96.98795180722892,158.0,95.18072289156626,151.0,92.7710843373494,154.0,93.3734939759036,136,Peio,46.362723,10.6733792
137,Pellizzano,1,0.0012870012870012,0.1171171171171171,0.0012870012870012,0,1,1783.146477605905,9593.19015856246,68.742,78.073,61.0,70.0,4,11,16,9,16,36,137,Pellizzano,0.0128085253544759,36.0,21.686746987951807,163.0,98.19277108433737,56.0,33.734939759036145,116.0,69.87951807228916,140.0,84.33734939759037,153.0,92.1686746987952,150.0,90.36144578313254,109.0,67.46987951807229,128.0,79.81927710843374,137,Pellizzano,46.3112692,10.7576902
138,Pelugo,-2,0.010178117048346,0.0483460559796437,0.0025445292620865,3,1,2962.942504412121,11991.763490811132,48.312,58.021,46.0,57.0,11,16,22,12,21,35,138,Pelugo,0.017235139001396,48.0,30.42168674698795,104.0,62.65060240963856,162.0,97.59036144578312,89.0,53.915662650602414,86.0,51.80722891566265,105.0,63.25301204819277,113.0,68.97590361445783,65.0,42.46987951807229,107.0,65.66265060240963,138,Pelugo,46.0872811,10.7229576
139,Pergine Valsugana,-92,0.0088433791016988,0.1722597160809867,0.0022806609262276,141,49,5891.170615777874,22424.9245670843,11.373,39.341,12.0,30.0,9,20,47,16,56,97,139,Pergine Valsugana,0.0254187743067029,160.0,96.3855421686747,117.0,70.48192771084338,19.0,11.44578313253012,94.0,56.62650602409639,19.0,11.44578313253012,40.0,24.09638554216868,15.0,11.44578313253012,15.0,11.44578313253012,3.0,1.8072289156626504,139,Pergine Valsugana,46.0638749,11.2422017
234,Pieve di Bono-Prezzo,6,0.0167949615115465,0.0867739678096571,0.0104968509447165,9,15,1876.1496099334563,9774.295443587083,57.078,67.798,57.0,68.0,4,9,21,5,17,28,234,Pieve di Bono-Prezzo,0.0147496976311985,25.0,15.66265060240964,64.0,38.55421686746988,100.0,60.24096385542169,30.0,18.072289156626507,138.0,83.13253012048193,142.0,85.54216867469879,148.0,89.1566265060241,123.0,79.21686746987952,125.0,75.90361445783132,234,Pieve di Bono-Prezzo,45.9386643,10.6384705
142,Pieve Tesino,2,0.0124031007751937,0.0868217054263565,0.0077519379844961,3,5,1997.8915400389371,11089.13105597657,50.229,63.032,44.0,59.0,5,14,17,10,19,33,142,Pieve Tesino,0.0158649574819139,34.0,20.783132530120483,89.0,53.6144578313253,99.0,59.63855421686747,48.0,28.915662650602407,132.0,79.51807228915662,129.0,77.71084337349397,121.0,73.79518072289156,84.0,53.31325301204819,115.0,69.27710843373494,142,Pieve Tesino,46.0685596,11.6086059
143,Pinzolo,23,0.019639407598197,0.1860914359304571,0.013522215067611,19,42,2570.494391739766,10076.09875638738,57.812,62.943,56.0,63.0,8,12,17,9,16,36,143,Pinzolo,0.0158873901784153,11.0,6.927710843373494,55.0,33.13253012048193,14.0,8.433734939759036,20.0,12.048192771084338,109.0,65.66265060240963,127.0,76.50602409638554,135.0,82.53012048192771,99.0,62.34939759036144,128.0,79.81927710843374,143,Pinzolo,46.1597717,10.7651024
144,Pomarolo,-29,0.0127205580631924,0.0365203118588428,0.0004103405826836,30,1,10014.404496358564,25757.689503368365,21.944,31.204,22.0,28.0,10,18,28,12,34,72,144,Pomarolo,0.0320471734393026,139.0,84.33734939759037,85.0,51.20481927710844,165.0,99.3975903614458,140.0,84.33734939759037,4.0,2.409638554216868,10.0,6.024096385542169,11.0,7.228915662650602,34.0,25.0,39.0,24.69879518072289,144,Pomarolo,45.9261675,11.041344
244,Porte di Rendena,-4,0.0033955857385398,0.0945104697226938,0.0005659309564233,5,1,2577.64146943131,11961.605912093575,45.711,55.58,43.0,54.0,8,19,22,14,23,37,244,Porte di Rendena,0.0179920834832673,67.0,41.86746987951807,159.0,95.78313253012048,84.0,50.60240963855421,136.0,81.92771084337349,108.0,65.06024096385542,101.0,60.8433734939759,103.0,62.951807228915655,24.0,17.16867469879518,91.0,58.13253012048193,244,Porte di Rendena,46.0624952,10.712243
230,Predaia,-81,0.0139767544504928,0.1391790495806973,0.0010298661174047,88,7,2547.995460425023,13353.730392212392,34.817,50.466,34.0,45.0,2,21,39,5,38,62,230,Predaia,0.0198153212063567,156.0,93.97590361445783,74.0,44.57831325301205,36.0,21.686746987951807,119.0,71.6867469879518,110.0,66.26506024096386,83.0,50.0,74.0,44.87951807228915,10.0,7.228915662650602,25.0,15.66265060240964,230,Predaia,46.3216798,11.0955077
147,Predazzo,-21,0.0144060283687943,0.2103280141843971,0.0048758865248226,43,22,1619.4055215656406,9279.69699888046,62.29,65.425,63.0,67.0,4,9,14,6,16,23,147,Predazzo,0.015284677111196,120.0,73.19277108433735,73.0,43.97590361445783,9.0,5.421686746987952,63.0,37.95180722891566,149.0,89.7590361445783,140.0,84.33734939759037,145.0,87.95180722891565,123.0,79.21686746987952,128.0,79.81927710843374,147,Predazzo,46.312407,11.6025089
245,Primiero San Martino di Castrozza,-28,0.0512428298279158,0.2021032504780114,0.022944550669216,148,120,680.2085288686835,6117.219439979361,85.776,91.854,85.0,95.0,0,2,4,1,5,14,245,Primiero San Martino di Castrozza,0.0108868421625623,136.0,82.53012048192771,16.0,9.63855421686747,10.0,6.024096385542169,10.0,6.024096385542169,165.0,99.3975903614458,163.0,98.19277108433737,162.0,97.59036144578312,161.0,98.49397590361446,162.0,97.59036144578312,245,Primiero San Martino di Castrozza,46.2617775,11.8005
150,Rabbi,-2,0.0014925373134328,0.1328358208955224,0.0,2,0,1335.7125994326648,9278.267038548018,61.906,71.204,57.0,66.0,3,10,20,6,18,37,150,Rabbi,0.0140441548227627,48.0,30.42168674698795,161.0,96.98795180722892,44.0,26.506024096385545,141.0,92.46987951807228,158.0,95.18072289156626,148.0,89.1566265060241,143.0,86.44578313253012,116.0,71.6867469879518,116.0,72.28915662650603,150,Rabbi,46.39978,10.84677
153,Riva del Garda,-76,0.0236238272860856,0.2005199502656267,0.0096642929806714,247,171,4338.503762983206,15149.194129480433,31.609,41.319,32.0,39.0,3,11,26,4,25,44,153,Riva del Garda,0.0242019409956678,154.0,92.7710843373494,43.0,25.903614457831324,11.0,6.626506024096386,41.0,24.69879518072289,44.0,26.506024096385545,52.0,31.32530120481928,48.0,31.024096385542173,109.0,67.46987951807229,75.0,46.68674698795181,153,Riva del Garda,45.8893165,10.8431111
155,Romeno,-49,0.0366642703091301,0.102803738317757,0.0007189072609633,50,1,2856.11030363327,12951.893766790903,45.053,58.553,40.0,51.0,9,16,31,11,30,47,155,Romeno,0.0170785442248902,149.0,89.7590361445783,24.0,14.457831325301203,71.0,42.77108433734939,129.0,77.71084337349397,93.0,56.024096385542165,108.0,65.06024096385542,93.0,56.62650602409639,65.0,42.46987951807229,52.0,31.32530120481928,155,Romeno,46.3931367,11.1191388
156,Roncegno Terme,9,0.0120440467997247,0.0722642807983482,0.0075705437026841,13,22,3686.457860883357,15991.331770015197,31.269,47.198,28.0,47.0,9,18,29,17,34,57,156,Roncegno Terme,0.0211873384465443,21.0,12.650602409638552,91.0,54.81927710843374,129.0,77.71084337349397,49.0,29.518072289156628,59.0,35.54216867469879,75.0,45.18072289156627,80.0,49.09638554216868,34.0,25.0,39.0,24.69879518072289,156,Roncegno Terme,46.0528485,11.4107658
157,Ronchi Valsugana,-6,0.0131291028446389,0.0547045951859956,0.0,6,0,3725.3727413302486,14556.496258211278,34.645,50.173,32.0,47.0,9,18,26,11,26,53,157,Ronchi Valsugana,0.0199310386064217,79.0,49.39759036144578,80.0,48.19277108433735,151.0,90.96385542168674,141.0,92.46987951807228,54.0,32.53012048192771,80.0,48.19277108433735,80.0,49.09638554216868,34.0,25.0,69.0,43.07228915662651,157,Ronchi Valsugana,46.0672495,11.4342458
135,Ronzo-Chienis,-6,0.008080808080808,0.0838383838383838,0.001010101010101,7,1,3179.232289117704,14351.216874023854,30.743,35.54,32.0,39.0,1,11,22,1,21,42,135,Ronzo-Chienis,0.028137310073157,79.0,49.39759036144578,127.0,76.50602409638554,107.0,64.45783132530121,120.0,72.28915662650603,77.0,46.3855421686747,22.0,13.253012048192772,48.0,31.024096385542173,109.0,67.46987951807229,107.0,65.66265060240963,135,Ronzo-Chienis,45.8913232,10.952357
159,Ronzone,-28,0.0801781737193764,0.0801781737193764,0.0089086859688195,32,4,3977.597485317624,12637.308129122575,49.527,61.607,45.0,56.0,7,14,27,8,23,44,159,Ronzone,0.0162319216972097,136.0,82.53012048192771,7.0,4.216867469879518,109.0,65.66265060240963,43.0,25.903614457831324,49.0,29.518072289156628,121.0,72.89156626506023,109.0,66.56626506024097,84.0,53.31325301204819,91.0,58.13253012048193,159,Ronzone,46.4242599,11.1516865
160,Roverè della Luna,-164,0.1211009174311926,0.1131498470948012,0.0103975535168195,181,17,3389.807168638658,16813.755280842946,24.51,40.916,25.0,34.0,3,13,29,4,27,84,160,Roverè della Luna,0.024440316746505,162.0,97.59036144578312,2.0,1.2048192771084338,61.0,36.74698795180723,31.0,18.67469879518072,69.0,41.566265060240966,50.0,30.120481927710845,29.0,18.373493975903614,94.0,57.831325301204814,64.0,39.75903614457831,160,Roverè della Luna,46.2495084,11.1712555
161,Rovereto,152,0.0200200702458605,0.2273206221776216,0.0119167084796788,323,475,5112.683087054693,19823.1252210287,26.161,39.089,20.0,30.0,9,18,27,12,34,70,161,Rovereto,0.0255826447338125,2.0,1.2048192771084338,53.0,31.92771084337349,4.0,2.409638554216868,26.0,15.66265060240964,28.0,16.867469879518072,38.0,22.89156626506024,15.0,11.44578313253012,34.0,25.0,39.0,24.69879518072289,161,Rovereto,45.89096,11.0401399
162,Ruffrè-Mendola,-47,0.1175059952038369,0.0887290167865707,0.0023980815347721,48,1,1882.078101191803,10535.848859369637,53.369,62.666,49.0,60.0,6,9,22,8,16,39,162,Ruffrè-Mendola,0.015957616570389,147.0,88.85542168674698,3.0,1.8072289156626504,95.0,57.22891566265061,92.0,55.42168674698795,137.0,82.53012048192771,126.0,75.90361445783132,125.0,75.30120481927712,123.0,79.21686746987952,128.0,79.81927710843374,162,Ruffrè-Mendola,46.4147775,11.1801802
163,Rumo,-3,0.0136476426799007,0.1203473945409429,0.0049627791563275,7,4,1455.50913316507,9435.83762616921,56.119,69.5,54.0,66.0,1,10,27,4,23,41,163,Rumo,0.014388489208633,54.0,36.14457831325301,76.0,45.78313253012048,49.0,29.518072289156628,62.0,37.34939759036144,155.0,93.3734939759036,147.0,88.55421686746988,143.0,86.44578313253012,116.0,71.6867469879518,91.0,58.13253012048193,163,Rumo,46.4517496,11.010232
164,Sagron Mis,-29,0.1843575418994413,0.0391061452513966,0.0111731843575419,31,2,586.5458821971788,5030.604671065266,103.887,109.569,105.0,112.0,0,2,4,0,4,4,164,Sagron Mis,0.0091266690396006,139.0,84.33734939759037,1.0,0.6024096385542169,164.0,98.79518072289156,28.0,16.867469879518072,166.0,100.0,166.0,100.0,166.0,100.0,161.0,98.49397590361446,163.0,99.09638554216868,164,Sagron Mis,46.194683,11.9431647
165,Samone,7,0.02367941712204,0.0728597449908925,0.0182149362477231,3,10,3637.118510878401,13000.921161359593,42.506,55.603,38.0,55.0,10,17,21,16,22,38,165,Samone,0.0179846411164865,22.0,13.855421686746988,41.0,24.69879518072289,127.0,76.50602409638554,14.0,8.433734939759036,62.0,37.34939759036144,102.0,61.44578313253012,107.0,64.7590361445783,50.0,34.33734939759036,103.0,62.951807228915655,165,Samone,46.081582,11.522698
250,San Giovanni di Fassa / Sèn Jan,17,0.0156722573549628,0.2543304921638713,0.0101732196865548,20,37,1188.8173865393492,7348.96706657801,73.918,81.113,78.0,83.0,5,6,10,5,10,15,250,San Giovanni di Fassa / Sèn Jan,0.0123284800216981,14.0,8.433734939759036,68.0,40.963855421686745,2.0,1.2048192771084338,39.0,23.49397590361446,159.0,95.78313253012048,156.0,93.97590361445783,157.0,94.57831325301204,149.0,90.06024096385542,154.0,93.3734939759036,250,San Giovanni di Fassa / Sèn Jan,46.4301799,11.685807
231,San Lorenzo Dorsino,-6,0.0038387715930902,0.1074856046065259,0.0,6,0,2203.201079903655,13632.654813335916,35.598,45.913,32.0,43.0,2,9,23,5,23,62,231,San Lorenzo Dorsino,0.0217803236556095,79.0,49.39759036144578,158.0,95.18072289156626,65.0,39.1566265060241,141.0,92.46987951807228,126.0,75.90361445783132,73.0,43.97590361445783,68.0,41.86746987951807,123.0,79.21686746987952,91.0,58.13253012048193,231,San Lorenzo Dorsino,46.0767945,10.9097659
167,San Michele all'Adige,-213,0.0690434345970374,0.1144865679136329,0.0077830780818478,244,31,6564.455993778075,22930.645814600783,15.923,36.073,17.0,26.0,6,19,36,12,49,106,167,San Michele all'Adige,0.0277215646051063,164.0,98.79518072289156,9.0,5.421686746987952,59.0,35.54216867469879,46.0,27.710843373493976,14.0,8.433734939759036,28.0,16.867469879518072,1.0,1.8072289156626504,24.0,17.16867469879518,10.0,6.024096385542169,167,San Michele all'Adige,46.193535,11.1328901
168,Sant'Orsola Terme,-8,0.0107816711590296,0.0763701707097933,0.0017969451931716,10,2,4237.07115633091,16711.21372840533,18.608,40.547,22.0,41.0,4,15,27,5,25,73,168,Sant'Orsola Terme,0.02466273707056,90.0,56.024096385542165,100.0,60.24096385542169,118.0,71.08433734939759,107.0,64.45783132530121,46.0,27.710843373493976,45.0,27.10843373493976,61.0,37.95180722891566,77.0,48.19277108433735,75.0,46.68674698795181,168,Sant'Orsola Terme,46.108123,11.3025755
169,Sanzeno,-14,0.0217864923747276,0.1143790849673202,0.0032679738562091,17,3,3010.344390388429,14972.771828456043,38.953,53.427,34.0,46.0,10,24,38,16,40,63,169,Sanzeno,0.0187171280438729,109.0,66.86746987951807,48.0,28.915662650602407,60.0,36.14457831325301,81.0,48.795180722891565,84.0,50.60240963855421,94.0,56.62650602409639,76.0,46.68674698795181,4.0,3.0120481927710845,18.0,11.144578313253012,169,Sanzeno,46.3656209,11.074082
170,Sarnonico,-26,0.0578616352201257,0.0955974842767295,0.0125786163522012,36,10,3798.533941527218,12976.184791112371,48.722,60.647,43.0,56.0,9,15,28,9,26,45,170,Sarnonico,0.0164888617738717,134.0,80.72289156626506,14.0,8.433734939759036,81.0,48.795180722891565,22.0,13.253012048192772,53.0,31.92771084337349,119.0,71.6867469879518,109.0,66.56626506024097,77.0,48.19277108433735,69.0,43.07228915662651,170,Sarnonico,46.4200644,11.1409298
171,Scurelle,6,0.0162481536189069,0.104874446085672,0.0103397341211226,8,14,4895.883739823683,15246.615099290904,38.911,53.023,33.0,49.0,12,18,24,17,24,44,171,Scurelle,0.0188597401127812,25.0,15.66265060240964,66.0,39.75903614457831,67.0,40.36144578313253,33.0,19.879518072289155,31.0,18.67469879518072,93.0,56.024096385542165,86.0,52.71084337349398,34.0,25.0,81.0,51.50602409638554,171,Scurelle,46.0646035,11.506885
172,Segonzano,-5,0.0050143266475644,0.075214899713467,0.0007163323782234,6,1,3452.279576846411,15885.910055382968,23.088,41.272,24.0,40.0,4,14,30,8,31,72,172,Segonzano,0.0242295018414421,73.0,45.48192771084337,150.0,90.36144578313254,122.0,73.49397590361446,130.0,78.3132530120482,67.0,40.36144578313253,51.0,30.72289156626506,56.0,34.93975903614458,84.0,53.31325301204819,50.0,30.42168674698795,172,Segonzano,46.1901947,11.2586273
246,Sella Giudicarie,-13,0.0086415485655029,0.0905634289664708,0.0020739716557207,19,6,1778.6578113902406,9988.240298860072,51.182,62.438,50.0,61.0,3,12,24,8,23,32,246,Sella Giudicarie,0.0160158877606585,106.0,64.45783132530121,120.0,72.28915662650603,90.0,54.21686746987952,99.0,59.63855421686747,141.0,84.93975903614458,124.0,74.69879518072288,126.0,76.80722891566265,99.0,62.34939759036144,91.0,58.13253012048193,246,Sella Giudicarie,45.98488,10.6706386
173,Sfruz,-3,0.0081743869209809,0.0844686648501362,0.0,3,0,2906.490059976368,11763.126285167991,39.654,53.997,42.0,54.0,2,16,35,5,29,47,173,Sfruz,0.0185195473822619,54.0,36.14457831325301,126.0,75.90361445783132,105.0,63.25301204819277,141.0,92.46987951807228,90.0,54.21686746987952,95.0,57.22891566265061,103.0,62.951807228915655,65.0,42.46987951807229,53.0,33.13253012048193,173,Sfruz,46.3368525,11.1158989
176,Soraga di Fassa / Soraga,7,0.0245310245310245,0.15007215007215,0.0173160173160173,5,12,1721.1552482506609,8505.907990042466,70.862,76.689,74.0,79.0,3,8,12,6,12,16,176,Soraga di Fassa / Soraga,0.0130396797454654,22.0,13.855421686746988,39.0,23.49397590361446,29.0,17.46987951807229,15.0,9.036144578313252,145.0,87.34939759036145,152.0,91.56626506024097,155.0,93.3734939759036,141.0,86.14457831325302,147.0,89.7590361445783,176,Soraga di Fassa / Soraga,46.3947763,11.6669887
177,Sover,-7,0.0089858793324775,0.0744544287548138,0.0,7,0,2416.095873544826,12832.680040207131,32.032,48.198,33.0,49.0,3,12,27,3,24,41,177,Sover,0.0207477488692476,86.0,52.71084337349398,115.0,69.27710843373494,123.0,74.09638554216868,141.0,92.46987951807228,119.0,71.6867469879518,76.0,45.78313253012048,86.0,52.71084337349398,99.0,62.34939759036144,81.0,51.50602409638554,177,Sover,46.2215465,11.3146837
179,Spiazzo,-4,0.0064257028112449,0.108433734939759,0.0016064257028112,6,2,2422.615558772536,11268.202938775588,49.896,59.084,48.0,59.0,10,16,22,12,20,34,179,Spiazzo,0.0169250558526843,67.0,41.86746987951807,143.0,86.14457831325302,64.0,38.55421686746988,110.0,66.26506024096386,117.0,70.48192771084338,111.0,66.86746987951807,121.0,73.79518072289156,65.0,42.46987951807229,112.0,68.07228915662651,179,Spiazzo,46.0984292,10.7343257
180,Spormaggiore,-30,0.0237341772151898,0.0917721518987341,0.0,30,0,3342.066687251832,17946.364253213516,26.947,41.386,23.0,36.0,6,18,31,13,39,91,180,Spormaggiore,0.0241627603537428,142.0,85.54216867469879,40.0,24.09638554216868,87.0,52.40963855421686,141.0,92.46987951807228,71.0,42.77108433734939,54.0,32.53012048192771,35.0,22.289156626506024,34.0,25.0,20.0,13.253012048192772,180,Spormaggiore,46.2180455,11.0479816
181,Sporminore,-7,0.0184397163120567,0.1035460992907801,0.0042553191489361,10,3,3691.78806710669,16904.540575983738,26.276,41.323,24.0,37.0,8,21,36,9,35,84,181,Sporminore,0.0241995982866684,86.0,52.71084337349398,60.0,36.14457831325301,70.0,42.16867469879519,72.0,43.373493975903614,57.0,34.33734939759036,53.0,31.92771084337349,40.0,25.602409638554217,10.0,7.228915662650602,33.0,21.385542168674696,181,Sporminore,46.2373103,11.0313934
182,Stenico,-7,0.0059931506849315,0.0890410958904109,0.0,7,0,2913.913905115498,14644.183189643818,32.083,43.434,30.0,41.0,5,13,32,8,32,62,182,Stenico,0.0230234378597412,86.0,52.71084337349398,145.0,87.34939759036145,94.0,56.62650602409639,141.0,92.46987951807228,89.0,53.6144578313253,61.0,36.74698795180723,61.0,37.95180722891566,94.0,57.831325301204814,45.0,28.3132530120482,182,Stenico,46.0521575,10.8542791
183,Storo,151,0.0969308898211525,0.1788474276882314,0.0651357915654669,144,295,1349.036742436058,8950.398952333213,55.708,69.426,57.0,67.0,1,7,9,6,9,28,183,Storo,0.0144038256560942,3.0,1.8072289156626504,6.0,3.614457831325301,17.0,10.240963855421686,3.0,1.8072289156626504,156.0,93.97590361445783,146.0,87.95180722891565,145.0,87.95180722891565,146.0,88.55421686746988,157.0,94.87951807228916,183,Storo,45.8490705,10.5776811
184,Strembo,-3,0.0049586776859504,0.0710743801652892,0.0,3,0,2958.8942848529314,11033.801073026752,53.007,59.388,51.0,61.0,9,13,19,12,18,35,184,Strembo,0.0168384185357311,54.0,36.14457831325301,151.0,90.96385542168674,133.0,80.12048192771084,141.0,92.46987951807228,87.0,52.40963855421686,114.0,68.67469879518072,126.0,76.80722891566265,94.0,57.831325301204814,116.0,72.28915662650603,184,Strembo,46.1198069,10.7505588
188,Telve,-12,0.007399577167019,0.0692389006342494,0.0005285412262156,13,1,4639.379619142532,15265.414220568557,37.986,52.098,34.0,48.0,12,18,24,14,24,54,188,Telve,0.0191945948021037,104.0,62.951807228915655,136.0,81.92771084337349,135.0,81.32530120481928,138.0,83.13253012048193,34.0,20.48192771084337,89.0,53.6144578313253,84.0,50.90361445783133,34.0,25.0,81.0,51.50602409638554,188,Telve,46.0701235,11.480232
189,Telve di Sopra,-3,0.005050505050505,0.0336700336700336,0.0,3,0,4576.4350015034015,14028.146734857824,39.244,52.341,36.0,49.0,11,18,24,13,23,47,189,Telve di Sopra,0.0191054813626029,54.0,36.14457831325301,149.0,89.7590361445783,166.0,100.0,141.0,92.46987951807228,38.0,22.89156626506024,91.0,54.81927710843374,86.0,52.71084337349398,34.0,25.0,91.0,58.13253012048193,189,Telve di Sopra,46.0715221,11.4716741
190,Tenna,-8,0.0076190476190476,0.0495238095238095,0.0,8,0,6079.147415128828,21546.456023501,17.6,35.852,17.0,38.0,5,20,43,10,46,80,190,Tenna,0.0278924467254267,90.0,56.024096385542165,134.0,80.72289156626506,160.0,96.3855421686747,141.0,92.46987951807228,16.0,9.63855421686747,25.0,15.060240963855422,46.0,28.012048192771083,15.0,11.44578313253012,12.0,7.228915662650602,190,Tenna,46.0131211,11.2664339
191,Tenno,-11,0.0115694164989939,0.0603621730382293,0.0030181086519114,17,6,4502.612502312464,14908.375293671474,30.233,41.432,34.0,43.0,2,9,23,4,18,47,191,Tenno,0.0241359335779107,103.0,62.048192771084345,95.0,57.22891566265061,143.0,86.14457831325302,85.0,51.20481927710844,39.0,23.49397590361446,55.0,33.13253012048193,68.0,41.86746987951807,123.0,79.21686746987952,116.0,72.28915662650603,191,Tenno,45.920005,10.8315831
193,Terragnolo,-5,0.007132667617689,0.0513552068473609,0.0,5,0,3239.700868178937,14605.117222442626,33.115,35.432,33.0,40.0,0,12,19,3,16,40,193,Terragnolo,0.0282230751862722,73.0,45.48192771084337,139.0,83.73493975903614,156.0,93.97590361445783,141.0,92.46987951807228,76.0,45.78313253012048,21.0,12.650602409638552,56.0,34.93975903614458,99.0,62.34939759036144,128.0,79.81927710843374,193,Terragnolo,45.8791813,11.1509138
251,Terre d'Adige,-65,0.0226377952755905,0.0547900262467191,0.0006561679790026,67,2,6866.899378489155,24801.360576266525,13.017,34.535,13.0,26.0,5,21,44,10,54,113,251,Terre d'Adige,0.0289561314608368,153.0,92.1686746987952,46.0,27.710843373493976,150.0,90.36144578313254,135.0,81.32530120481928,11.0,6.626506024096386,17.0,10.240963855421686,1.0,1.8072289156626504,10.0,7.228915662650602,5.0,3.0120481927710845,251,Terre d'Adige,46.1667866,11.1082614
195,Terzolas,-3,0.0077519379844961,0.0713178294573643,0.0015503875968992,4,1,3061.839110320023,12181.334089106422,53.327,63.646,48.0,58.0,8,18,34,13,28,51,195,Terzolas,0.0157119064827326,54.0,36.14457831325301,130.0,78.3132530120482,131.0,78.91566265060241,111.0,66.86746987951807,81.0,48.795180722891565,136.0,81.92771084337349,117.0,71.3855421686747,34.0,25.0,58.0,36.44578313253012,195,Terzolas,46.3611385,10.9262615
196,Tesero,-19,0.0207765667574931,0.1532697547683923,0.0071525885558583,40,21,2421.468080209722,10903.770499093063,55.025,58.529,58.0,61.0,6,9,13,6,13,28,196,Tesero,0.0170855473355088,118.0,71.08433734939759,51.0,30.72289156626506,27.0,16.265060240963855,51.0,30.72289156626506,118.0,71.08433734939759,107.0,64.45783132530121,126.0,76.80722891566265,123.0,79.21686746987952,143.0,87.04819277108435,196,Tesero,46.2894156,11.5103834
199,Tione di Trento,12,0.0131183383438097,0.2150860890953812,0.0081989614648811,18,30,2437.1164093444,12049.312780229464,43.502,54.374,41.0,52.0,6,19,25,13,25,39,199,Tione di Trento,0.0183911428256151,17.0,10.240963855421686,81.0,48.795180722891565,8.0,4.819277108433735,45.0,27.10843373493976,116.0,69.87951807228916,96.0,57.831325301204814,96.0,58.43373493975904,24.0,17.16867469879518,75.0,46.68674698795181,199,Tione di Trento,46.0349608,10.7259197
200,Ton,-27,0.0235383447228549,0.0971905846621108,0.0015186028853454,29,2,3481.666150890349,16484.050203138646,27.087,42.552,25.0,38.0,5,20,40,11,34,84,200,Ton,0.0235006580184245,135.0,81.32530120481928,44.0,26.506024096385545,78.0,46.98795180722892,112.0,67.46987951807229,65.0,39.1566265060241,59.0,35.54216867469879,46.0,28.012048192771083,15.0,11.44578313253012,39.0,24.69879518072289,200,Ton,46.2650615,11.0864731
202,Torcegno,-3,0.0044182621502209,0.06480117820324,0.0,3,0,3643.3716600766434,13454.92824423567,36.955,51.067,35.0,50.0,9,17,24,12,24,44,202,Torcegno,0.0195821176101983,54.0,36.14457831325301,153.0,92.1686746987952,139.0,83.73493975903614,141.0,92.46987951807228,61.0,36.74698795180723,84.0,50.60240963855421,90.0,54.81927710843374,50.0,34.33734939759036,81.0,51.50602409638554,202,Torcegno,46.074128,11.4489831
203,Trambileno,-3,0.0115803814713896,0.0429155313351498,0.0047683923705722,10,7,12019.602246793547,24051.376708559284,24.887,35.697,25.0,30.0,7,16,26,9,28,63,203,Trambileno,0.0280135585623441,54.0,36.14457831325301,94.0,56.62650602409639,163.0,98.19277108433737,65.0,39.1566265060241,2.0,1.2048192771084338,24.0,14.457831325301203,15.0,11.44578313253012,65.0,42.46987951807229,58.0,36.44578313253012,203,Trambileno,45.883186,11.0539739
247,Tre Ville,-4,0.0115523465703971,0.0722021660649819,0.0043321299638989,10,6,2538.5345111126794,13197.031908508738,38.865,50.241,36.0,47.0,6,19,27,11,29,41,247,Tre Ville,0.0199040624191397,67.0,41.86746987951807,97.0,58.43373493975904,130.0,78.3132530120482,71.0,42.77108433734939,111.0,66.86746987951807,82.0,49.39759036144578,80.0,49.09638554216868,24.0,17.16867469879518,53.0,33.13253012048193,247,Tre Ville,46.0528299,10.7774943
205,Trento,-310,0.027255138852513,0.3174387266290986,0.0123180385762442,1768,1458,3702.6191769996376,16446.88151583664,26.161,40.172,20.0,34.0,2,25,51,11,60,110,205,Trento,0.0248929602708354,166.0,100.0,36.0,21.686746987951807,1.0,0.6024096385542169,24.0,14.457831325301203,55.0,33.13253012048193,42.0,25.301204819277107,29.0,18.373493975903614,2.0,1.5060240963855422,2.0,1.2048192771084338,205,Trento,46.0673856,11.1267378
232,Valdaone,-3,0.0131004366812227,0.0506550218340611,0.005240174672489,9,6,1774.9060499546215,9281.721615157508,58.55,68.624,59.0,69.0,4,9,19,5,12,26,232,Valdaone,0.0145721613429703,54.0,36.14457831325301,82.0,49.39759036144578,158.0,95.18072289156626,61.0,36.74698795180723,142.0,85.54216867469879,145.0,87.34939759036145,149.0,89.7590361445783,123.0,79.21686746987952,147.0,89.7590361445783,232,Valdaone,45.9465779,10.6209608
209,Valfloriana,-10,0.0214592274678111,0.055793991416309,0.0,10,0,2066.7906090848983,11627.442658360247,38.509,49.575,40.0,51.0,1,12,21,5,20,41,209,Valfloriana,0.0201714573877962,101.0,61.14457831325302,50.0,30.120481927710845,148.0,89.1566265060241,141.0,92.46987951807228,128.0,77.10843373493977,78.0,46.98795180722892,93.0,56.62650602409639,99.0,62.34939759036144,112.0,68.07228915662651,209,Valfloriana,46.2483058,11.3429764
210,Vallarsa,-8,0.0145560407569141,0.0778748180494905,0.0043668122270742,14,6,2012.9856728597128,12120.946315344358,40.363,49.655,40.0,46.0,0,2,12,0,12,27,210,Vallarsa,0.0201389588158292,90.0,56.024096385542165,72.0,43.373493975903614,114.0,68.67469879518072,70.0,42.16867469879519,130.0,78.3132530120482,79.0,47.59036144578313,76.0,46.68674698795181,161.0,98.49397590361446,147.0,89.7590361445783,210,Vallarsa,45.7823689,11.1166692
248,Vallelaghi,-7,0.0102554179566563,0.0756578947368421,0.0044504643962848,30,23,4923.555075511216,21556.416149841574,19.159,31.256,19.0,30.0,1,9,33,6,42,96,248,Vallelaghi,0.0319938571794215,86.0,52.71084337349398,103.0,62.048192771084345,119.0,71.6867469879518,68.0,40.963855421686745,30.0,18.072289156626507,11.0,6.626506024096386,15.0,11.44578313253012,123.0,79.21686746987952,14.0,8.433734939759036,248,Vallelaghi,46.0786356,11.0000139
213,Vermiglio,11,0.0334980779791323,0.1455244371224602,0.0197693574958813,25,36,1142.9430052214752,8253.339030162068,74.505,83.214,67.0,75.0,3,8,13,6,13,24,213,Vermiglio,0.0120172086427764,18.0,10.843373493975903,26.0,15.66265060240964,33.0,19.879518072289155,13.0,7.83132530120482,160.0,96.3855421686747,157.0,94.57831325301204,153.0,92.1686746987952,141.0,86.14457831325302,143.0,87.04819277108435,213,Vermiglio,46.2971211,10.6946531
216,Vignola-Falesina,6,0.0552486187845303,0.0773480662983425,0.0441988950276243,2,8,4201.548472305577,16860.85588682545,19.095,42.036,21.0,40.0,3,16,33,2,23,73,216,Vignola-Falesina,0.0237891331239889,25.0,15.66265060240964,15.0,9.036144578313252,116.0,69.87951807228916,4.0,2.409638554216868,47.0,28.3132530120482,57.0,34.33734939759036,56.0,34.93975903614458,65.0,42.46987951807229,91.0,58.13253012048193,216,Vignola-Falesina,46.0445123,11.2770559
222,Villa Lagarina,-21,0.0090838307812094,0.059693745133662,0.0018167661562418,28,7,12405.219905921964,31653.05439254163,22.881,31.183,17.0,26.0,10,19,27,12,39,78,222,Villa Lagarina,0.0320687554116024,120.0,73.19277108433735,114.0,68.67469879518072,144.0,86.74698795180723,104.0,62.65060240963856,1.0,0.6024096385542169,9.0,5.421686746987952,1.0,1.8072289156626504,24.0,17.16867469879518,20.0,13.253012048192772,222,Villa Lagarina,45.914973,11.0332434
249,Ville d'Anaunia,-31,0.0082400169025987,0.1183181914219311,0.000845129938728,35,4,3022.3804282105343,14270.134273915,37.8,52.621,36.0,49.0,4,25,41,10,40,59,249,Ville d'Anaunia,0.0190038197677733,143.0,86.14457831325302,125.0,75.30120481927712,54.0,32.53012048192771,124.0,74.69879518072288,83.0,50.0,92.0,55.42168674698795,86.0,52.71084337349398,2.0,1.5060240963855422,18.0,11.144578313253012,249,Ville d'Anaunia,46.3263612,11.0227789
254,Ville di Fiemme,-79,0.0391040242976461,0.0895975702353834,0.0045558086560364,91,12,3063.548861636601,10639.91515894821,52.931,55.884,55.0,58.0,4,8,11,5,11,32,254,Ville di Fiemme,0.0178942094338272,155.0,93.3734939759036,21.0,12.650602409638552,92.0,55.42168674698795,66.0,39.75903614457831,80.0,48.19277108433735,103.0,62.048192771084345,117.0,71.3855421686747,141.0,86.14457831325302,152.0,91.86746987951808,254,Ville di Fiemme,46.3053445,11.4579424
224,Volano,-22,0.0151216305062458,0.0854700854700854,0.0039447731755424,34,12,8891.77974784818,25094.177574036526,20.633,29.018,19.0,30.0,9,17,30,12,33,69,224,Volano,0.0344613688055689,124.0,75.90361445783132,70.0,42.16867469879519,101.0,60.8433734939759,74.0,44.57831325301205,7.0,4.216867469879518,6.0,3.614457831325301,15.0,11.44578313253012,50.0,34.33734939759036,44.0,26.506024096385545,224,Volano,45.9178679,11.0638977
226,Ziano di Fiemme,-8,0.0295959021058622,0.1195219123505976,0.012521343198634,30,22,2469.1998049787057,10457.097305875988,58.06,60.858,57.0,63.0,4,9,14,7,14,25,226,Ziano di Fiemme,0.0164316934503269,90.0,56.024096385542165,34.0,20.48192771084337,51.0,30.72289156626506,23.0,13.855421686746988,114.0,68.67469879518072,120.0,72.28915662650603,135.0,82.53012048192771,123.0,79.21686746987952,142.0,85.54216867469879,226,Ziano di Fiemme,46.2858823,11.5653272
