metric,direction,mean,q1,median,q3
saldo_netto,higher,-14.427710843373495,-22.0,-6.0,0.0
intensita_pendolarismo,higher,0.021740930196361113,0.008260286783654825,0.01299053184354345,0.023630824546389123
autocontenimento_pc,higher,0.10751165662851049,0.07369251336898387,0.0945532070918933,0.1331128865916202
attrattivita_pc,higher,0.007172933688252499,0.0008300943658701,0.003072479747688,0.009060884476259475
A_km_beta1_5,higher,3566.9483724021375,2280.6226843021186,3016.3624092994814,4415.889110624491
R50_km,lower,52.35613253012048,40.211749999999995,50.7665,62.54675
T50_min,lower,49.89156626506024,37.0,47.5,59.75
neighbors_km_le_20,higher,13.843373493975903,9.0,14.5,18.0
neighbors_min_le_30,higher,25.819277108433734,17.25,24.0,34.0
