Codice,Comune_norm,saldo_netto,intensita_pendolarismo,autocontenimento_pc,attrattivita_pc,out_Totale,in_Totale,A_km_beta1_5,A_time,R25_km,R50_km,T25_min,T50_min,neighbors_km_le_10,neighbors_km_le_20,neighbors_km_le_30,neighbors_min_le_15,neighbors_min_le_30,neighbors_min_le_45,id,comune_norm,inv_R50_km,saldo_netto_rank,saldo_netto_pct,intensita_pendolarismo_rank,intensita_pendolarismo_pct,autocontenimento_pc_rank,autocontenimento_pc_pct,attrattivita_pc_rank,attrattivita_pc_pct,A_km_beta1_5_rank,A_km_beta1_5_pct,R50_km_rank,R50_km_pct,T50_min_rank,T50_min_pct,neighbors_km_le_20_rank,neighbors_km_le_20_pct,neighbors_min_le_30_rank,neighbors_min_le_30_pct
1,Ala,-47,0.02262134818688189,0.1367511651699443,0.008639308855291577,123,76,2777.396078632386,15333.765239119477,36.717,45.396,31.0,39.0,1,9,19,3,18,40,1,Ala,0.02202837254383646,147.0,88.85542168674698,47.0,28.313253012048197,38.0,22.89156626506024,44.0,26.506024096385545,100.0,60.24096385542169,70.0,42.168674698795186,48.0,31.024096385542173,123.0,79.21686746987952,116.0,72.28915662650603
2,Albiano,-20,0.013360053440213761,0.13760855043420173,0.0,20,0,4597.508660729984,19025.926404812453,17.617,38.993,18.0,34.0,2,15,36,9,36,91,2,Albiano,0.02564562870258764,119.0,71.6867469879518,78.0,46.98795180722892,37.0,22.289156626506024,141.0,92.46987951807229,37.0,22.289156626506024,37.0,22.289156626506024,29.0,18.373493975903614,77.0,48.19277108433735,29.0,18.373493975903614
3,Aldeno,-28,0.011292346298619825,0.09222082810539524,0.0012547051442910915,32,4,5898.445125681148,23814.499298477403,12.683,27.198,14.0,26.0,5,17,39,12,41,91,3,Aldeno,0.036767409368335904,136.0,82.53012048192771,99.0,59.63855421686747,86.0,51.80722891566265,117.0,70.48192771084338,18.0,10.843373493975903,1.0,0.6024096385542169,1.0,1.8072289156626504,50.0,34.33734939759036,15.0,9.63855421686747
235,Altavalle,-3,0.008019740900678593,0.09561998766193708,0.0030845157310302285,8,5,4738.768503638266,17108.24434134538,23.903,40.582,25.0,37.0,4,17,32,7,27,79,235,Altavalle,0.024641466660095607,54.0,36.144578313253014,128.0,77.10843373493977,80.0,48.19277108433735,83.0,50.0,32.0,19.27710843373494,46.0,27.710843373493976,40.0,25.602409638554217,50.0,34.33734939759036,64.0,39.75903614457831
236,Altopiano della Vigolana,-23,0.008811435284903074,0.07910710789112982,0.002153906402976307,34,11,5747.1963649529225,20678.699153006975,12.345,27.887,14.0,29.0,2,16,48,6,47,83,236,Altopiano della Vigolana,0.03585900240255316,129.0,78.3132530120482,118.0,71.08433734939759,112.0,67.46987951807229,97.0,58.43373493975904,20.0,12.048192771084338,3.0,1.8072289156626504,14.0,8.433734939759036,65.0,42.46987951807229,11.0,6.626506024096386
237,Amblar-Don,-14,0.03290676416819013,0.1206581352833638,0.003656307129798903,16,2,2809.7485500341963,11421.753290551791,47.899,60.523,46.0,57.0,9,15,28,8,22,42,237,Amblar-Don,0.01652264428399121,109.0,66.86746987951807,28.0,16.867469879518072,48.0,28.915662650602407,75.0,45.18072289156627,97.0,58.43373493975904,117.0,70.48192771084338,113.0,68.97590361445783,77.0,48.19277108433735,103.0,62.951807228915655
5,Andalo,7,0.00579950289975145,0.22452361226180614,0.00579950289975145,0,7,2309.442118816465,14038.943387583,36.47,46.181,32.0,42.0,4,10,23,5,25,76,5,Andalo,0.021653926939650507,22.0,13.855421686746988,147.0,88.55421686746988,6.0,3.614457831325301,59.0,35.54216867469879,121.0,72.89156626506023,74.0,44.57831325301205,66.0,40.06024096385542,116.0,71.6867469879518,75.0,46.68674698795181
6,Arco,39,0.01854043392504931,0.22541561003099464,0.010369118061425753,145,184,4664.986973156226,16417.88719893615,32.257,35.889,33.0,39.0,4,11,25,5,25,49,6,Arco,0.02786369082448661,8.0,4.819277108433735,59.0,35.54216867469879,5.0,3.0120481927710845,32.0,19.27710843373494,33.0,19.879518072289155,26.0,15.66265060240964,48.0,31.024096385542173,109.0,67.46987951807229,75.0,46.68674698795181
7,Avio,23,0.05794621026894865,0.16161369193154035,0.03178484107579462,107,130,2273.880642445744,14727.407551492443,40.363,49.141,31.0,39.0,1,2,12,1,15,41,7,Avio,0.02034960623511935,11.0,6.927710843373494,13.0,7.83132530120482,23.0,13.855421686746988,7.0,4.216867469879518,125.0,75.30120481927712,77.0,46.3855421686747,48.0,31.024096385542173,161.0,98.49397590361446,138.0,84.03614457831326
9,Baselga di Pinè,10,0.011797090051120724,0.11895399134880062,0.006881635863153756,25,35,4431.3160323407765,18242.263619779827,16.79,40.522,18.0,36.0,4,20,30,8,28,83,9,Baselga di Pinè,0.024677952717042595,19.0,11.74698795180723,93.0,56.024096385542165,53.0,31.92771084337349,54.0,32.53012048192771,41.0,24.69879518072289,44.0,26.506024096385545,35.0,22.289156626506024,15.0,11.44578313253012,58.0,36.44578313253012
11,Bedollo,-9,0.007477906186267845,0.05914343983684568,0.0006798096532970768,10,1,3051.547281719816,14127.02411500143,24.014,44.71,27.0,45.0,3,16,27,3,23,53,11,Bedollo,0.022366360993066426,97.0,59.337349397590366,135.0,81.32530120481928,145.0,87.34939759036145,131.0,78.91566265060241,82.0,49.39759036144578,67.0,40.36144578313253,74.0,44.87951807228915,65.0,42.46987951807229,91.0,58.13253012048193
13,Besenello,-21,0.00909090909090909,0.07418181818181818,0.0007272727272727272,23,2,6624.632887126992,23141.28042648058,15.905,27.69,14.0,28.0,6,17,33,12,38,81,13,Besenello,0.03611412062116287,120.0,73.19277108433735,113.0,68.07228915662651,124.0,74.69879518072288,128.0,77.10843373493977,13.0,7.83132530120482,2.0,1.2048192771084338,11.0,7.228915662650602,50.0,34.33734939759036,25.0,15.66265060240964
15,Bieno,-4,0.013392857142857142,0.05580357142857143,0.002232142857142857,5,1,2300.8488098712432,12502.307377965764,45.502,58.599,39.0,55.0,10,17,20,14,22,36,15,Bieno,0.01706513763033499,67.0,41.86746987951807,77.0,46.3855421686747,147.0,88.55421686746988,95.0,57.22891566265061,124.0,74.69879518072288,109.0,65.66265060240963,107.0,64.7590361445783,50.0,34.33734939759036,103.0,62.951807228915655
17,Bleggio Superiore,56,0.04590163934426229,0.09901639344262295,0.04131147540983607,7,63,2614.636052895414,13481.763808943817,36.307,43.438,34.0,44.0,4,11,31,6,27,48,17,Bleggio Superiore,0.023021317740227448,7.0,4.216867469879518,20.0,12.048192771084338,76.0,45.78313253012048,5.0,3.0120481927710845,107.0,64.45783132530121,62.0,37.34939759036144,72.0,43.674698795180724,109.0,67.46987951807229,64.0,39.75903614457831
18,Bocenago,2,0.010050251256281407,0.0829145728643216,0.007537688442211055,1,3,2749.408546654976,10909.462357045963,53.241,59.211,52.0,62.0,9,12,19,11,18,35,18,Bocenago,0.016888753778858658,34.0,20.783132530120483,106.0,63.85542168674698,108.0,65.06024096385542,50.0,30.120481927710845,101.0,60.8433734939759,113.0,68.07228915662651,130.0,79.51807228915662,99.0,62.34939759036144,116.0,72.28915662650603
21,Bondone,-13,0.07020280811232449,0.0655226209048362,0.0249609984399376,29,16,1054.4716797184055,7409.087443882115,66.086,79.439,69.0,80.0,0,2,7,1,7,12,21,Bondone,0.012588275280403833,106.0,64.45783132530121,8.0,4.819277108433735,138.0,83.13253012048193,9.0,5.421686746987952,161.0,96.98795180722891,154.0,92.7710843373494,156.0,93.97590361445783,161.0,98.49397590361446,159.0,96.08433734939759
238,Borgo Chiese,167,0.11689637570188872,0.14854517611026033,0.10107197549770292,31,198,1617.2260426689381,9482.25765596679,62.168,63.471,62.0,63.0,4,6,13,5,12,28,238,Borgo Chiese,0.015755226796489736,1.0,0.6024096385542169,4.0,2.4096385542168677,30.0,18.072289156626507,1.0,0.6024096385542169,150.0,90.36144578313254,135.0,81.32530120481928,135.0,82.53012048192771,149.0,90.06024096385542,147.0,89.7590361445783
252,Borgo d'Anaunia,-89,0.04927884615384615,0.15544871794871795,0.006810897435897436,106,17,2305.5995208131426,11400.092336852425,50.735,62.981,46.0,58.0,7,11,24,9,28,45,252,Borgo d'Anaunia,0.01587780441720519,158.0,95.18072289156626,18.0,10.843373493975903,25.0,15.060240963855422,55.0,33.13253012048193,123.0,74.09638554216868,128.0,77.10843373493977,117.0,71.3855421686747,109.0,67.46987951807229,58.0,36.44578313253012
239,Borgo Lares,5,0.012605042016806723,0.08403361344537816,0.00980392156862745,2,7,2839.9914773606306,12917.07024672579,41.526,51.757,40.0,52.0,5,18,27,12,27,39,239,Borgo Lares,0.01932105802113724,28.0,17.16867469879518,87.0,52.40963855421686,106.0,63.85542168674698,40.0,24.096385542168676,94.0,56.62650602409639,86.0,51.80722891566265,96.0,58.43373493975904,34.0,25.0,64.0,39.75903614457831
22,Borgo Valsugana,88,0.027216731127345652,0.17533304684142673,0.019911187508952873,51,139,3380.987371557683,15266.284008093482,34.318,50.209,29.0,48.0,12,21,27,16,32,57,22,Borgo Valsugana,0.019916747993387638,5.0,3.0120481927710845,37.0,22.289156626506024,18.0,10.843373493975903,12.0,7.228915662650602,70.0,42.168674698795186,81.0,48.795180722891565,84.0,50.903614457831324,10.0,7.228915662650602,45.0,28.313253012048197
25,Brentonico,-22,0.007936507936507936,0.1001984126984127,0.001240079365079365,27,5,3534.0366900797576,14816.09521350509,29.41,39.5,33.0,39.0,1,14,23,2,18,38,25,Brentonico,0.02531645569620253,124.0,75.90361445783132,129.0,77.71084337349397,74.0,44.57831325301205,118.0,71.08433734939759,63.0,37.95180722891566,41.0,24.69879518072289,48.0,31.024096385542173,84.0,53.31325301204819,116.0,72.28915662650603
26,Bresimo,-3,0.012,0.052,0.0,3,0,1912.78999046783,9963.308623258228,50.691,63.057,52.0,63.0,2,15,33,4,24,41,26,Bresimo,0.01585866755475205,54.0,36.144578313253014,92.0,55.42168674698795,154.0,92.7710843373494,141.0,92.46987951807229,136.0,81.92771084337349,130.0,78.3132530120482,135.0,82.53012048192771,77.0,48.19277108433735,81.0,51.50602409638554
29,Caderzone Terme,-1,0.001447178002894356,0.09117221418234443,0.0,1,0,2826.789289030827,10991.279567899215,54.043,59.873,52.0,62.0,9,12,19,10,16,35,29,Caderzone Terme,0.01670201927413024,44.0,27.40963855421687,162.0,97.59036144578313,89.0,53.6144578313253,141.0,92.46987951807229,95.0,57.22891566265061,116.0,69.87951807228916,130.0,79.51807228915662,99.0,62.34939759036144,128.0,79.81927710843374
32,Calceranica al Lago,-6,0.010137581462708182,0.08472121650977553,0.002896451846488052,10,4,6680.131588909851,22631.691580495386,17.484,30.72,17.0,33.0,5,21,48,10,51,83,32,Calceranica al Lago,0.032552083333333336,79.0,49.39759036144578,105.0,63.25301204819277,104.0,62.65060240963856,87.0,52.40963855421686,12.0,7.228915662650602,7.0,4.216867469879518,26.0,16.265060240963855,10.0,7.228915662650602,7.0,4.216867469879518
33,Caldes,-1,0.0009165902841429881,0.10540788267644363,0.0,1,0,2481.0391855485896,11963.188758748602,51.895,63.333,47.0,57.0,7,19,33,12,32,51,33,Caldes,0.015789556787140984,44.0,27.40963855421687,164.0,98.79518072289156,66.0,39.75903614457831,141.0,92.46987951807229,113.0,68.07228915662651,134.0,80.72289156626506,113.0,68.97590361445783,24.0,17.16867469879518,45.0,28.313253012048197
34,Caldonazzo,-10,0.007220216606498195,0.07735946364105209,0.0023207839092315627,19,9,5401.188314099314,20475.064174732113,19.951,33.0,19.0,36.0,5,18,44,9,50,78,34,Caldonazzo,0.030303030303030304,101.0,61.14457831325302,138.0,83.13253012048193,115.0,69.27710843373494,93.0,56.024096385542165,23.0,13.855421686746988,13.0,7.83132530120482,35.0,22.289156626506024,34.0,25.0,8.0,5.120481927710843
35,Calliano,-16,0.013944223107569721,0.055278884462151394,0.00298804780876494,22,6,7752.09258750264,24238.03046456618,16.684,28.469,15.0,27.0,8,17,33,13,37,78,35,Calliano,0.03512592644631002,115.0,69.27710843373494,75.0,45.18072289156627,149.0,89.7590361445783,86.0,51.80722891566265,9.0,5.421686746987952,5.0,3.0120481927710845,6.0,4.819277108433735,50.0,34.33734939759036,28.0,16.867469879518072
36,Campitello di Fassa / Ciampedel,3,0.007062146892655367,0.1271186440677966,0.005649717514124294,1,4,1480.800924041196,7299.840170053535,80.98,88.45,86.0,91.0,3,5,8,4,7,12,36,Campitello di Fassa / Ciampedel,0.011305822498586773,30.0,18.97590361445783,140.0,84.33734939759037,46.0,27.710843373493976,60.0,36.144578313253014,153.0,92.16867469879519,159.0,95.78313253012048,160.0,96.3855421686747,151.0,92.7710843373494,159.0,96.08433734939759
37,Campodenno,-23,0.016490765171503958,0.10422163588390501,0.0006596306068601583,24,1,3690.4680123898634,16724.329975890803,27.156,42.21,25.0,37.0,6,20,39,10,35,85,37,Campodenno,0.02369106846718787,129.0,78.3132530120482,65.0,39.1566265060241,69.0,41.566265060240966,134.0,80.72289156626506,58.0,34.93975903614458,58.0,34.93975903614458,40.0,25.602409638554217,15.0,11.44578313253012,33.0,21.385542168674696
38,Canal San Bovo,-18,0.032764505119453925,0.14812286689419796,0.010238907849829351,33,15,867.2510208334658,6226.559722543769,80.19,91.308,86.0,97.0,2,2,4,2,4,8,38,Canal San Bovo,0.010951942874665966,117.0,70.48192771084338,29.0,17.46987951807229,31.0,18.67469879518072,36.0,21.686746987951807,163.0,98.19277108433735,162.0,97.59036144578313,163.0,98.19277108433735,161.0,98.49397590361446,163.0,99.09638554216868
39,Canazei / Cianacei,24,0.019517205957883924,0.22033898305084745,0.015921931176168466,7,31,1019.7326899959455,6581.10980435899,83.421,90.891,88.0,93.0,3,5,6,4,6,12,39,Canazei / Cianacei,0.011002189435697703,10.0,6.024096385542169,56.0,33.734939759036145,7.0,4.216867469879518,16.0,9.63855421686747,162.0,97.59036144578313,160.0,96.3855421686747,161.0,96.98795180722891,151.0,92.7710843373494,161.0,96.98795180722891
40,Capriana,-35,0.06335616438356165,0.07534246575342465,0.0017123287671232876,36,1,1799.1413015124658,11297.383537854854,42.232,52.255,42.0,51.0,0,10,18,3,16,36,40,Capriana,0.01913692469620132,144.0,86.74698795180723,11.0,6.626506024096386,121.0,72.89156626506023,108.0,65.06024096385542,139.0,83.73493975903614,90.0,54.21686746987952,93.0,56.62650602409639,116.0,71.6867469879518,128.0,79.81927710843374
42,Carisolo,3,0.003161222339304531,0.101159114857745,0.003161222339304531,0,3,3837.3889613613437,10703.349050386158,58.303,63.113,57.0,64.0,7,10,18,9,15,34,42,Carisolo,0.01584459620046583,30.0,18.97590361445783,160.0,96.3855421686747,72.0,43.373493975903614,82.0,49.39759036144578,52.0,31.32530120481928,131.0,78.91566265060241,140.0,84.93975903614458,116.0,71.6867469879518,138.0,84.03614457831326
43,Carzano,-4,0.011560693641618497,0.06358381502890173,0.0019267822736030828,5,1,5292.709567284009,15351.715571278435,38.972,52.069,35.0,50.0,12,18,24,15,24,46,43,Carzano,0.01920528529451305,67.0,41.86746987951807,96.0,57.831325301204814,141.0,84.93975903614458,101.0,60.8433734939759,24.0,14.457831325301203,88.0,53.01204819277109,90.0,54.81927710843374,34.0,25.0,81.0,51.50602409638554
45,Castel Condino,-5,0.03153153153153153,0.05405405405405406,0.0045045045045045045,6,1,1456.8754966178992,8592.114231676105,63.499,68.449,64.0,71.0,3,5,13,5,11,25,45,Castel Condino,0.014609417230346682,73.0,45.48192771084337,30.0,18.072289156626507,153.0,92.16867469879519,67.0,40.36144578313253,154.0,92.7710843373494,143.0,86.14457831325302,151.0,90.96385542168674,151.0,92.7710843373494,152.0,91.86746987951807
240,Castel Ivano,19,0.018048332823493423,0.08473539308657081,0.011930253900275314,20,39,3452.6139842925713,14281.902013111638,40.572,54.684,34.0,52.0,11,17,21,17,24,45,240,Castel Ivano,0.01828688464633165,13.0,7.83132530120482,61.0,36.74698795180723,103.0,62.048192771084345,25.0,15.060240963855422,66.0,39.75903614457831,99.0,59.63855421686747,96.0,58.43373493975904,50.0,34.33734939759036,81.0,51.50602409638554
48,Castello Tesino,0,0.020671834625323,0.11541774332472007,0.0103359173126615,12,12,1540.0232555781367,10126.88855798965,53.352,66.155,47.0,62.0,3,13,17,7,17,28,48,Castello Tesino,0.015116015418335727,37.0,24.096385542168676,52.0,31.32530120481928,57.0,34.33734939759036,34.0,20.481927710843372,152.0,91.56626506024097,141.0,84.93975903614458,130.0,79.51807228915662,94.0,57.831325301204814,125.0,75.90361445783132
47,Castello-Molina di Fiemme,-84,0.05,0.0896551724137931,0.006896551724137931,100,16,2879.0158222006303,11695.229378701059,48.435,51.867,50.0,54.0,4,9,15,7,15,45,47,Castello-Molina di Fiemme,0.01928008174754661,157.0,94.57831325301204,17.0,10.240963855421686,91.0,54.81927710843374,53.0,31.92771084337349,92.0,55.42168674698795,87.0,52.40963855421686,103.0,62.951807228915655,123.0,79.21686746987952,138.0,84.03614457831326
49,Castelnuovo,0,0.026119402985074626,0.07929104477611941,0.013059701492537313,14,14,5000.638721412964,16905.269169041192,37.179,51.291,31.0,47.0,12,18,24,16,29,52,49,Castelnuovo,0.01949659784367628,37.0,24.096385542168676,38.0,22.89156626506024,111.0,66.86746987951807,21.0,12.650602409638553,29.0,17.46987951807229,85.0,51.204819277108435,80.0,49.096385542168676,34.0,25.0,53.0,33.13253012048193
50,Cavalese,-55,0.03589108910891089,0.19232673267326733,0.011138613861386138,100,45,3155.6637320876307,11254.35294659361,50.679,54.558,53.0,57.0,5,9,14,8,16,36,50,Cavalese,0.01832911763627699,151.0,90.96385542168674,25.0,15.060240963855422,13.0,7.83132530120482,29.0,17.46987951807229,78.0,46.98795180722892,97.0,58.43373493975904,113.0,68.97590361445783,123.0,79.21686746987952,128.0,79.81927710843374
51,Cavareno,-59,0.06648936170212766,0.10106382978723404,0.0070921985815602835,67,8,3306.6969242022233,12970.581314255916,47.257,59.703,42.0,53.0,9,15,29,8,26,45,51,Cavareno,0.016749577073178902,152.0,91.56626506024097,10.0,6.024096385542169,73.0,43.97590361445783,52.0,31.32530120481928,73.0,43.97590361445783,115.0,69.27710843373494,99.0,60.54216867469879,77.0,48.19277108433735,69.0,43.07228915662651
52,Cavedago,-5,0.01263537906137184,0.0703971119133574,0.0018050541516245488,6,1,2724.9996029135573,15405.554479888553,32.363,45.744,28.0,40.0,5,14,24,8,25,87,52,Cavedago,0.02186079048618398,73.0,45.48192771084337,86.0,51.80722891566265,134.0,80.72289156626506,106.0,63.85542168674698,102.0,61.44578313253012,72.0,43.373493975903614,56.0,34.93975903614458,84.0,53.31325301204819,75.0,46.68674698795181
53,Cavedine,-22,0.008626410086264101,0.09588586595885866,0.0006635700066357001,24,2,3395.5451033115355,16733.296219026823,23.687,37.405,23.0,37.0,2,5,18,4,20,77,53,Cavedine,0.02673439379762064,124.0,75.90361445783132,121.0,72.89156626506023,79.0,47.59036144578313,133.0,80.12048192771084,68.0,40.963855421686745,33.0,19.879518072289155,40.0,25.602409638554217,151.0,92.7710843373494,112.0,68.07228915662651
54,Cavizzana,-1,0.004166666666666667,0.06666666666666667,0.0,1,0,2466.6218739544984,11614.220696860248,51.738,63.176,48.0,58.0,7,18,33,12,28,48,54,Cavizzana,0.0158287957452197,44.0,27.40963855421687,156.0,93.97590361445783,136.0,81.92771084337349,141.0,92.46987951807229,115.0,69.27710843373494,133.0,80.12048192771084,117.0,71.3855421686747,34.0,25.0,58.0,36.44578313253012
241,Cembra Lisignago,-22,0.010425716768027803,0.11207645525629888,0.0004344048653344917,23,1,4377.570542456093,17270.992244666835,22.574,40.746,23.0,35.0,3,16,30,6,27,74,241,Cembra Lisignago,0.02454228635939724,124.0,75.90361445783132,101.0,60.8433734939759,62.0,37.34939759036144,139.0,83.73493975903614,43.0,25.903614457831324,47.0,28.313253012048197,33.0,20.180722891566266,65.0,42.46987951807229,64.0,39.75903614457831
58,Cimone,-5,0.006993006993006993,0.05174825174825175,0.0,5,0,4606.271156551917,20964.999731286156,16.826,30.972,15.0,30.0,2,14,29,9,32,78,58,Cimone,0.03228722717293039,73.0,45.48192771084337,141.0,84.93975903614458,155.0,93.37349397590361,141.0,92.46987951807229,36.0,21.686746987951807,8.0,4.819277108433735,15.0,11.44578313253012,84.0,53.31325301204819,45.0,28.313253012048197
59,Cinte Tesino,3,0.014577259475218658,0.0641399416909621,0.011661807580174927,1,4,1969.180898525006,10685.131866751728,51.484,64.287,46.0,61.0,3,14,17,9,18,30,59,Cinte Tesino,0.015555244450666542,30.0,18.97590361445783,71.0,42.77108433734939,140.0,84.33734939759037,27.0,16.265060240963855,135.0,81.32530120481928,137.0,82.53012048192771,126.0,76.80722891566265,84.0,53.31325301204819,116.0,72.28915662650603
60,Cis,0,0.013289036544850499,0.09966777408637874,0.006644518272425249,2,2,2647.6303176638403,12810.487513827367,46.666,59.032,42.0,53.0,7,24,36,13,36,48,60,Cis,0.01693996476487329,37.0,24.096385542168676,79.0,47.59036144578313,75.0,45.18072289156627,56.0,33.734939759036145,106.0,63.85542168674698,110.0,66.26506024096386,99.0,60.54216867469879,4.0,3.0120481927710845,29.0,18.373493975903614
61,Civezzano,-22,0.008321096426823299,0.06558981889378365,0.0014684287812041115,28,6,11507.029855010715,27173.073338221802,6.838,34.03,9.0,27.0,4,24,41,11,61,99,61,Civezzano,0.029385836027034967,124.0,75.90361445783132,124.0,74.69879518072288,137.0,82.53012048192771,113.0,68.07228915662651,3.0,1.8072289156626504,15.0,9.036144578313253,6.0,4.819277108433735,4.0,3.0120481927710845,1.0,0.6024096385542169
62,Cles,-24,0.01034386357282639,0.24336035784176685,0.00349454850433324,49,25,2808.766070500057,14444.414075924495,40.172,54.631,35.0,46.0,5,27,40,16,43,61,62,Cles,0.018304625578883783,132.0,79.81927710843374,102.0,61.44578313253012,3.0,1.8072289156626504,76.0,45.78313253012048,98.0,59.036144578313255,98.0,59.036144578313255,76.0,46.68674698795181,1.0,0.6024096385542169,13.0,7.83132530120482
228,Comano Terme,-8,0.009641873278236915,0.14015151515151514,0.003443526170798898,18,10,2936.2384632323847,15512.966142477631,30.002,40.85,26.0,39.0,4,13,32,9,31,72,228,Comano Terme,0.024479804161566705,90.0,56.024096385542165,109.0,65.66265060240963,35.0,21.084337349397593,77.0,46.3855421686747,88.0,53.01204819277109,48.0,28.915662650602407,48.0,31.024096385542173,94.0,57.831325301204814,50.0,30.42168674698795
64,Commezzadura,-4,0.005917159763313609,0.1242603550295858,0.0009861932938856016,5,1,1997.048683068272,10571.829093887301,61.876,71.206,55.0,64.0,7,14,22,10,21,50,64,Commezzadura,0.014043760357273264,67.0,41.86746987951807,146.0,87.95180722891565,47.0,28.313253012048197,121.0,72.89156626506023,133.0,80.12048192771084,149.0,89.7590361445783,140.0,84.93975903614458,84.0,53.31325301204819,107.0,65.66265060240963
242,Contà,-8,0.008577555396711936,0.12008577555396711,0.0014295925661186562,10,2,3672.942090793501,15994.462272369208,30.116,45.473,28.0,40.0,5,19,38,8,39,81,242,Contà,0.021991071624920283,90.0,56.024096385542165,122.0,73.49397590361446,50.0,30.120481927710845,115.0,69.27710843373494,60.0,36.144578313253014,71.0,42.77108433734939,56.0,34.93975903614458,24.0,17.16867469879518,20.0,13.253012048192772
68,Croviana,-3,0.004347826086956522,0.08840579710144927,0.0,3,0,3975.18558949795,12278.581183368602,56.01,65.341,50.0,59.0,8,16,30,12,26,52,68,Croviana,0.015304326533110911,54.0,36.144578313253014,155.0,93.37349397590361,96.0,57.831325301204814,141.0,92.46987951807229,50.0,30.120481927710845,139.0,83.73493975903614,121.0,73.79518072289156,65.0,42.46987951807229,69.0,43.07228915662651
71,Dambel,0,0.00954653937947494,0.1431980906921241,0.00477326968973747,2,2,2991.7691874259503,12361.91230283279,44.441,58.289,42.0,53.0,8,20,34,11,32,47,71,Dambel,0.017155895623531026,37.0,24.096385542168676,110.0,66.26506024096386,34.0,20.481927710843372,64.0,38.55421686746988,85.0,51.204819277108435,106.0,63.85542168674698,99.0,60.54216867469879,15.0,11.44578313253012,45.0,28.313253012048197
74,Denno,-21,0.018976897689768978,0.11716171617161716,0.0008250825082508251,22,1,4018.9164318017138,17183.265348716166,28.189,43.546,25.0,37.0,6,17,41,14,39,85,74,Denno,0.022964221742525145,120.0,73.19277108433735,58.0,34.93975903614458,55.0,33.13253012048193,125.0,75.30120481927712,48.0,28.915662650602407,63.0,37.95180722891566,40.0,25.602409638554217,50.0,34.33734939759036,20.0,13.253012048192772
233,Dimaro Folgarida,-8,0.007655502392344498,0.14784688995215312,0.0019138755980861245,12,4,1992.0418381955155,10731.24144345077,59.135,68.466,53.0,62.0,7,15,25,12,23,51,233,Dimaro Folgarida,0.014605789735050976,90.0,56.024096385542165,131.0,78.91566265060241,32.0,19.27710843373494,102.0,61.44578313253012,134.0,80.72289156626506,144.0,86.74698795180723,130.0,79.51807228915662,77.0,48.19277108433735,91.0,58.13253012048193
78,Drena,-6,0.01721170395869191,0.07228915662650602,0.0034423407917383822,8,2,3702.5120578742863,16755.407258640458,28.762,35.186,28.0,36.0,2,8,18,5,17,58,78,Drena,0.028420394475075314,79.0,49.39759036144578,62.0,37.34939759036144,128.0,77.10843373493977,78.0,46.98795180722892,56.0,33.734939759036145,20.0,12.048192771084338,35.0,22.289156626506024,141.0,86.14457831325302,125.0,75.90361445783132
79,Dro,-38,0.011498810467882634,0.07831086439333862,0.0019825535289452814,48,10,4331.075042610011,17804.87899338118,30.384,35.553,28.0,33.0,2,9,23,8,23,66,79,Dro,0.028127021629679637,146.0,87.95180722891565,98.0,59.036144578313255,113.0,68.07228915662651,100.0,60.24096385542169,45.0,27.10843373493976,23.0,13.855421686746988,26.0,16.265060240963855,123.0,79.21686746987952,91.0,58.13253012048193
81,Fai della Paganella,-6,0.01978021978021978,0.11538461538461539,0.006593406593406593,12,6,2683.870458051184,16310.93429285905,30.323,45.036,25.0,36.0,3,14,23,9,24,88,81,Fai della Paganella,0.022204458655297982,79.0,49.39759036144578,54.0,32.53012048192771,58.0,34.93975903614458,57.0,34.33734939759036,105.0,63.25301204819277,68.0,40.963855421686745,35.0,22.289156626506024,84.0,53.31325301204819,81.0,51.50602409638554
83,Fiavè,-3,0.004708097928436911,0.09133709981167608,0.0009416195856873823,4,1,2815.6628698061313,14197.153929807417,36.159,39.123,33.0,43.0,3,11,28,7,24,53,83,Fiavè,0.025560412033841986,54.0,36.144578313253014,152.0,91.56626506024097,88.0,53.01204819277109,122.0,73.49397590361446,96.0,57.831325301204814,39.0,23.49397590361446,68.0,41.86746987951807,109.0,67.46987951807229,81.0,51.50602409638554
85,Fierozzo / Vlarotz,-1,0.0063025210084033615,0.07352941176470588,0.0021008403361344537,2,1,3307.4361413242123,16053.094442339032,22.445,43.731,23.0,41.0,3,10,24,4,23,71,85,Fierozzo / Vlarotz,0.022867073700578538,44.0,27.40963855421687,144.0,86.74698795180723,125.0,75.6024096385542,98.0,59.036144578313255,72.0,43.373493975903614,64.0,38.55421686746988,61.0,37.95180722891566,116.0,71.6867469879518,91.0,58.13253012048193
87,Folgaria,14,0.023499523658304225,0.1622737376945062,0.013972689742775483,30,44,2786.1911227275723,14260.396414214676,28.554,36.941,29.0,39.0,0,9,24,4,23,59,87,Folgaria,0.027070193010476164,15.0,9.036144578313253,45.0,27.10843373493976,22.0,13.253012048192772,19.0,11.44578313253012,99.0,59.63855421686747,30.0,18.072289156626507,48.0,31.024096385542173,123.0,79.21686746987952,91.0,58.13253012048193
89,Fornace,-5,0.005319148936170213,0.0972644376899696,0.0007598784194528875,6,1,5986.048283310791,20817.99640898548,12.743,38.031,15.0,33.0,5,19,34,9,38,88,89,Fornace,0.02629433882885015,73.0,45.48192771084337,148.0,89.1566265060241,77.0,46.3855421686747,127.0,76.50602409638554,17.0,10.240963855421686,35.0,21.084337349397593,26.0,16.265060240963855,24.0,17.16867469879518,25.0,15.66265060240964
90,Frassilongo / Garait,0,0.0,0.07352941176470588,0.0,0,0,4606.342466403745,18940.055107317137,18.159,42.669,19.0,37.0,5,16,27,7,28,80,90,Frassilongo / Garait,0.02343621833180998,37.0,24.096385542168676,165.0,99.69879518072288,125.0,75.6024096385542,141.0,92.46987951807229,35.0,21.084337349397593,60.0,36.144578313253014,40.0,25.602409638554217,65.0,42.46987951807229,58.0,36.44578313253012
91,Garniga Terme,-3,0.007653061224489796,0.05102040816326531,0.0,3,0,3289.69964719041,18347.16565561225,21.551,34.596,19.0,30.0,2,8,19,3,29,70,91,Garniga Terme,0.02890507573129842,54.0,36.144578313253014,132.0,79.51807228915662,157.0,94.57831325301204,141.0,92.46987951807229,75.0,45.18072289156627,19.0,11.44578313253012,15.0,11.44578313253012,141.0,86.14457831325302,53.0,33.13253012048193
92,Giovo,-29,0.013095238095238096,0.09285714285714286,0.0007936507936507937,31,2,5258.573344393354,20716.760509231208,14.967,36.183,16.0,30.0,6,17,37,8,41,98,92,Giovo,0.027637288229278942,139.0,84.33734939759037,83.0,50.0,85.0,51.204819277108435,126.0,75.90361445783132,25.0,15.060240963855422,29.0,17.46987951807229,15.0,11.44578313253012,50.0,34.33734939759036,15.0,9.63855421686747
93,Giustino,3,0.004026845637583893,0.07114093959731543,0.004026845637583893,0,3,3509.3038069477275,11474.786123395636,56.245,61.619,54.0,62.0,8,12,19,10,16,37,93,Giustino,0.016228760609552247,30.0,18.97590361445783,157.0,94.57831325301204,132.0,79.51807228915662,73.0,43.97590361445783,64.0,38.55421686746988,122.0,73.49397590361446,130.0,79.51807228915662,99.0,62.34939759036144,128.0,79.81927710843374
95,Grigno,115,0.09961127308066084,0.1564625850340136,0.07774538386783285,45,160,1595.8558811028947,11381.706895821333,49.046,63.158,41.0,56.0,1,16,18,12,21,37,95,Grigno,0.015833306944488427,4.0,2.4096385542168677,5.0,3.0120481927710845,24.0,14.457831325301203,2.0,1.2048192771084338,151.0,90.96385542168674,132.0,79.51807228915662,109.0,66.56626506024097,65.0,42.46987951807229,107.0,65.66265060240963
97,Imer,-15,0.03321976149914821,0.08773424190800681,0.010221465076660987,27,12,2112.991790212449,6664.330640805619,86.924,95.199,94.0,98.0,2,4,4,2,4,6,97,Imer,0.010504312020084245,114.0,68.67469879518072,27.0,16.265060240963855,97.0,58.43373493975904,38.0,22.89156626506024,127.0,76.50602409638554,164.0,98.79518072289156,164.0,98.79518072289156,158.0,95.48192771084338,163.0,99.09638554216868
98,Isera,-14,0.00867992766726944,0.05063291139240506,0.0018083182640144665,19,5,9739.269484541204,25714.70629074827,24.516,34.57,21.0,27.0,8,18,28,14,34,67,98,Isera,0.028926815157651144,109.0,66.86746987951807,119.0,71.6867469879518,159.0,95.78313253012048,105.0,63.25301204819277,6.0,3.614457831325301,18.0,10.843373493975903,6.0,4.819277108433735,34.0,25.0,39.0,24.69879518072289
102,Lavarone,25,0.037910699241786014,0.18112889637742208,0.02948609941027801,10,35,2317.069368972439,12798.422712284388,31.79,40.914,33.0,41.0,0,7,18,2,18,54,102,Lavarone,0.024441511463068874,9.0,5.421686746987952,22.0,13.253012048192772,16.0,9.63855421686747,8.0,4.819277108433735,120.0,72.28915662650603,49.0,29.518072289156628,61.0,37.95180722891566,146.0,88.55421686746988,116.0,72.28915662650603
103,Lavis,-132,0.03003398005042201,0.13197413131645291,0.007782527677299134,203,71,7660.385465781817,25798.53085302689,10.491,33.978,11.0,26.0,4,20,48,11,55,114,103,Lavis,0.029430808169992346,161.0,96.98795180722891,32.0,19.27710843373494,45.0,27.10843373493976,47.0,28.313253012048197,10.0,6.024096385542169,14.0,8.433734939759036,1.0,1.8072289156626504,15.0,11.44578313253012,4.0,2.4096385542168677
229,Ledro,-17,0.008933662801748716,0.18513590572134575,0.0028511689792815056,32,15,1768.739373929302,10798.590960147532,40.096,56.215,43.0,54.0,0,3,10,1,10,31,229,Ledro,0.017788846393311394,116.0,69.87951807228916,116.0,69.87951807228916,15.0,9.036144578313253,88.0,53.01204819277109,143.0,86.14457831325302,104.0,62.65060240963856,103.0,62.951807228915655,160.0,96.3855421686747,154.0,93.37349397590361
104,Levico Terme,-24,0.009666625356301896,0.15392241913496096,0.0033461395464121947,51,27,4446.938663012364,18376.113723353104,21.116,36.962,20.0,41.0,6,23,40,9,41,75,104,Levico Terme,0.027054813051241813,132.0,79.81927710843374,108.0,65.06024096385542,26.0,15.66265060240964,79.0,47.59036144578313,40.0,24.096385542168676,31.0,18.67469879518072,61.0,37.95180722891566,7.0,4.819277108433735,15.0,9.63855421686747
106,Livo,-2,0.007633587786259542,0.10432569974554708,0.002544529262086514,4,2,2306.5009811569303,12053.393788586423,48.243,61.624,44.0,56.0,7,23,34,12,35,48,106,Livo,0.01622744385304427,48.0,30.42168674698795,133.0,80.12048192771084,68.0,40.963855421686745,89.0,53.915662650602414,122.0,73.49397590361446,123.0,74.09638554216868,109.0,66.56626506024097,7.0,4.819277108433735,33.0,21.385542168674696
108,Lona-Lases,-14,0.016055045871559634,0.0871559633027523,0.0,14,0,5191.172003306146,20217.311571144375,15.62,38.749,17.0,35.0,6,19,33,9,35,88,108,Lona-Lases,0.025807117603034915,109.0,66.86746987951807,67.0,40.36144578313253,98.0,59.036144578313255,141.0,92.46987951807229,26.0,15.66265060240964,36.0,21.686746987951807,33.0,20.180722891566266,24.0,17.16867469879518,33.0,21.385542168674696
109,Luserna / Lusérn,0,0.02973977695167286,0.16728624535315986,0.01486988847583643,4,4,2004.6354705490871,11868.395668075713,35.831,44.408,36.0,46.0,0,5,13,1,13,48,109,Luserna / Lusérn,0.02251846514141596,37.0,24.096385542168676,33.0,19.879518072289155,21.0,12.650602409638553,18.0,10.843373493975903,131.0,78.91566265060241,66.0,39.75903614457831,76.0,46.68674698795181,151.0,92.7710843373494,143.0,87.04819277108435
243,Madruzzo,-23,0.009158751696065129,0.08514246947082768,0.0006784260515603799,25,2,4428.661966680624,20155.817295267116,17.618,34.23,17.0,32.0,2,9,23,5,36,89,243,Madruzzo,0.0292141396435875,129.0,78.3132530120482,112.0,67.46987951807229,102.0,61.44578313253012,132.0,79.51807228915662,42.0,25.301204819277107,16.0,9.63855421686747,24.0,14.759036144578314,123.0,79.21686746987952,29.0,18.373493975903614
110,Malé,-9,0.00847457627118644,0.13336306868867082,0.0022301516503122213,14,5,2719.9698126260337,11462.354018340746,55.157,64.488,50.0,59.0,7,17,30,13,26,52,110,Malé,0.01550676094777323,97.0,59.337349397590366,123.0,74.09638554216868,41.0,24.69879518072289,96.0,57.831325301204814,103.0,62.048192771084345,138.0,83.13253012048193,121.0,73.79518072289156,50.0,34.33734939759036,69.0,43.07228915662651
112,Massimeno,0,0.0,0.04861111111111111,0.0,0,0,3290.3848787964307,10390.20747859934,57.209,62.583,56.0,64.0,8,12,17,9,16,33,112,Massimeno,0.015978780179921066,37.0,24.096385542168676,165.0,99.69879518072288,161.0,96.98795180722891,141.0,92.46987951807229,74.0,44.57831325301205,125.0,75.30120481927712,140.0,84.93975903614458,99.0,62.34939759036144,128.0,79.81927710843374
113,Mazzin / Mazin,-2,0.006745362563237774,0.0893760539629005,0.0016863406408094434,3,1,1628.469829226348,7665.3831700350775,76.969,84.465,81.0,87.0,4,5,9,5,9,13,113,Mazzin / Mazin,0.01183922334694844,48.0,30.42168674698795,142.0,85.54216867469879,93.0,56.024096385542165,109.0,65.66265060240963,148.0,89.1566265060241,158.0,95.18072289156626,159.0,95.78313253012048,151.0,92.7710843373494,157.0,94.87951807228916
114,Mezzana,5,0.012528473804100227,0.1366742596810934,0.009111617312072893,3,8,1711.6336508351717,9996.273431983069,65.301,74.632,58.0,67.0,6,12,18,10,18,42,114,Mezzana,0.013399078143423731,28.0,17.16867469879518,88.0,53.01204819277109,39.0,23.49397590361446,42.0,25.301204819277107,146.0,87.95180722891565,151.0,90.96385542168674,145.0,87.95180722891565,99.0,62.34939759036144,116.0,72.28915662650603
115,Mezzano,-36,0.03134796238244514,0.09467084639498433,0.00438871473354232,43,7,1740.9428697174576,6461.985529224376,88.228,96.006,95.0,100.0,2,4,4,3,4,6,115,Mezzano,0.010416015665687561,145.0,87.34939759036145,31.0,18.67469879518072,82.0,49.39759036144578,69.0,41.566265060240966,144.0,86.74698795180723,165.0,99.3975903614458,165.0,99.3975903614458,158.0,95.48192771084338,163.0,99.09638554216868
116,Mezzocorona,-209,0.0585357013410656,0.13320043494019573,0.010329829648423342,266,57,6085.280782387706,22597.785075000276,20.347,37.008,16.0,27.0,6,18,34,12,50,105,116,Mezzocorona,0.027021184608733245,163.0,98.19277108433735,12.0,7.228915662650602,42.0,25.301204819277107,35.0,21.084337349397593,15.0,9.036144578313253,32.0,19.27710843373494,6.0,4.819277108433735,34.0,25.0,8.0,5.120481927710843
117,Mezzolombardo,-269,0.04795353235174929,0.15115493718762663,0.005808456031338646,312,43,5711.178236085434,21827.738534599637,19.018,37.859,17.0,28.0,9,19,39,14,52,101,117,Mezzolombardo,0.026413798568372115,165.0,99.3975903614458,19.0,11.44578313253012,28.0,16.867469879518072,58.0,34.93975903614458,21.0,12.650602409638553,34.0,20.481927710843372,11.0,7.228915662650602,24.0,17.16867469879518,6.0,3.614457831325301
118,Moena / Moena,71,0.03755690440060698,0.16957511380880122,0.032245827010622154,14,85,1338.159529584338,8224.442986252776,68.638,73.929,72.0,77.0,3,9,12,5,12,16,118,Moena / Moena,0.013526491633864924,6.0,3.614457831325301,23.0,13.855421686746988,20.0,12.048192771084338,6.0,3.614457831325301,157.0,94.57831325301204,150.0,90.36144578313254,154.0,92.7710843373494,123.0,79.21686746987952,147.0,89.7590361445783
120,Molveno,-9,0.00985663082437276,0.19265232974910393,0.0008960573476702509,10,1,2050.772013959264,13051.86751645455,41.109,44.147,37.0,43.0,3,7,20,5,22,67,120,Molveno,0.022651595804924457,97.0,59.337349397590366,107.0,64.45783132530121,12.0,7.228915662650602,123.0,74.09638554216868,129.0,77.71084337349397,65.0,39.1566265060241,68.0,41.86746987951807,146.0,88.55421686746988,103.0,62.951807228915655
123,Mori,-91,0.012885825591848966,0.0945959444610928,0.0018979122964738787,110,19,5431.219391507773,20795.520486826845,29.971,36.004,26.0,32.0,7,20,27,12,29,64,123,Mori,0.027774691700922123,159.0,95.78313253012048,84.0,50.602409638554214,83.0,50.0,103.0,62.048192771084345,22.0,13.253012048192772,27.0,16.265060240963855,24.0,14.759036144578314,15.0,11.44578313253012,53.0,33.13253012048193
124,Nago-Torbole,-9,0.0236331569664903,0.1111111111111111,0.010229276895943563,38,29,5130.972679341152,18303.282567997318,24.761,40.331,25.0,34.0,4,14,30,5,26,49,124,Nago-Torbole,0.0247948228409908,97.0,59.337349397590366,42.0,25.301204819277107,63.0,37.95180722891566,37.0,22.289156626506024,27.0,16.265060240963855,43.0,25.903614457831324,29.0,18.373493975903614,84.0,53.31325301204819,69.0,43.07228915662651
127,Nogaredo,-13,0.009200968523002421,0.06295399515738499,0.0014527845036319612,16,3,9926.591075550316,27485.397106249635,24.681,32.188,18.0,27.0,10,17,28,12,36,73,127,Nogaredo,0.03106747856343979,106.0,64.45783132530121,111.0,66.86746987951807,142.0,85.54216867469879,114.0,68.67469879518072,5.0,3.0120481927710845,12.0,7.228915662650602,6.0,4.819277108433735,50.0,34.33734939759036,29.0,18.373493975903614
128,Nomi,-12,0.015302218821729151,0.07651109410864575,0.00306044376434583,16,4,7821.293872858652,24540.565609093486,19.303,27.972,18.0,30.0,9,17,31,13,35,69,128,Nomi,0.03575003575003575,104.0,62.951807228915655,69.0,41.566265060240966,117.0,70.48192771084338,84.0,50.602409638554214,8.0,4.819277108433735,4.0,2.4096385542168677,15.0,11.44578313253012,50.0,34.33734939759036,33.0,21.385542168674696
129,Novaledo,13,0.01912568306010929,0.075591985428051,0.015482695810564663,4,17,3947.2287191894566,18415.994492910475,25.808,41.737,23.0,42.0,6,20,36,17,39,70,129,Novaledo,0.023959556269017898,16.0,9.63855421686747,57.0,34.33734939759036,120.0,72.28915662650603,17.0,10.240963855421686,51.0,30.72289156626506,56.0,33.734939759036145,66.0,40.06024096385542,15.0,11.44578313253012,20.0,13.253012048192772
253,Novella,-54,0.021727019498607242,0.1192200557103064,0.003342618384401114,66,12,2525.9722706587836,12624.185635687922,44.765,59.162,42.0,53.0,9,23,34,14,35,48,253,Novella,0.016902741624691527,150.0,90.36144578313254,49.0,29.518072289156628,52.0,31.32530120481928,80.0,48.19277108433735,112.0,67.46987951807229,112.0,67.46987951807229,99.0,60.54216867469879,7.0,4.819277108433735,33.0,21.385542168674696
130,Ospedaletto,10,0.027918781725888325,0.0799492385786802,0.02030456852791878,6,16,2707.042257925417,14041.8591649083,41.844,55.265,35.0,50.0,10,17,21,15,24,42,130,Ospedaletto,0.01809463494074007,19.0,11.74698795180723,35.0,21.084337349397593,110.0,66.26506024096386,11.0,6.626506024096386,104.0,62.65060240963856,100.0,60.24096385542169,90.0,54.81927710843374,50.0,34.33734939759036,81.0,51.50602409638554
131,Ossana,-2,0.007246376811594203,0.13285024154589373,0.0024154589371980675,4,2,1700.773248982351,9150.83654104319,70.566,79.897,64.0,72.0,4,10,15,8,15,30,131,Ossana,0.012516114497415421,48.0,30.42168674698795,137.0,82.53012048192771,43.0,25.903614457831324,91.0,54.81927710843374,147.0,88.55421686746988,155.0,93.37349397590361,152.0,91.56626506024097,116.0,71.6867469879518,138.0,84.03614457831326
133,Palù del Fersina / Palai en Bernstol,-2,0.012048192771084338,0.05421686746987952,0.0,2,0,2889.0173658217473,13993.554801470153,25.137,45.101,28.0,44.0,4,9,24,5,21,58,133,Palù del Fersina / Palai en Bernstol,0.0221724573734507,48.0,30.42168674698795,90.0,54.21686746987952,152.0,91.56626506024097,141.0,92.46987951807229,91.0,54.81927710843374,69.0,41.566265060240966,72.0,43.674698795180724,123.0,79.21686746987952,107.0,65.66265060240963
134,Panchià,-14,0.017135862913096694,0.0587515299877601,0.0,14,0,3116.059700867066,11389.46099138328,55.253,60.589,57.0,63.0,6,9,14,6,13,26,134,Panchià,0.01650464605786529,109.0,66.86746987951807,63.0,37.95180722891566,146.0,87.95180722891565,141.0,92.46987951807229,79.0,47.59036144578313,118.0,71.08433734939759,135.0,82.53012048192771,123.0,79.21686746987952,143.0,87.04819277108435
136,Peio,-6,0.004378762999452655,0.13409961685823754,0.0005473453749315818,7,1,827.916647929811,7062.709341698346,81.84,91.17,75.0,84.0,0,5,9,3,10,17,136,Peio,0.010968520346605243,79.0,49.39759036144578,154.0,92.7710843373494,40.0,24.096385542168676,137.0,82.53012048192771,164.0,98.79518072289156,161.0,96.98795180722891,158.0,95.18072289156626,151.0,92.7710843373494,154.0,93.37349397590361
137,Pellizzano,1,0.001287001287001287,0.11711711711711711,0.001287001287001287,0,1,1783.146477605905,9593.19015856246,68.742,78.073,61.0,70.0,4,11,16,9,16,36,137,Pellizzano,0.012808525354475941,36.0,21.686746987951807,163.0,98.19277108433735,56.0,33.734939759036145,116.0,69.87951807228916,140.0,84.33734939759037,153.0,92.16867469879519,150.0,90.36144578313254,109.0,67.46987951807229,128.0,79.81927710843374
138,Pelugo,-2,0.010178117048346057,0.04834605597964377,0.002544529262086514,3,1,2962.942504412121,11991.763490811132,48.312,58.021,46.0,57.0,11,16,22,12,21,35,138,Pelugo,0.017235139001396046,48.0,30.42168674698795,104.0,62.65060240963856,162.0,97.59036144578313,89.0,53.915662650602414,86.0,51.80722891566265,105.0,63.25301204819277,113.0,68.97590361445783,65.0,42.46987951807229,107.0,65.66265060240963
139,Pergine Valsugana,-92,0.00884337910169886,0.17225971608098672,0.0022806609262276006,141,49,5891.170615777874,22424.9245670843,11.373,39.341,12.0,30.0,9,20,47,16,56,97,139,Pergine Valsugana,0.02541877430670293,160.0,96.3855421686747,117.0,70.48192771084338,19.0,11.44578313253012,94.0,56.62650602409639,19.0,11.44578313253012,40.0,24.096385542168676,15.0,11.44578313253012,15.0,11.44578313253012,3.0,1.8072289156626504
234,Pieve di Bono-Prezzo,6,0.016794961511546535,0.0867739678096571,0.010496850944716585,9,15,1876.1496099334565,9774.295443587083,57.078,67.798,57.0,68.0,4,9,21,5,17,28,234,Pieve di Bono-Prezzo,0.01474969763119856,25.0,15.66265060240964,64.0,38.55421686746988,100.0,60.24096385542169,30.0,18.072289156626507,138.0,83.13253012048193,142.0,85.54216867469879,148.0,89.1566265060241,123.0,79.21686746987952,125.0,75.90361445783132
142,Pieve Tesino,2,0.012403100775193798,0.08682170542635659,0.007751937984496124,3,5,1997.8915400389374,11089.13105597657,50.229,63.032,44.0,59.0,5,14,17,10,19,33,142,Pieve Tesino,0.01586495748191395,34.0,20.783132530120483,89.0,53.6144578313253,99.0,59.63855421686747,48.0,28.915662650602407,132.0,79.51807228915662,129.0,77.71084337349397,121.0,73.79518072289156,84.0,53.31325301204819,115.0,69.27710843373494
143,Pinzolo,23,0.019639407598197038,0.18609143593045718,0.013522215067611075,19,42,2570.494391739766,10076.09875638738,57.812,62.943,56.0,63.0,8,12,17,9,16,36,143,Pinzolo,0.01588739017841539,11.0,6.927710843373494,55.0,33.13253012048193,14.0,8.433734939759036,20.0,12.048192771084338,109.0,65.66265060240963,127.0,76.50602409638554,135.0,82.53012048192771,99.0,62.34939759036144,128.0,79.81927710843374
144,Pomarolo,-29,0.01272055806319245,0.03652031185884284,0.0004103405826836274,30,1,10014.404496358564,25757.689503368365,21.944,31.204,22.0,28.0,10,18,28,12,34,72,144,Pomarolo,0.032047173439302655,139.0,84.33734939759037,85.0,51.204819277108435,165.0,99.3975903614458,140.0,84.33734939759037,4.0,2.4096385542168677,10.0,6.024096385542169,11.0,7.228915662650602,34.0,25.0,39.0,24.69879518072289
244,Porte di Rendena,-4,0.003395585738539898,0.09451046972269384,0.0005659309564233164,5,1,2577.64146943131,11961.605912093575,45.711,55.58,43.0,54.0,8,19,22,14,23,37,244,Porte di Rendena,0.017992083483267363,67.0,41.86746987951807,159.0,95.78313253012048,84.0,50.602409638554214,136.0,81.92771084337349,108.0,65.06024096385542,101.0,60.8433734939759,103.0,62.951807228915655,24.0,17.16867469879518,91.0,58.13253012048193
230,Predaia,-81,0.013976754450492864,0.13917904958069738,0.0010298661174047373,88,7,2547.995460425023,13353.730392212392,34.817,50.466,34.0,45.0,2,21,39,5,38,62,230,Predaia,0.019815321206356755,156.0,93.97590361445783,74.0,44.57831325301205,36.0,21.686746987951807,119.0,71.6867469879518,110.0,66.26506024096386,83.0,50.0,74.0,44.87951807228915,10.0,7.228915662650602,25.0,15.66265060240964
147,Predazzo,-21,0.014406028368794326,0.21032801418439717,0.004875886524822695,43,22,1619.4055215656406,9279.69699888046,62.29,65.425,63.0,67.0,4,9,14,6,16,23,147,Predazzo,0.015284677111196026,120.0,73.19277108433735,73.0,43.97590361445783,9.0,5.421686746987952,63.0,37.95180722891566,149.0,89.7590361445783,140.0,84.33734939759037,145.0,87.95180722891565,123.0,79.21686746987952,128.0,79.81927710843374
245,Primiero San Martino di Castrozza,-28,0.05124282982791587,0.20210325047801148,0.022944550669216062,148,120,680.2085288686835,6117.219439979361,85.776,91.854,85.0,95.0,0,2,4,1,5,14,245,Primiero San Martino di Castrozza,0.010886842162562327,136.0,82.53012048192771,16.0,9.63855421686747,10.0,6.024096385542169,10.0,6.024096385542169,165.0,99.3975903614458,163.0,98.19277108433735,162.0,97.59036144578313,161.0,98.49397590361446,162.0,97.59036144578313
150,Rabbi,-2,0.0014925373134328358,0.1328358208955224,0.0,2,0,1335.7125994326648,9278.267038548018,61.906,71.204,57.0,66.0,3,10,20,6,18,37,150,Rabbi,0.014044154822762767,48.0,30.42168674698795,161.0,96.98795180722891,44.0,26.506024096385545,141.0,92.46987951807229,158.0,95.18072289156626,148.0,89.1566265060241,143.0,86.44578313253012,116.0,71.6867469879518,116.0,72.28915662650603
153,Riva del Garda,-76,0.02362382728608568,0.20051995026562677,0.009664292980671414,247,171,4338.503762983206,15149.194129480433,31.609,41.319,32.0,39.0,3,11,26,4,25,44,153,Riva del Garda,0.024201940995667852,154.0,92.7710843373494,43.0,25.903614457831324,11.0,6.626506024096386,41.0,24.69879518072289,44.0,26.506024096385545,52.0,31.32530120481928,48.0,31.024096385542173,109.0,67.46987951807229,75.0,46.68674698795181
155,Romeno,-49,0.03666427030913012,0.102803738317757,0.0007189072609633358,50,1,2856.1103036332706,12951.893766790905,45.053,58.553,40.0,51.0,9,16,31,11,30,47,155,Romeno,0.01707854422489027,149.0,89.7590361445783,24.0,14.457831325301203,71.0,42.77108433734939,129.0,77.71084337349397,93.0,56.024096385542165,108.0,65.06024096385542,93.0,56.62650602409639,65.0,42.46987951807229,52.0,31.32530120481928
156,Roncegno Terme,9,0.012044046799724708,0.07226428079834825,0.007570543702684102,13,22,3686.457860883357,15991.331770015197,31.269,47.198,28.0,47.0,9,18,29,17,34,57,156,Roncegno Terme,0.021187338446544347,21.0,12.650602409638553,91.0,54.81927710843374,129.0,77.71084337349397,49.0,29.518072289156628,59.0,35.54216867469879,75.0,45.18072289156627,80.0,49.096385542168676,34.0,25.0,39.0,24.69879518072289
157,Ronchi Valsugana,-6,0.01312910284463895,0.05470459518599562,0.0,6,0,3725.3727413302486,14556.496258211278,34.645,50.173,32.0,47.0,9,18,26,11,26,53,157,Ronchi Valsugana,0.01993103860642178,79.0,49.39759036144578,80.0,48.19277108433735,151.0,90.96385542168674,141.0,92.46987951807229,54.0,32.53012048192771,80.0,48.19277108433735,80.0,49.096385542168676,34.0,25.0,69.0,43.07228915662651
135,Ronzo-Chienis,-6,0.00808080808080808,0.08383838383838384,0.00101010101010101,7,1,3179.2322891177037,14351.216874023854,30.743,35.54,32.0,39.0,1,11,22,1,21,42,135,Ronzo-Chienis,0.028137310073157007,79.0,49.39759036144578,127.0,76.50602409638554,107.0,64.45783132530121,120.0,72.28915662650603,77.0,46.3855421686747,22.0,13.253012048192772,48.0,31.024096385542173,109.0,67.46987951807229,107.0,65.66265060240963
159,Ronzone,-28,0.0801781737193764,0.0801781737193764,0.008908685968819599,32,4,3977.5974853176244,12637.308129122575,49.527,61.607,45.0,56.0,7,14,27,8,23,44,159,Ronzone,0.016231921697209734,136.0,82.53012048192771,7.0,4.216867469879518,109.0,65.66265060240963,43.0,25.903614457831324,49.0,29.518072289156628,121.0,72.89156626506023,109.0,66.56626506024097,84.0,53.31325301204819,91.0,58.13253012048193
160,Roverè della Luna,-164,0.12110091743119267,0.11314984709480122,0.010397553516819572,181,17,3389.807168638658,16813.755280842946,24.51,40.916,25.0,34.0,3,13,29,4,27,84,160,Roverè della Luna,0.024440316746505035,162.0,97.59036144578313,2.0,1.2048192771084338,61.0,36.74698795180723,31.0,18.67469879518072,69.0,41.566265060240966,50.0,30.120481927710845,29.0,18.373493975903614,94.0,57.831325301204814,64.0,39.75903614457831
161,Rovereto,152,0.020020070245860513,0.22732062217762167,0.011916708479678876,323,475,5112.683087054693,19823.1252210287,26.161,39.089,20.0,30.0,9,18,27,12,34,70,161,Rovereto,0.025582644733812582,2.0,1.2048192771084338,53.0,31.92771084337349,4.0,2.4096385542168677,26.0,15.66265060240964,28.0,16.867469879518072,38.0,22.89156626506024,15.0,11.44578313253012,34.0,25.0,39.0,24.69879518072289
162,Ruffrè-Mendola,-47,0.11750599520383694,0.08872901678657075,0.002398081534772182,48,1,1882.078101191803,10535.848859369637,53.369,62.666,49.0,60.0,6,9,22,8,16,39,162,Ruffrè-Mendola,0.015957616570389046,147.0,88.85542168674698,3.0,1.8072289156626504,95.0,57.22891566265061,92.0,55.42168674698795,137.0,82.53012048192771,126.0,75.90361445783132,125.0,75.30120481927712,123.0,79.21686746987952,128.0,79.81927710843374
163,Rumo,-3,0.013647642679900745,0.12034739454094293,0.004962779156327543,7,4,1455.5091331650701,9435.83762616921,56.119,69.5,54.0,66.0,1,10,27,4,23,41,163,Rumo,0.014388489208633094,54.0,36.144578313253014,76.0,45.78313253012048,49.0,29.518072289156628,62.0,37.34939759036144,155.0,93.37349397590361,147.0,88.55421686746988,143.0,86.44578313253012,116.0,71.6867469879518,91.0,58.13253012048193
164,Sagron Mis,-29,0.18435754189944134,0.03910614525139665,0.0111731843575419,31,2,586.5458821971788,5030.604671065266,103.887,109.569,105.0,112.0,0,2,4,0,4,4,164,Sagron Mis,0.009126669039600617,139.0,84.33734939759037,1.0,0.6024096385542169,164.0,98.79518072289156,28.0,16.867469879518072,166.0,100.0,166.0,100.0,166.0,100.0,161.0,98.49397590361446,163.0,99.09638554216868
165,Samone,7,0.023679417122040074,0.07285974499089254,0.018214936247723135,3,10,3637.118510878401,13000.921161359593,42.506,55.603,38.0,55.0,10,17,21,16,22,38,165,Samone,0.01798464111648652,22.0,13.855421686746988,41.0,24.69879518072289,127.0,76.50602409638554,14.0,8.433734939759036,62.0,37.34939759036144,102.0,61.44578313253012,107.0,64.7590361445783,50.0,34.33734939759036,103.0,62.951807228915655
250,San Giovanni di Fassa / Sèn Jan,17,0.01567225735496288,0.2543304921638713,0.010173219686554854,20,37,1188.8173865393492,7348.96706657801,73.918,81.113,78.0,83.0,5,6,10,5,10,15,250,San Giovanni di Fassa / Sèn Jan,0.012328480021698125,14.0,8.433734939759036,68.0,40.963855421686745,2.0,1.2048192771084338,39.0,23.49397590361446,159.0,95.78313253012048,156.0,93.97590361445783,157.0,94.57831325301204,149.0,90.06024096385542,154.0,93.37349397590361
231,San Lorenzo Dorsino,-6,0.003838771593090211,0.10748560460652591,0.0,6,0,2203.201079903655,13632.654813335917,35.598,45.913,32.0,43.0,2,9,23,5,23,62,231,San Lorenzo Dorsino,0.021780323655609522,79.0,49.39759036144578,158.0,95.18072289156626,65.0,39.1566265060241,141.0,92.46987951807229,126.0,75.90361445783132,73.0,43.97590361445783,68.0,41.86746987951807,123.0,79.21686746987952,91.0,58.13253012048193
167,San Michele all'Adige,-213,0.0690434345970374,0.11448656791363294,0.007783078081847854,244,31,6564.455993778075,22930.645814600786,15.923,36.073,17.0,26.0,6,19,36,12,49,106,167,San Michele all'Adige,0.027721564605106313,164.0,98.79518072289156,9.0,5.421686746987952,59.0,35.54216867469879,46.0,27.710843373493976,14.0,8.433734939759036,28.0,16.867469879518072,1.0,1.8072289156626504,24.0,17.16867469879518,10.0,6.024096385542169
168,Sant'Orsola Terme,-8,0.01078167115902965,0.07637017070979335,0.0017969451931716084,10,2,4237.07115633091,16711.21372840533,18.608,40.547,22.0,41.0,4,15,27,5,25,73,168,Sant'Orsola Terme,0.024662737070560093,90.0,56.024096385542165,100.0,60.24096385542169,118.0,71.08433734939759,107.0,64.45783132530121,46.0,27.710843373493976,45.0,27.10843373493976,61.0,37.95180722891566,77.0,48.19277108433735,75.0,46.68674698795181
169,Sanzeno,-14,0.02178649237472767,0.11437908496732026,0.0032679738562091504,17,3,3010.344390388429,14972.771828456045,38.953,53.427,34.0,46.0,10,24,38,16,40,63,169,Sanzeno,0.01871712804387295,109.0,66.86746987951807,48.0,28.915662650602407,60.0,36.144578313253014,81.0,48.795180722891565,84.0,50.602409638554214,94.0,56.62650602409639,76.0,46.68674698795181,4.0,3.0120481927710845,18.0,11.144578313253012
170,Sarnonico,-26,0.05786163522012579,0.09559748427672957,0.012578616352201259,36,10,3798.533941527218,12976.184791112371,48.722,60.647,43.0,56.0,9,15,28,9,26,45,170,Sarnonico,0.01648886177387175,134.0,80.72289156626506,14.0,8.433734939759036,81.0,48.795180722891565,22.0,13.253012048192772,53.0,31.92771084337349,119.0,71.6867469879518,109.0,66.56626506024097,77.0,48.19277108433735,69.0,43.07228915662651
171,Scurelle,6,0.01624815361890694,0.10487444608567208,0.0103397341211226,8,14,4895.883739823683,15246.615099290904,38.911,53.023,33.0,49.0,12,18,24,17,24,44,171,Scurelle,0.018859740112781246,25.0,15.66265060240964,66.0,39.75903614457831,67.0,40.36144578313253,33.0,19.879518072289155,31.0,18.67469879518072,93.0,56.024096385542165,86.0,52.71084337349398,34.0,25.0,81.0,51.50602409638554
172,Segonzano,-5,0.00501432664756447,0.07521489971346705,0.0007163323782234957,6,1,3452.279576846411,15885.910055382967,23.088,41.272,24.0,40.0,4,14,30,8,31,72,172,Segonzano,0.024229501841442142,73.0,45.48192771084337,150.0,90.36144578313254,122.0,73.49397590361446,130.0,78.3132530120482,67.0,40.36144578313253,51.0,30.72289156626506,56.0,34.93975903614458,84.0,53.31325301204819,50.0,30.42168674698795
246,Sella Giudicarie,-13,0.008641548565502939,0.0905634289664708,0.002073971655720705,19,6,1778.6578113902406,9988.240298860073,51.182,62.438,50.0,61.0,3,12,24,8,23,32,246,Sella Giudicarie,0.016015887760658574,106.0,64.45783132530121,120.0,72.28915662650603,90.0,54.21686746987952,99.0,59.63855421686747,141.0,84.93975903614458,124.0,74.69879518072288,126.0,76.80722891566265,99.0,62.34939759036144,91.0,58.13253012048193
173,Sfruz,-3,0.008174386920980926,0.08446866485013624,0.0,3,0,2906.4900599763682,11763.126285167993,39.654,53.997,42.0,54.0,2,16,35,5,29,47,173,Sfruz,0.018519547382261976,54.0,36.144578313253014,126.0,75.90361445783132,105.0,63.25301204819277,141.0,92.46987951807229,90.0,54.21686746987952,95.0,57.22891566265061,103.0,62.951807228915655,65.0,42.46987951807229,53.0,33.13253012048193
176,Soraga di Fassa / Soraga,7,0.024531024531024532,0.15007215007215008,0.017316017316017316,5,12,1721.1552482506609,8505.907990042466,70.862,76.689,74.0,79.0,3,8,12,6,12,16,176,Soraga di Fassa / Soraga,0.013039679745465452,22.0,13.855421686746988,39.0,23.49397590361446,29.0,17.46987951807229,15.0,9.036144578313253,145.0,87.34939759036145,152.0,91.56626506024097,155.0,93.37349397590361,141.0,86.14457831325302,147.0,89.7590361445783
177,Sover,-7,0.008985879332477536,0.07445442875481387,0.0,7,0,2416.0958735448266,12832.680040207133,32.032,48.198,33.0,49.0,3,12,27,3,24,41,177,Sover,0.020747748869247688,86.0,52.71084337349398,115.0,69.27710843373494,123.0,74.09638554216868,141.0,92.46987951807229,119.0,71.6867469879518,76.0,45.78313253012048,86.0,52.71084337349398,99.0,62.34939759036144,81.0,51.50602409638554
179,Spiazzo,-4,0.00642570281124498,0.10843373493975904,0.001606425702811245,6,2,2422.615558772536,11268.202938775588,49.896,59.084,48.0,59.0,10,16,22,12,20,34,179,Spiazzo,0.016925055852684313,67.0,41.86746987951807,143.0,86.14457831325302,64.0,38.55421686746988,110.0,66.26506024096386,117.0,70.48192771084338,111.0,66.86746987951807,121.0,73.79518072289156,65.0,42.46987951807229,112.0,68.07228915662651
180,Spormaggiore,-30,0.023734177215189875,0.09177215189873418,0.0,30,0,3342.066687251832,17946.364253213516,26.947,41.386,23.0,36.0,6,18,31,13,39,91,180,Spormaggiore,0.02416276035374281,142.0,85.54216867469879,40.0,24.096385542168676,87.0,52.40963855421686,141.0,92.46987951807229,71.0,42.77108433734939,54.0,32.53012048192771,35.0,22.289156626506024,34.0,25.0,20.0,13.253012048192772
181,Sporminore,-7,0.018439716312056736,0.10354609929078014,0.00425531914893617,10,3,3691.78806710669,16904.540575983738,26.276,41.323,24.0,37.0,8,21,36,9,35,84,181,Sporminore,0.02419959828666844,86.0,52.71084337349398,60.0,36.144578313253014,70.0,42.168674698795186,72.0,43.373493975903614,57.0,34.33734939759036,53.0,31.92771084337349,40.0,25.602409638554217,10.0,7.228915662650602,33.0,21.385542168674696
182,Stenico,-7,0.0059931506849315065,0.08904109589041095,0.0,7,0,2913.913905115498,14644.183189643818,32.083,43.434,30.0,41.0,5,13,32,8,32,62,182,Stenico,0.023023437859741216,86.0,52.71084337349398,145.0,87.34939759036145,94.0,56.62650602409639,141.0,92.46987951807229,89.0,53.6144578313253,61.0,36.74698795180723,61.0,37.95180722891566,94.0,57.831325301204814,45.0,28.313253012048197
183,Storo,151,0.09693088982115257,0.1788474276882314,0.06513579156546699,144,295,1349.036742436058,8950.398952333213,55.708,69.426,57.0,67.0,1,7,9,6,9,28,183,Storo,0.014403825656094259,3.0,1.8072289156626504,6.0,3.614457831325301,17.0,10.240963855421686,3.0,1.8072289156626504,156.0,93.97590361445783,146.0,87.95180722891565,145.0,87.95180722891565,146.0,88.55421686746988,157.0,94.87951807228916
184,Strembo,-3,0.0049586776859504135,0.07107438016528926,0.0,3,0,2958.8942848529314,11033.801073026752,53.007,59.388,51.0,61.0,9,13,19,12,18,35,184,Strembo,0.016838418535731123,54.0,36.144578313253014,151.0,90.96385542168674,133.0,80.12048192771084,141.0,92.46987951807229,87.0,52.40963855421686,114.0,68.67469879518072,126.0,76.80722891566265,94.0,57.831325301204814,116.0,72.28915662650603
188,Telve,-12,0.007399577167019027,0.06923890063424948,0.0005285412262156448,13,1,4639.379619142532,15265.414220568555,37.986,52.098,34.0,48.0,12,18,24,14,24,54,188,Telve,0.01919459480210373,104.0,62.951807228915655,136.0,81.92771084337349,135.0,81.32530120481928,138.0,83.13253012048193,34.0,20.481927710843372,89.0,53.6144578313253,84.0,50.903614457831324,34.0,25.0,81.0,51.50602409638554
189,Telve di Sopra,-3,0.005050505050505051,0.03367003367003367,0.0,3,0,4576.4350015034015,14028.146734857824,39.244,52.341,36.0,49.0,11,18,24,13,23,47,189,Telve di Sopra,0.01910548136260293,54.0,36.144578313253014,149.0,89.7590361445783,166.0,100.0,141.0,92.46987951807229,38.0,22.89156626506024,91.0,54.81927710843374,86.0,52.71084337349398,34.0,25.0,91.0,58.13253012048193
190,Tenna,-8,0.007619047619047619,0.049523809523809526,0.0,8,0,6079.147415128828,21546.456023501,17.6,35.852,17.0,38.0,5,20,43,10,46,80,190,Tenna,0.027892446725426758,90.0,56.024096385542165,134.0,80.72289156626506,160.0,96.3855421686747,141.0,92.46987951807229,16.0,9.63855421686747,25.0,15.060240963855422,46.0,28.012048192771083,15.0,11.44578313253012,12.0,7.228915662650602
191,Tenno,-11,0.011569416498993963,0.060362173038229376,0.0030181086519114686,17,6,4502.612502312464,14908.375293671474,30.233,41.432,34.0,43.0,2,9,23,4,18,47,191,Tenno,0.024135933577910794,103.0,62.048192771084345,95.0,57.22891566265061,143.0,86.14457831325302,85.0,51.204819277108435,39.0,23.49397590361446,55.0,33.13253012048193,68.0,41.86746987951807,123.0,79.21686746987952,116.0,72.28915662650603
193,Terragnolo,-5,0.007132667617689016,0.05135520684736091,0.0,5,0,3239.7008681789375,14605.117222442626,33.115,35.432,33.0,40.0,0,12,19,3,16,40,193,Terragnolo,0.028223075186272293,73.0,45.48192771084337,139.0,83.73493975903614,156.0,93.97590361445783,141.0,92.46987951807229,76.0,45.78313253012048,21.0,12.650602409638553,56.0,34.93975903614458,99.0,62.34939759036144,128.0,79.81927710843374
251,Terre d'Adige,-65,0.022637795275590553,0.05479002624671916,0.0006561679790026247,67,2,6866.899378489155,24801.360576266525,13.017,34.535,13.0,26.0,5,21,44,10,54,113,251,Terre d'Adige,0.028956131460836834,153.0,92.16867469879519,46.0,27.710843373493976,150.0,90.36144578313254,135.0,81.32530120481928,11.0,6.626506024096386,17.0,10.240963855421686,1.0,1.8072289156626504,10.0,7.228915662650602,5.0,3.0120481927710845
195,Terzolas,-3,0.007751937984496124,0.07131782945736434,0.0015503875968992248,4,1,3061.839110320023,12181.334089106422,53.327,63.646,48.0,58.0,8,18,34,13,28,51,195,Terzolas,0.015711906482732615,54.0,36.144578313253014,130.0,78.3132530120482,131.0,78.91566265060241,111.0,66.86746987951807,81.0,48.795180722891565,136.0,81.92771084337349,117.0,71.3855421686747,34.0,25.0,58.0,36.44578313253012
196,Tesero,-19,0.02077656675749319,0.15326975476839236,0.00715258855585831,40,21,2421.468080209722,10903.770499093065,55.025,58.529,58.0,61.0,6,9,13,6,13,28,196,Tesero,0.01708554733550889,118.0,71.08433734939759,51.0,30.72289156626506,27.0,16.265060240963855,51.0,30.72289156626506,118.0,71.08433734939759,107.0,64.45783132530121,126.0,76.80722891566265,123.0,79.21686746987952,143.0,87.04819277108435
199,Tione di Trento,12,0.013118338343809785,0.21508608909538124,0.008198961464881116,18,30,2437.1164093444,12049.312780229464,43.502,54.374,41.0,52.0,6,19,25,13,25,39,199,Tione di Trento,0.018391142825615183,17.0,10.240963855421686,81.0,48.795180722891565,8.0,4.819277108433735,45.0,27.10843373493976,116.0,69.87951807228916,96.0,57.831325301204814,96.0,58.43373493975904,24.0,17.16867469879518,75.0,46.68674698795181
200,Ton,-27,0.023538344722854973,0.09719058466211086,0.0015186028853454822,29,2,3481.666150890349,16484.050203138646,27.087,42.552,25.0,38.0,5,20,40,11,34,84,200,Ton,0.023500658018424516,135.0,81.32530120481928,44.0,26.506024096385545,78.0,46.98795180722892,112.0,67.46987951807229,65.0,39.1566265060241,59.0,35.54216867469879,46.0,28.012048192771083,15.0,11.44578313253012,39.0,24.69879518072289
202,Torcegno,-3,0.004418262150220913,0.06480117820324006,0.0,3,0,3643.3716600766434,13454.92824423567,36.955,51.067,35.0,50.0,9,17,24,12,24,44,202,Torcegno,0.019582117610198367,54.0,36.144578313253014,153.0,92.16867469879519,139.0,83.73493975903614,141.0,92.46987951807229,61.0,36.74698795180723,84.0,50.602409638554214,90.0,54.81927710843374,50.0,34.33734939759036,81.0,51.50602409638554
203,Trambileno,-3,0.011580381471389645,0.042915531335149866,0.004768392370572207,10,7,12019.602246793547,24051.376708559284,24.887,35.697,25.0,30.0,7,16,26,9,28,63,203,Trambileno,0.028013558562344172,54.0,36.144578313253014,94.0,56.62650602409639,163.0,98.19277108433735,65.0,39.1566265060241,2.0,1.2048192771084338,24.0,14.457831325301203,15.0,11.44578313253012,65.0,42.46987951807229,58.0,36.44578313253012
247,Tre Ville,-4,0.011552346570397111,0.07220216606498195,0.004332129963898917,10,6,2538.5345111126794,13197.031908508738,38.865,50.241,36.0,47.0,6,19,27,11,29,41,247,Tre Ville,0.019904062419139747,67.0,41.86746987951807,97.0,58.43373493975904,130.0,78.3132530120482,71.0,42.77108433734939,111.0,66.86746987951807,82.0,49.39759036144578,80.0,49.096385542168676,24.0,17.16867469879518,53.0,33.13253012048193
205,Trento,-310,0.02725513885251303,0.3174387266290986,0.012318038576244266,1768,1458,3702.6191769996376,16446.88151583664,26.161,40.172,20.0,34.0,2,25,51,11,60,110,205,Trento,0.02489296027083541,166.0,100.0,36.0,21.686746987951807,1.0,0.6024096385542169,24.0,14.457831325301203,55.0,33.13253012048193,42.0,25.301204819277107,29.0,18.373493975903614,2.0,1.5060240963855422,2.0,1.2048192771084338
232,Valdaone,-3,0.013100436681222707,0.050655021834061134,0.005240174672489083,9,6,1774.9060499546215,9281.721615157507,58.55,68.624,59.0,69.0,4,9,19,5,12,26,232,Valdaone,0.01457216134297039,54.0,36.144578313253014,82.0,49.39759036144578,158.0,95.18072289156626,61.0,36.74698795180723,142.0,85.54216867469879,145.0,87.34939759036145,149.0,89.7590361445783,123.0,79.21686746987952,147.0,89.7590361445783
209,Valfloriana,-10,0.02145922746781116,0.055793991416309016,0.0,10,0,2066.7906090848983,11627.442658360247,38.509,49.575,40.0,51.0,1,12,21,5,20,41,209,Valfloriana,0.020171457387796268,101.0,61.14457831325302,50.0,30.120481927710845,148.0,89.1566265060241,141.0,92.46987951807229,128.0,77.10843373493977,78.0,46.98795180722892,93.0,56.62650602409639,99.0,62.34939759036144,112.0,68.07228915662651
210,Vallarsa,-8,0.01455604075691412,0.07787481804949054,0.004366812227074236,14,6,2012.9856728597126,12120.946315344358,40.363,49.655,40.0,46.0,0,2,12,0,12,27,210,Vallarsa,0.020138958815829222,90.0,56.024096385542165,72.0,43.373493975903614,114.0,68.67469879518072,70.0,42.168674698795186,130.0,78.3132530120482,79.0,47.59036144578313,76.0,46.68674698795181,161.0,98.49397590361446,147.0,89.7590361445783
248,Vallelaghi,-7,0.010255417956656347,0.0756578947368421,0.00445046439628483,30,23,4923.555075511216,21556.416149841578,19.159,31.256,19.0,30.0,1,9,33,6,42,96,248,Vallelaghi,0.03199385717942155,86.0,52.71084337349398,103.0,62.048192771084345,119.0,71.6867469879518,68.0,40.963855421686745,30.0,18.072289156626507,11.0,6.626506024096386,15.0,11.44578313253012,123.0,79.21686746987952,14.0,8.433734939759036
213,Vermiglio,11,0.033498077979132346,0.1455244371224602,0.019769357495881382,25,36,1142.9430052214752,8253.339030162068,74.505,83.214,67.0,75.0,3,8,13,6,13,24,213,Vermiglio,0.012017208642776457,18.0,10.843373493975903,26.0,15.66265060240964,33.0,19.879518072289155,13.0,7.83132530120482,160.0,96.3855421686747,157.0,94.57831325301204,153.0,92.16867469879519,141.0,86.14457831325302,143.0,87.04819277108435
216,Vignola-Falesina,6,0.055248618784530384,0.07734806629834254,0.04419889502762431,2,8,4201.548472305577,16860.85588682545,19.095,42.036,21.0,40.0,3,16,33,2,23,73,216,Vignola-Falesina,0.023789133123988962,25.0,15.66265060240964,15.0,9.036144578313253,116.0,69.87951807228916,4.0,2.4096385542168677,47.0,28.313253012048197,57.0,34.33734939759036,56.0,34.93975903614458,65.0,42.46987951807229,91.0,58.13253012048193
222,Villa Lagarina,-21,0.009083830781209447,0.05969374513366208,0.0018167661562418895,28,7,12405.219905921964,31653.05439254163,22.881,31.183,17.0,26.0,10,19,27,12,39,78,222,Villa Lagarina,0.03206875541160248,120.0,73.19277108433735,114.0,68.67469879518072,144.0,86.74698795180723,104.0,62.65060240963856,1.0,0.6024096385542169,9.0,5.421686746987952,1.0,1.8072289156626504,24.0,17.16867469879518,20.0,13.253012048192772
249,Ville d'Anaunia,-31,0.008240016902598775,0.11831819142193112,0.0008451299387280794,35,4,3022.3804282105343,14270.134273915,37.8,52.621,36.0,49.0,4,25,41,10,40,59,249,Ville d'Anaunia,0.019003819767773322,143.0,86.14457831325302,125.0,75.30120481927712,54.0,32.53012048192771,124.0,74.69879518072288,83.0,50.0,92.0,55.42168674698795,86.0,52.71084337349398,2.0,1.5060240963855422,18.0,11.144578313253012
254,Ville di Fiemme,-79,0.039104024297646166,0.08959757023538345,0.004555808656036446,91,12,3063.548861636601,10639.91515894821,52.931,55.884,55.0,58.0,4,8,11,5,11,32,254,Ville di Fiemme,0.017894209433827215,155.0,93.37349397590361,21.0,12.650602409638553,92.0,55.42168674698795,66.0,39.75903614457831,80.0,48.19277108433735,103.0,62.048192771084345,117.0,71.3855421686747,141.0,86.14457831325302,152.0,91.86746987951807
224,Volano,-22,0.015121630506245891,0.08547008547008547,0.0039447731755424065,34,12,8891.77974784818,25094.177574036526,20.633,29.018,19.0,30.0,9,17,30,12,33,69,224,Volano,0.03446136880556896,124.0,75.90361445783132,70.0,42.168674698795186,101.0,60.8433734939759,74.0,44.57831325301205,7.0,4.216867469879518,6.0,3.614457831325301,15.0,11.44578313253012,50.0,34.33734939759036,44.0,26.506024096385545
226,Ziano di Fiemme,-8,0.029595902105862264,0.11952191235059761,0.012521343198634035,30,22,2469.1998049787057,10457.097305875988,58.06,60.858,57.0,63.0,4,9,14,7,14,25,226,Ziano di Fiemme,0.01643169345032699,90.0,56.024096385542165,34.0,20.481927710843372,51.0,30.72289156626506,23.0,13.855421686746988,114.0,68.67469879518072,120.0,72.28915662650603,135.0,82.53012048192771,123.0,79.21686746987952,142.0,85.54216867469879
