Comune_norm,profile_path
Ala,data/exports_phase2/profiles/001_Ala.md
Albiano,data/exports_phase2/profiles/002_Albiano.md
Aldeno,data/exports_phase2/profiles/003_Aldeno.md
Altavalle,data/exports_phase2/profiles/235_Altavalle.md
Altopiano della Vigolana,data/exports_phase2/profiles/236_Altopiano della Vigolana.md
Amblar-Don,data/exports_phase2/profiles/237_Amblar-Don.md
Andalo,data/exports_phase2/profiles/005_Andalo.md
Arco,data/exports_phase2/profiles/006_Arco.md
Avio,data/exports_phase2/profiles/007_Avio.md
Baselga di Pinè,data/exports_phase2/profiles/009_Baselga di Pinè.md
Bedollo,data/exports_phase2/profiles/011_Bedollo.md
Besenello,data/exports_phase2/profiles/013_Besenello.md
Bieno,data/exports_phase2/profiles/015_Bieno.md
Bleggio Superiore,data/exports_phase2/profiles/017_Bleggio Superiore.md
Bocenago,data/exports_phase2/profiles/018_Bocenago.md
Bondone,data/exports_phase2/profiles/021_Bondone.md
Borgo Chiese,data/exports_phase2/profiles/238_Borgo Chiese.md
Borgo d'Anaunia,data/exports_phase2/profiles/252_Borgo d'Anaunia.md
Borgo Lares,data/exports_phase2/profiles/239_Borgo Lares.md
Borgo Valsugana,data/exports_phase2/profiles/022_Borgo Valsugana.md
Brentonico,data/exports_phase2/profiles/025_Brentonico.md
Bresimo,data/exports_phase2/profiles/026_Bresimo.md
Caderzone Terme,data/exports_phase2/profiles/029_Caderzone Terme.md
Calceranica al Lago,data/exports_phase2/profiles/032_Calceranica al Lago.md
Caldes,data/exports_phase2/profiles/033_Caldes.md
Caldonazzo,data/exports_phase2/profiles/034_Caldonazzo.md
Calliano,data/exports_phase2/profiles/035_Calliano.md
Campitello di Fassa / Ciampedel,data/exports_phase2/profiles/036_Campitello di Fassa - Ciampedel.md
Campodenno,data/exports_phase2/profiles/037_Campodenno.md
Canal San Bovo,data/exports_phase2/profiles/038_Canal San Bovo.md
Canazei / Cianacei,data/exports_phase2/profiles/039_Canazei - Cianacei.md
Capriana,data/exports_phase2/profiles/040_Capriana.md
Carisolo,data/exports_phase2/profiles/042_Carisolo.md
Carzano,data/exports_phase2/profiles/043_Carzano.md
Castel Condino,data/exports_phase2/profiles/045_Castel Condino.md
Castel Ivano,data/exports_phase2/profiles/240_Castel Ivano.md
Castello Tesino,data/exports_phase2/profiles/048_Castello Tesino.md
Castello-Molina di Fiemme,data/exports_phase2/profiles/047_Castello-Molina di Fiemme.md
Castelnuovo,data/exports_phase2/profiles/049_Castelnuovo.md
Cavalese,data/exports_phase2/profiles/050_Cavalese.md
Cavareno,data/exports_phase2/profiles/051_Cavareno.md
Cavedago,data/exports_phase2/profiles/052_Cavedago.md
Cavedine,data/exports_phase2/profiles/053_Cavedine.md
Cavizzana,data/exports_phase2/profiles/054_Cavizzana.md
Cembra Lisignago,data/exports_phase2/profiles/241_Cembra Lisignago.md
Cimone,data/exports_phase2/profiles/058_Cimone.md
Cinte Tesino,data/exports_phase2/profiles/059_Cinte Tesino.md
Cis,data/exports_phase2/profiles/060_Cis.md
Civezzano,data/exports_phase2/profiles/061_Civezzano.md
Cles,data/exports_phase2/profiles/062_Cles.md
Comano Terme,data/exports_phase2/profiles/228_Comano Terme.md
Commezzadura,data/exports_phase2/profiles/064_Commezzadura.md
Contà,data/exports_phase2/profiles/242_Contà.md
Croviana,data/exports_phase2/profiles/068_Croviana.md
Dambel,data/exports_phase2/profiles/071_Dambel.md
Denno,data/exports_phase2/profiles/074_Denno.md
Dimaro Folgarida,data/exports_phase2/profiles/233_Dimaro Folgarida.md
Drena,data/exports_phase2/profiles/078_Drena.md
Dro,data/exports_phase2/profiles/079_Dro.md
Fai della Paganella,data/exports_phase2/profiles/081_Fai della Paganella.md
Fiavè,data/exports_phase2/profiles/083_Fiavè.md
Fierozzo / Vlarotz,data/exports_phase2/profiles/085_Fierozzo - Vlarotz.md
Folgaria,data/exports_phase2/profiles/087_Folgaria.md
Fornace,data/exports_phase2/profiles/089_Fornace.md
Frassilongo / Garait,data/exports_phase2/profiles/090_Frassilongo - Garait.md
Garniga Terme,data/exports_phase2/profiles/091_Garniga Terme.md
Giovo,data/exports_phase2/profiles/092_Giovo.md
Giustino,data/exports_phase2/profiles/093_Giustino.md
Grigno,data/exports_phase2/profiles/095_Grigno.md
Imer,data/exports_phase2/profiles/097_Imer.md
Isera,data/exports_phase2/profiles/098_Isera.md
Lavarone,data/exports_phase2/profiles/102_Lavarone.md
Lavis,data/exports_phase2/profiles/103_Lavis.md
Ledro,data/exports_phase2/profiles/229_Ledro.md
Levico Terme,data/exports_phase2/profiles/104_Levico Terme.md
Livo,data/exports_phase2/profiles/106_Livo.md
Lona-Lases,data/exports_phase2/profiles/108_Lona-Lases.md
Luserna / Lusérn,data/exports_phase2/profiles/109_Luserna - Lusérn.md
Madruzzo,data/exports_phase2/profiles/243_Madruzzo.md
Malé,data/exports_phase2/profiles/110_Malé.md
Massimeno,data/exports_phase2/profiles/112_Massimeno.md
Mazzin / Mazin,data/exports_phase2/profiles/113_Mazzin - Mazin.md
Mezzana,data/exports_phase2/profiles/114_Mezzana.md
Mezzano,data/exports_phase2/profiles/115_Mezzano.md
Mezzocorona,data/exports_phase2/profiles/116_Mezzocorona.md
Mezzolombardo,data/exports_phase2/profiles/117_Mezzolombardo.md
Moena / Moena,data/exports_phase2/profiles/118_Moena - Moena.md
Molveno,data/exports_phase2/profiles/120_Molveno.md
Mori,data/exports_phase2/profiles/123_Mori.md
Nago-Torbole,data/exports_phase2/profiles/124_Nago-Torbole.md
Nogaredo,data/exports_phase2/profiles/127_Nogaredo.md
Nomi,data/exports_phase2/profiles/128_Nomi.md
Novaledo,data/exports_phase2/profiles/129_Novaledo.md
Novella,data/exports_phase2/profiles/253_Novella.md
Ospedaletto,data/exports_phase2/profiles/130_Ospedaletto.md
Ossana,data/exports_phase2/profiles/131_Ossana.md
Palù del Fersina / Palai en Bernstol,data/exports_phase2/profiles/133_Palù del Fersina - Palai en Bernstol.md
Panchià,data/exports_phase2/profiles/134_Panchià.md
Peio,data/exports_phase2/profiles/136_Peio.md
Pellizzano,data/exports_phase2/profiles/137_Pellizzano.md
Pelugo,data/exports_phase2/profiles/138_Pelugo.md
Pergine Valsugana,data/exports_phase2/profiles/139_Pergine Valsugana.md
Pieve di Bono-Prezzo,data/exports_phase2/profiles/234_Pieve di Bono-Prezzo.md
Pieve Tesino,data/exports_phase2/profiles/142_Pieve Tesino.md
Pinzolo,data/exports_phase2/profiles/143_Pinzolo.md
Pomarolo,data/exports_phase2/profiles/144_Pomarolo.md
Porte di Rendena,data/exports_phase2/profiles/244_Porte di Rendena.md
Predaia,data/exports_phase2/profiles/230_Predaia.md
Predazzo,data/exports_phase2/profiles/147_Predazzo.md
Primiero San Martino di Castrozza,data/exports_phase2/profiles/245_Primiero San Martino di Castrozza.md
Rabbi,data/exports_phase2/profiles/150_Rabbi.md
Riva del Garda,data/exports_phase2/profiles/153_Riva del Garda.md
Romeno,data/exports_phase2/profiles/155_Romeno.md
Roncegno Terme,data/exports_phase2/profiles/156_Roncegno Terme.md
Ronchi Valsugana,data/exports_phase2/profiles/157_Ronchi Valsugana.md
Ronzo-Chienis,data/exports_phase2/profiles/135_Ronzo-Chienis.md
Ronzone,data/exports_phase2/profiles/159_Ronzone.md
Roverè della Luna,data/exports_phase2/profiles/160_Roverè della Luna.md
Rovereto,data/exports_phase2/profiles/161_Rovereto.md
Ruffrè-Mendola,data/exports_phase2/profiles/162_Ruffrè-Mendola.md
Rumo,data/exports_phase2/profiles/163_Rumo.md
Sagron Mis,data/exports_phase2/profiles/164_Sagron Mis.md
Samone,data/exports_phase2/profiles/165_Samone.md
San Giovanni di Fassa / Sèn Jan,data/exports_phase2/profiles/250_San Giovanni di Fassa - Sèn Jan.md
San Lorenzo Dorsino,data/exports_phase2/profiles/231_San Lorenzo Dorsino.md
San Michele all'Adige,data/exports_phase2/profiles/167_San Michele all'Adige.md
Sant'Orsola Terme,data/exports_phase2/profiles/168_Sant'Orsola Terme.md
Sanzeno,data/exports_phase2/profiles/169_Sanzeno.md
Sarnonico,data/exports_phase2/profiles/170_Sarnonico.md
Scurelle,data/exports_phase2/profiles/171_Scurelle.md
Segonzano,data/exports_phase2/profiles/172_Segonzano.md
Sella Giudicarie,data/exports_phase2/profiles/246_Sella Giudicarie.md
Sfruz,data/exports_phase2/profiles/173_Sfruz.md
Soraga di Fassa / Soraga,data/exports_phase2/profiles/176_Soraga di Fassa - Soraga.md
Sover,data/exports_phase2/profiles/177_Sover.md
Spiazzo,data/exports_phase2/profiles/179_Spiazzo.md
Spormaggiore,data/exports_phase2/profiles/180_Spormaggiore.md
Sporminore,data/exports_phase2/profiles/181_Sporminore.md
Stenico,data/exports_phase2/profiles/182_Stenico.md
Storo,data/exports_phase2/profiles/183_Storo.md
Strembo,data/exports_phase2/profiles/184_Strembo.md
Telve,data/exports_phase2/profiles/188_Telve.md
Telve di Sopra,data/exports_phase2/profiles/189_Telve di Sopra.md
Tenna,data/exports_phase2/profiles/190_Tenna.md
Tenno,data/exports_phase2/profiles/191_Tenno.md
Terragnolo,data/exports_phase2/profiles/193_Terragnolo.md
Terre d'Adige,data/exports_phase2/profiles/251_Terre d'Adige.md
Terzolas,data/exports_phase2/profiles/195_Terzolas.md
Tesero,data/exports_phase2/profiles/196_Tesero.md
Tione di Trento,data/exports_phase2/profiles/199_Tione di Trento.md
Ton,data/exports_phase2/profiles/200_Ton.md
Torcegno,data/exports_phase2/profiles/202_Torcegno.md
Trambileno,data/exports_phase2/profiles/203_Trambileno.md
Tre Ville,data/exports_phase2/profiles/247_Tre Ville.md
Trento,data/exports_phase2/profiles/205_Trento.md
Valdaone,data/exports_phase2/profiles/232_Valdaone.md
Valfloriana,data/exports_phase2/profiles/209_Valfloriana.md
Vallarsa,data/exports_phase2/profiles/210_Vallarsa.md
Vallelaghi,data/exports_phase2/profiles/248_Vallelaghi.md
Vermiglio,data/exports_phase2/profiles/213_Vermiglio.md
Vignola-Falesina,data/exports_phase2/profiles/216_Vignola-Falesina.md
Villa Lagarina,data/exports_phase2/profiles/222_Villa Lagarina.md
Ville d'Anaunia,data/exports_phase2/profiles/249_Ville d'Anaunia.md
Ville di Fiemme,data/exports_phase2/profiles/254_Ville di Fiemme.md
Volano,data/exports_phase2/profiles/224_Volano.md
Ziano di Fiemme,data/exports_phase2/profiles/226_Ziano di Fiemme.md
