id_comune,comune,popolazione,lavoratori_in_entrata,lavoratori_in_uscita,saldo_netto,autocontenimento_pct,autocontenimento_pct_media_prov,autocontenimento_pct_delta,autocontenimento_pct_zscore,autocontenimento_pct_class,attrattivita_pct,attrattivita_pct_media_prov,attrattivita_pct_delta,attrattivita_pct_zscore,attrattivita_pct_class,intensita_pendolarismo,intensita_pendolarismo_media_prov,intensita_pendolarismo_delta,intensita_pendolarismo_zscore,intensita_pendolarismo_class,indice_bilancio_in_out,indice_bilancio_in_out_media_prov,indice_bilancio_in_out_delta,indice_bilancio_in_out_zscore,indice_bilancio_in_out_class,dist_media_poli_km_16,dist_media_poli_km_16_media_prov,dist_media_poli_km_16_delta,dist_media_poli_km_16_zscore,dist_media_poli_km_16_class,tempo_medio_poli_min_16,tempo_medio_poli_min_16_media_prov,tempo_medio_poli_min_16_delta,tempo_medio_poli_min_16_zscore,tempo_medio_poli_min_16_class,cluster
1,Ala,8797,2263,3317,-1054,36.26771178776003,29.54859943341843,6.719112354341597,0.4568278908345,sopra_media,46.840477242598325,52.96274518634444,-6.122267943746117,-0.3835696613235396,sotto_media,0.3608048198249403,0.4095086668982223,-0.048703847073282,-0.4187393032882299,sotto_media,0.6822429906542056,0.6886917325833647,-0.0064487419291591,-0.0171171202686567,sotto_media,53.23386666666667,57.025571385542165,-3.7917047188754935,-0.2326678478316478,sotto_media,45.2,54.1844126506024,-8.984412650602401,-0.5274764827029411,sotto_media,3
2,Albiano,1497,604,548,56,37.591240875912405,29.54859943341843,8.042641442493974,0.5468137356772458,sopra_media,65.89403973509934,52.96274518634444,12.9312945487549,0.8101658268007581,sopra_media,0.4943219772879091,0.4095086668982223,0.0848133103896868,0.7291963291669521,sopra_media,1.102189781021898,0.6886917325833647,0.4134980484385332,1.0975622693122968,sopra_media,39.605500000000006,57.025571385542165,-17.42007138554216,-1.0689362223200205,sotto_media,37.5625,54.1844126506024,-16.621912650602404,-0.975875481425868,sotto_media,2
3,Aldeno,3188,625,1378,-753,21.335268505079828,29.54859943341843,-8.213330928338603,-0.5584187980268347,sotto_media,52.96,52.96274518634444,-0.0027451863444483,-0.0001719902176914,sotto_media,0.4438519447929736,0.4095086668982223,0.0343432778947512,0.2952719574009029,sopra_media,0.4535558780841799,0.6886917325833647,-0.2351358544991847,-0.6241292867895468,sotto_media,35.4563125,57.025571385542165,-21.56925888554217,-1.3235400476308905,sotto_media,33.625,54.1844126506024,-20.559412650602404,-1.207046814646362,sotto_media,0
235,Altavalle,1621,260,598,-338,25.91973244147157,29.54859943341843,-3.628866991946861,-0.246724205017772,sotto_media,40.38461538461539,52.96274518634444,-12.578129801729055,-0.788039503083337,sotto_media,0.338062924120913,0.4095086668982223,-0.0714457427773093,-0.6142664769061446,sotto_media,0.4347826086956521,0.6886917325833647,-0.2539091238877125,-0.673959829473587,sotto_media,43.4285625,57.025571385542165,-13.597008885542166,-0.834344187878932,sotto_media,40.1875,54.1844126506024,-13.996912650602404,-0.8217612592788719,sotto_media,3
236,Altopiano della Vigolana,5107,750,2166,-1416,18.65189289012004,29.54859943341843,-10.896706543298391,-0.740859685729319,sotto_media,46.13333333333333,52.96274518634444,-6.829411853011109,-0.4278733331451636,sotto_media,0.4127667906794595,0.4095086668982223,0.0032581237812371,0.0280122529156532,sopra_media,0.3462603878116344,0.6886917325833647,-0.3424313447717303,-0.908927442996604,sotto_media,37.593625,57.025571385542165,-19.43194638554216,-1.1923895661487354,sotto_media,38.9375,54.1844126506024,-15.246912650602404,-0.8951489841107748,sotto_media,3
237,Amblar-Don,547,126,203,-77,32.51231527093596,29.54859943341843,2.963715837517526,0.2015010292559104,sopra_media,47.61904761904761,52.96274518634444,-5.343697567296829,-0.3347910096285822,sotto_media,0.360146252285192,0.4095086668982223,-0.0493624146130303,-0.4244014455897926,sotto_media,0.6206896551724138,0.6886917325833647,-0.0680020774109508,-0.1805002821245684,sotto_media,61.7048125,57.025571385542165,4.679241114457838,0.2871291517418437,sopra_media,57.75,54.1844126506024,3.565587349397596,0.2093362746093638,sopra_media,3
5,Andalo,1207,650,380,270,71.3157894736842,29.54859943341843,41.767190040265774,2.8397229166512474,sopra_media,58.30769230769231,52.96274518634444,5.3449471213478645,0.334869296144064,sopra_media,0.404308202154101,0.4095086668982223,-0.0052004647441212,-0.0447118475148744,sotto_media,1.7105263157894737,0.6886917325833647,1.0218345832061089,2.712291117795197,sopra_media,49.3126875,57.025571385542165,-7.712883885542169,-0.4732805498516512,sotto_media,43.875,54.1844126506024,-10.309412650602404,-0.6052674710247583,sotto_media,2
6,Arco,17745,8344,6866,1478,58.25808330905913,29.54859943341843,28.7094838756407,1.951938332655131,sopra_media,52.06136145733461,52.96274518634444,-0.9013837290098294,-0.0564731003013394,sotto_media,0.4063116370808678,0.4095086668982223,-0.0031970298173544,-0.0274869875534967,sotto_media,1.2152636178269736,0.6886917325833647,0.5265718852436089,1.3976980919413982,sopra_media,47.144866666666665,57.025571385542165,-9.8807047188755,-0.6063030938449662,sotto_media,44.2,54.1844126506024,-9.9844126506024,-0.5861866625684634,sotto_media,2
7,Avio,4090,1336,1560,-224,42.37179487179487,29.54859943341843,12.823195438376436,0.8718403588067567,sopra_media,50.52395209580839,52.96274518634444,-2.438793090536052,-0.1527942011637466,sotto_media,0.384841075794621,0.4095086668982223,-0.0246675911036013,-0.2120836552599027,sotto_media,0.8564102564102564,0.6886917325833647,0.1677185238268916,0.445181118296174,sopra_media,56.230625,57.025571385542165,-0.7949463855421612,-0.0487797648759144,sotto_media,43.8125,54.1844126506024,-10.371912650602404,-0.6089368572663535,sotto_media,3
9,Baselga di Pinè,5086,1037,1976,-939,30.61740890688259,29.54859943341843,1.0688094734641602,0.0726676310377621,sopra_media,41.658630665380905,52.96274518634444,-11.304114520963536,-0.708220453304011,sotto_media,0.3545025560361777,0.4095086668982223,-0.0550061108620446,-0.4729240485728132,sotto_media,0.5247975708502024,0.6886917325833647,-0.1638941617331623,-0.435029980814108,sotto_media,42.4260625,57.025571385542165,-14.599508885542164,-0.8958599267733893,sotto_media,40.3125,54.1844126506024,-13.871912650602404,-0.8144224867956816,sotto_media,3
11,Bedollo,1471,164,555,-391,15.675675675675675,29.54859943341843,-13.872923757742754,-0.9432106751217528,sotto_media,46.95121951219512,52.96274518634444,-6.0115256741493255,-0.3766314849428681,sotto_media,0.3704962610469068,0.4095086668982223,-0.0390124058513154,-0.3354155498475836,sotto_media,0.2954954954954955,0.6886917325833647,-0.3931962370878692,-1.0436744644693745,sotto_media,48.3541875,57.025571385542165,-8.67138388554217,-0.5320963460913893,sotto_media,48.75,54.1844126506024,-5.434412650602404,-0.319055344180337,sotto_media,3
13,Besenello,2750,408,1218,-810,16.748768472906402,29.54859943341843,-12.799830960512027,-0.8702518238068396,sotto_media,50.0,52.96274518634444,-2.962745186344442,-0.1856206193776498,sotto_media,0.4429090909090909,0.4095086668982223,0.0334004240108685,0.2871656166872915,sopra_media,0.334975369458128,0.6886917325833647,-0.3537163631252366,-0.9388816601932214,sotto_media,36.141375,57.025571385542165,-20.884196385542168,-1.281503014337739,sotto_media,35.3125,54.1844126506024,-18.871912650602404,-1.1079733861232932,sotto_media,0
15,Bieno,448,46,147,-101,17.006802721088434,29.54859943341843,-12.541796712329996,-0.8527082503192053,sotto_media,45.65217391304348,52.96274518634444,-7.310571273300965,-0.4580187233141346,sotto_media,0.3191964285714285,0.4095086668982223,-0.0903122383267938,-0.7764742628741548,sotto_media,0.3129251700680272,0.6886917325833647,-0.3757665625153374,-0.9974102722937576,sotto_media,61.6735625,57.025571385542165,4.647991114457831,0.2852115788336619,sopra_media,56.8125,54.1844126506024,2.628087349397596,0.1542954809854366,sopra_media,3
17,Bleggio Superiore,1525,405,567,-162,26.63139329805996,29.54859943341843,-2.917206135358469,-0.1983388661575461,sotto_media,62.71604938271606,52.96274518634444,9.753304196371616,0.6110597611476992,sopra_media,0.4393442622950819,0.4095086668982223,0.0298355953968595,0.2565164187312034,sopra_media,0.7142857142857143,0.6886917325833647,0.0255939817023496,0.0679349968979212,sopra_media,50.44275,57.025571385542165,-6.582821385542161,-0.403937278345997,sotto_media,49.6875,54.1844126506024,-4.496912650602404,-0.2640145505564099,sotto_media,0
18,Bocenago,398,115,151,-36,21.85430463576159,29.54859943341843,-7.694294797656841,-0.5231298836075009,sotto_media,71.30434782608695,52.96274518634444,18.34160263974251,1.1491300899111252,sopra_media,0.5025125628140703,0.4095086668982223,0.0930038959158479,0.799616229910868,sopra_media,0.7615894039735099,0.6886917325833647,0.0728976713901452,0.1934948277039895,sopra_media,66.65975,57.025571385542165,9.634178614457838,0.5911756769172608,sopra_media,68.4375,54.1844126506024,14.253087349397596,0.8368013219221336,sopra_media,0
21,Bondone,641,95,220,-125,19.090909090909093,29.54859943341843,-10.457690342509338,-0.7110112720591637,sotto_media,55.78947368421052,52.96274518634444,2.8267284978660783,0.1770989611272478,sopra_media,0.360374414976599,0.4095086668982223,-0.0491342519216232,-0.4224397794755653,sotto_media,0.4318181818181818,0.6886917325833647,-0.2568735507651828,-0.681828410965406,sotto_media,83.47475,57.025571385542165,26.44917861445784,1.6229833073514766,sopra_media,83.875,54.1844126506024,29.6905873493976,1.7431397235961343,sopra_media,1
238,Borgo Chiese,1959,1033,673,360,43.23922734026746,29.54859943341843,13.69062790684903,0.9308165038860464,sopra_media,71.8296224588577,52.96274518634444,18.866877272513257,1.1820393671340426,sopra_media,0.5737621235324145,0.4095086668982223,0.1642534566341921,1.412195999428886,sopra_media,1.534918276374443,0.6886917325833647,0.8462265437910782,2.2461685835349288,sopra_media,72.0211875,57.025571385542165,14.995616114457832,0.9201659904823004,sopra_media,70.625,54.1844126506024,16.440587349397596,0.9652298403779636,sopra_media,2
252,Borgo d'Anaunia,2496,876,891,-15,43.54657687991021,29.54859943341843,13.99797744649178,0.9517129905853988,sopra_media,55.70776255707762,52.96274518634444,2.74501737073318,0.1719796312238995,sopra_media,0.3970352564102564,0.4095086668982223,-0.0124734104879659,-0.1072421899136641,sotto_media,0.9831649831649832,0.6886917325833647,0.2944732505816184,0.7816306035315523,sopra_media,64.14075,57.025571385542165,7.115178614457832,0.4366039599345789,sopra_media,57.8125,54.1844126506024,3.628087349397596,0.2130056608509589,sopra_media,2
239,Borgo Lares,714,377,268,109,22.388059701492537,29.54859943341843,-7.160539731925894,-0.4868402387792605,sotto_media,84.08488063660478,52.96274518634444,31.122135450260338,1.9498504580342355,sopra_media,0.7352941176470589,0.4095086668982223,0.3257854507488365,2.800993779048856,sopra_media,1.4067164179104477,0.6886917325833647,0.718024685327083,1.905877926209824,sopra_media,56.3613125,57.025571385542165,-0.6642588855421607,-0.0407604749739,sotto_media,57.125,54.1844126506024,2.940587349397596,0.1726424121934124,sopra_media,2
22,Borgo Valsugana,6981,2988,2777,211,44.076341375585166,29.54859943341843,14.527741942166736,0.9877313192626704,sopra_media,59.036144578313255,52.96274518634444,6.073399391968813,0.3805079701288999,sopra_media,0.4751468271021343,0.4095086668982223,0.065638160203912,0.5643348344033632,sopra_media,1.075981274756932,0.6886917325833647,0.3872895421735672,1.0279961184680866,sopra_media,55.34333333333333,57.025571385542165,-1.682238052208831,-0.1032260516488768,sotto_media,51.2,54.1844126506024,-2.984412650602401,-0.1752154035098072,sotto_media,2
25,Brentonico,4032,609,1396,-787,28.939828080229223,29.54859943341843,-0.6087713531892085,-0.041389951322691,sotto_media,33.66174055829228,52.96274518634444,-19.30100462805216,-1.209238124892667,sotto_media,0.296875,0.4095086668982223,-0.1126336668982223,-0.968386401443707,sotto_media,0.4362464183381089,0.6886917325833647,-0.2524453142452558,-0.6700743885650192,sotto_media,47.3941875,57.025571385542165,-9.631383885542164,-0.5910041858307197,sotto_media,44.25,54.1844126506024,-9.934412650602404,-0.5832511535751874,sotto_media,3
26,Bresimo,250,189,89,100,14.606741573033707,29.54859943341843,-14.941857860384724,-1.015886779612768,sotto_media,93.12169312169311,52.96274518634444,40.15894793534867,2.5160208929447867,sopra_media,1.008,0.4095086668982223,0.5984913331017776,5.145627273960522,sopra_media,2.1235955056179776,0.6886917325833647,1.434903773034613,3.808715052764647,sopra_media,64.9000625,57.025571385542165,7.87449111445784,0.4831971464575695,sopra_media,63.875,54.1844126506024,9.690587349397596,0.568936126285688,sopra_media,2
29,Caderzone Terme,691,153,243,-90,25.925925925925924,29.54859943341843,-3.6226735074925074,-0.2463031142112802,sotto_media,58.82352941176471,52.96274518634444,5.860784225420268,0.3671872974346282,sopra_media,0.3907380607814761,0.4095086668982223,-0.0187706061167462,-0.1613833608625949,sotto_media,0.6296296296296297,0.6886917325833647,-0.059062102953735,-0.1567705966039018,sotto_media,67.32024999999999,57.025571385542165,10.294678614457824,0.6317054979045806,sopra_media,68.8125,54.1844126506024,14.628087349397596,0.8588176393717045,sopra_media,0
32,Calceranica al Lago,1381,540,565,-25,20.707964601769916,29.54859943341843,-8.840634831648519,-0.6010687648600502,sotto_media,78.33333333333333,52.96274518634444,25.370588146988887,1.589507024608442,sopra_media,0.6307023895727734,0.4095086668982223,0.221193722674551,1.9017492639771847,sopra_media,0.9557522123893806,0.6886917325833647,0.2670604798060159,0.7088679314603669,sopra_media,39.1088125,57.025571385542165,-17.916758885542166,-1.099414126122655,sotto_media,38.625,54.1844126506024,-15.559412650602404,-0.9134959153187504,sotto_media,0
33,Caldes,1091,233,410,-177,28.04878048780488,29.54859943341843,-1.4998189456135511,-0.101971672659342,sotto_media,50.64377682403433,52.96274518634444,-2.318968362310109,-0.1452869945458528,sotto_media,0.3785517873510541,0.4095086668982223,-0.0309568795471682,-0.2661568428887019,sotto_media,0.5682926829268292,0.6886917325833647,-0.1203990496565354,-0.3195793901883784,sotto_media,65.7313125,57.025571385542165,8.705741114457837,0.534204585815193,sopra_media,59.0625,54.1844126506024,4.878087349397596,0.2863933856828619,sopra_media,3
34,Caldonazzo,3878,714,1634,-920,18.35985312117503,29.54859943341843,-11.188746312243405,-0.7607152715048328,sotto_media,57.98319327731093,52.96274518634444,5.0204480909664895,0.3145389244048877,sopra_media,0.4507478081485301,0.4095086668982223,0.0412391412503078,0.3545602721973051,sopra_media,0.4369645042839657,0.6886917325833647,-0.251727228299399,-0.668168348032852,sotto_media,40.5585,57.025571385542165,-16.467071385542162,-1.0104579189121226,sotto_media,40.375,54.1844126506024,-13.809412650602404,-0.8107531005540864,sotto_media,0
35,Calliano,2008,664,896,-232,12.388392857142858,29.54859943341843,-17.160206576275574,-1.1667108039142848,sotto_media,83.28313253012048,52.96274518634444,30.32038734377604,1.899619685304808,sopra_media,0.6663346613545816,0.4095086668982223,0.2568259944563593,2.2081035574694625,sopra_media,0.7410714285714286,0.6886917325833647,0.0523796959880639,0.1390332510918575,sopra_media,35.9853125,57.025571385542165,-21.04025888554217,-1.2910793734411965,sotto_media,34.875,54.1844126506024,-19.309412650602404,-1.1336590898144592,sotto_media,0
36,Campitello di Fassa / Ciampedel,708,211,216,-5,41.66666666666667,29.54859943341843,12.11806723324824,0.8238991704876643,sopra_media,57.345971563981045,52.96274518634444,4.383226377636603,0.2746159875102973,sopra_media,0.3488700564971751,0.4095086668982223,-0.0606386104010472,-0.5213503860073995,sotto_media,0.976851851851852,0.6886917325833647,0.2881601192684871,0.7648734392434193,sopra_media,98.0563125,57.025571385542165,41.03074111445783,2.517742002037972,sopra_media,96.375,54.1844126506024,42.1905873493976,2.477016971915164,sopra_media,1
37,Campodenno,1516,248,580,-332,27.241379310344826,29.54859943341843,-2.3072201230736056,-0.1568663309869465,sotto_media,36.29032258064516,52.96274518634444,-16.672422605699282,-1.044553350338662,sotto_media,0.337730870712401,0.4095086668982223,-0.0717777961858213,-0.6171213604788034,sotto_media,0.4275862068965517,0.6886917325833647,-0.2611055256868129,-0.6930614893709683,sotto_media,44.11625,57.025571385542165,-12.909321385542173,-0.7921460784614938,sotto_media,40.1875,54.1844126506024,-13.996912650602404,-0.8217612592788719,sotto_media,3
38,Canal San Bovo,1465,358,460,-102,47.17391304347826,29.54859943341843,17.625313610059827,1.1983331156201844,sopra_media,39.3854748603352,52.96274518634444,-13.577270326009248,-0.8506372194907439,sotto_media,0.2621160409556314,0.4095086668982223,-0.1473926259425909,-1.2672322456203076,sotto_media,0.7782608695652173,0.6886917325833647,0.0895691369818526,0.2377464793785107,sopra_media,92.0238125,57.025571385542165,34.99824111445783,2.1475737278426457,sopra_media,98.0,54.1844126506024,43.8155873493976,2.572421014196637,sopra_media,1
39,Canazei / Cianacei,1947,758,560,198,76.60714285714286,29.54859943341843,47.05854342372443,3.199478443624018,sopra_media,43.403693931398415,52.96274518634444,-9.559051254946027,-0.5988895105741637,sotto_media,0.2362609142270159,0.4095086668982223,-0.1732477526712064,-1.4895259329440054,sotto_media,1.3535714285714286,0.6886917325833647,0.664879695988064,1.764813330326532,sopra_media,100.4973125,57.025571385542165,43.47174111445783,2.6675274570418326,sopra_media,98.75,54.1844126506024,44.5655873493976,2.616453649095779,sopra_media,1
40,Capriana,584,45,238,-193,18.487394957983195,29.54859943341843,-11.061204475435236,-0.7520437885425655,sotto_media,2.2222222222222223,52.96274518634444,-50.74052296412222,-3.178973117079688,sotto_media,0.3339041095890411,0.4095086668982223,-0.0756045573091812,-0.6500225660906549,sotto_media,0.1890756302521008,0.6886917325833647,-0.4996161023312638,-1.3261484186694552,sotto_media,58.531625000000005,57.025571385542165,1.5060536144578407,0.0924149634992941,sopra_media,55.25,54.1844126506024,1.065587349397596,0.062560824945558,sopra_media,3
42,Carisolo,949,207,313,-106,30.670926517571885,29.54859943341843,1.1223270841534545,0.0763062570830454,sopra_media,53.62318840579711,52.96274518634444,0.6604432194526666,0.0413778005694212,sopra_media,0.345626975763962,0.4095086668982223,-0.0638816911342602,-0.5492333038534949,sotto_media,0.6613418530351438,0.6886917325833647,-0.0273498795482208,-0.0725957376962699,sotto_media,71.037,57.025571385542165,14.01142861445784,0.8597739493120378,sopra_media,72.1875,54.1844126506024,18.003087349397596,1.0569644964178424,sopra_media,1
43,Carzano,519,111,199,-88,16.582914572864322,29.54859943341843,-12.96568486055411,-0.8815281179580965,sotto_media,70.27027027027027,52.96274518634444,17.30752508392583,1.0843435138397457,sopra_media,0.4701348747591522,0.4095086668982223,0.0606262078609298,0.5212437531371061,sopra_media,0.5577889447236181,0.6886917325833647,-0.1309027878597466,-0.3474598282753611,sotto_media,56.074625,57.025571385542165,-0.9509463855421671,-0.0583522888335561,sotto_media,53.0625,54.1844126506024,-1.121912650602404,-0.065867693510272,sotto_media,0
45,Castel Condino,222,66,77,-11,15.584415584415584,29.54859943341843,-13.964183849002849,-0.9494153868171564,sotto_media,81.81818181818183,52.96274518634444,28.855436631837385,1.8078382321575344,sopra_media,0.536036036036036,0.4095086668982223,0.1265273691378136,1.0878397823470018,sopra_media,0.8571428571428571,0.6886917325833647,0.1684511245594924,0.4471256859322475,sopra_media,74.43356250000001,57.025571385542165,17.407991114457843,1.068194948702268,sopra_media,75.1875,54.1844126506024,21.0030873493976,1.2330950360144093,sopra_media,0
240,Castel Ivano,3269,722,1242,-520,22.302737520128822,29.54859943341843,-7.245861913289609,-0.4926412360089912,sotto_media,61.63434903047092,52.96274518634444,8.671603844126473,0.5432895424025282,sopra_media,0.4313245640868767,0.4095086668982223,0.0218158971886543,0.1875657496961087,sopra_media,0.5813204508856683,0.6886917325833647,-0.1073712816976963,-0.2849993320261377,sotto_media,57.3575625,57.025571385542165,0.3319911144578356,0.0203717493389208,sopra_media,52.4375,54.1844126506024,-1.746912650602404,-0.1025615559262234,sotto_media,0
48,Castello Tesino,1161,202,390,-188,34.35897435897436,29.54859943341843,4.810374925555927,0.3270541279079731,sopra_media,33.663366336633665,52.96274518634444,-19.299378849710777,-1.2091362673370156,sotto_media,0.2790697674418604,0.4095086668982223,-0.1304388994563619,-1.12146980500035,sotto_media,0.517948717948718,0.6886917325833647,-0.1707430146346467,-0.4532091295697683,sotto_media,68.9385,57.025571385542165,11.91292861445784,0.7310050933818443,sopra_media,63.4375,54.1844126506024,9.253087349397596,0.543250422594522,sopra_media,3
47,Castello-Molina di Fiemme,2320,420,887,-467,23.449830890642616,29.54859943341843,-6.098768542775815,-0.4146511359173544,sotto_media,50.47619047619048,52.96274518634444,-2.486554710153968,-0.1557865413274635,sotto_media,0.384051724137931,0.4095086668982223,-0.0254569427602913,-0.2188702354303445,sotto_media,0.4735062006764374,0.6886917325833647,-0.2151855319069272,-0.5711744507980404,sotto_media,62.705,57.025571385542165,5.679428614457834,0.3485029902410954,sopra_media,59.0625,54.1844126506024,4.878087349397596,0.2863933856828619,sopra_media,3
49,Castelnuovo,1072,506,430,76,19.76744186046512,29.54859943341843,-9.781157572953315,-0.6650142680059422,sotto_media,83.20158102766798,52.96274518634444,30.238835841323542,1.8945103561373244,sopra_media,0.7145522388059702,0.4095086668982223,0.3050435719077478,2.62266207802865,sopra_media,1.1767441860465115,0.6886917325833647,0.4880524534631468,1.2954546227950892,sopra_media,54.4221875,57.025571385542165,-2.603383885542165,-0.1597497090723689,sotto_media,49.6875,54.1844126506024,-4.496912650602404,-0.2640145505564099,sotto_media,2
50,Cavalese,4040,1899,1446,453,53.7344398340249,29.54859943341843,24.185840400606462,1.6443788815541476,sopra_media,59.08372827804107,52.96274518634444,6.12098309169663,0.3834891633332521,sopra_media,0.4433168316831683,0.4095086668982223,0.0338081647849459,0.2906712347835885,sopra_media,1.3132780082987552,0.6886917325833647,0.6245862757153905,1.6578611017493188,sopra_media,64.7395625,57.025571385542165,7.713991114457841,0.4733484920011502,sopra_media,61.9375,54.1844126506024,7.753087349397596,0.4551851527962385,sopra_media,2
51,Cavareno,1128,236,442,-206,25.791855203619917,29.54859943341843,-3.756744229798517,-0.2554184916694555,sotto_media,51.69491525423729,52.96274518634444,-1.2678299321071549,-0.0794315280125795,sotto_media,0.3989361702127659,0.4095086668982223,-0.0105724966854564,-0.0908987721118598,sotto_media,0.5339366515837104,0.6886917325833647,-0.1547550809996543,-0.4107718005707533,sotto_media,60.9255,57.025571385542165,3.899928614457835,0.2393087185576172,sopra_media,53.8125,54.1844126506024,-0.3719126506024039,-0.0218350586111302,sotto_media,3
52,Cavedago,554,98,194,-96,20.103092783505154,29.54859943341843,-9.445506649913275,-0.6421935894486094,sotto_media,60.204081632653065,52.96274518634444,7.2413364463086225,0.4536810531263451,sopra_media,0.3862815884476534,0.4095086668982223,-0.0232270784505689,-0.1996986117580809,sotto_media,0.5051546391752577,0.6886917325833647,-0.1835370934081069,-0.4871688983894433,sotto_media,46.717375,57.025571385542165,-10.30819638554216,-0.6325349798761111,sotto_media,41.375,54.1844126506024,-12.809412650602404,-0.7520429206885642,sotto_media,0
53,Cavedine,3014,516,1208,-692,23.923841059602648,29.54859943341843,-5.624758373815784,-0.3824235060905966,sotto_media,43.99224806201551,52.96274518634444,-8.970497124328936,-0.5620156738480249,sotto_media,0.3802256138022561,0.4095086668982223,-0.0292830530959662,-0.25176584578847,sotto_media,0.4271523178807947,0.6886917325833647,-0.26153941470257,-0.6942131760949136,sotto_media,42.469625,57.025571385542165,-14.555946385542164,-0.8931868301393846,sotto_media,40.4375,54.1844126506024,-13.746912650602404,-0.8070837143124913,sotto_media,3
54,Cavizzana,240,83,96,-13,16.666666666666664,29.54859943341843,-12.881932766751769,-0.8758338699165414,sotto_media,80.72289156626506,52.96274518634444,27.76014637992062,1.7392165849446188,sopra_media,0.6125,0.4095086668982223,0.2029913331017777,1.7452512379297649,sopra_media,0.8645833333333334,0.6886917325833647,0.1758916007499686,0.4668752009861188,sopra_media,65.695375,57.025571385542165,8.669803614457834,0.5319993769707844,sopra_media,60.25,54.1844126506024,6.065587349397596,0.3561117242731696,sopra_media,0
241,Cembra Lisignago,2302,535,801,-266,32.20973782771536,29.54859943341843,2.661138394296927,0.1809289941549872,sopra_media,51.77570093457944,52.96274518634444,-1.187044251765002,-0.0743701787979826,sotto_media,0.3562119895742832,0.4095086668982223,-0.0532966773239391,-0.4582269137102059,sotto_media,0.6679151061173533,0.6886917325833647,-0.0207766264660114,-0.0551481231381898,sotto_media,42.706875,57.025571385542165,-14.318696385542168,-0.8786286166204721,sotto_media,39.5,54.1844126506024,-14.684412650602404,-0.8621245079364185,sotto_media,3
58,Cimone,715,53,301,-248,12.29235880398671,29.54859943341843,-17.256240629431723,-1.1732400940404224,sotto_media,30.18867924528302,52.96274518634444,-22.774065941061423,-1.4268308476920095,sotto_media,0.3916083916083916,0.4095086668982223,-0.0179002752898307,-0.1539005490111099,sotto_media,0.1760797342192691,0.6886917325833647,-0.5126119983640955,-1.3606438780686108,sotto_media,38.637,57.025571385542165,-18.388571385542164,-1.128365641890377,sotto_media,37.5,54.1844126506024,-16.684412650602404,-0.9795448676674632,sotto_media,3
59,Cinte Tesino,343,91,109,-18,20.18348623853211,29.54859943341843,-9.36511319488632,-0.6367276929789466,sotto_media,75.82417582417582,52.96274518634444,22.861430637831383,1.4323043825747677,sopra_media,0.4548104956268221,0.4095086668982223,0.0453018287285997,0.3894898932922893,sopra_media,0.8348623853211009,0.6886917325833647,0.1461706527377362,0.3879858536975361,sopra_media,67.081875,57.025571385542165,10.056303614457832,0.617078251760974,sopra_media,62.6875,54.1844126506024,8.503087349397596,0.4992177876953803,sopra_media,0
60,Cis,301,75,122,-47,24.59016393442623,29.54859943341843,-4.958435498992202,-0.3371206658540063,sotto_media,60.0,52.96274518634444,7.037254813655558,0.440895019676265,sopra_media,0.4551495016611295,0.4095086668982223,0.0456408347629072,0.3924045532041194,sopra_media,0.6147540983606558,0.6886917325833647,-0.0739376342227089,-0.1962552372653389,sotto_media,60.874875,57.025571385542165,3.8493036144578383,0.2362022504463636,sopra_media,54.4375,54.1844126506024,0.253087349397596,0.0148588038048211,sopra_media,0
61,Civezzano,4086,677,1731,-1054,15.482380127094164,29.54859943341843,-14.066219306324268,-0.9563527083412352,sotto_media,60.4135893648449,52.96274518634444,7.450844178500461,0.4668070401984357,sopra_media,0.4581497797356828,0.4095086668982223,0.0486411128374604,0.4181999354193898,sopra_media,0.391103408434431,0.6886917325833647,-0.2975883241489337,-0.7898990517782326,sotto_media,34.847125000000005,57.025571385542165,-22.17844638554216,-1.360921213902977,sotto_media,32.875,54.1844126506024,-21.309412650602404,-1.2510794495455038,sotto_media,0
62,Cles,7154,4768,2770,1998,62.85198555956679,29.54859943341843,33.30338612614836,2.264274630238136,sopra_media,63.48573825503355,52.96274518634444,10.52299306868911,0.6592819727189675,sopra_media,0.5669555493430248,0.4095086668982223,0.1574468824448024,1.3536753628648754,sopra_media,1.7212996389891695,0.6886917325833647,1.0326079064058051,2.740887124726173,sopra_media,58.01520000000001,57.025571385542165,0.9896286144578426,0.0607259206478526,sopra_media,50.13333333333333,54.1844126506024,-4.051079317269071,-0.2378395953663645,sotto_media,2
228,Comano Terme,2904,864,1025,-161,39.707317073170735,29.54859943341843,10.158717639752304,0.6906843208169606,sopra_media,52.893518518518526,52.96274518634444,-0.0692266678259159,-0.0043371590032526,sotto_media,0.3701790633608815,0.4095086668982223,-0.0393296035373408,-0.3381427089126783,sotto_media,0.8429268292682927,0.6886917325833647,0.1542350966849279,0.4093915880966365,sopra_media,47.049062500000005,57.025571385542165,-9.97650888554216,-0.6121818610286742,sotto_media,45.1875,54.1844126506024,-8.996912650602404,-0.5282103599512603,sotto_media,3
64,Commezzadura,1014,261,345,-84,36.52173913043478,29.54859943341843,6.97313969701635,0.4740990375349144,sopra_media,51.72413793103448,52.96274518634444,-1.238607255309958,-0.0776006816097334,sotto_media,0.3491124260355029,0.4095086668982223,-0.0603962408627193,-0.5192665741995768,sotto_media,0.7565217391304347,0.6886917325833647,0.06783000654707,0.1800435484385045,sopra_media,72.609125,57.025571385542165,15.58355361445784,0.9562432071768246,sopra_media,67.375,54.1844126506024,13.190587349397596,0.7744217558150162,sopra_media,1
242,Contà,1399,234,532,-298,31.57894736842105,29.54859943341843,2.03034793500262,0.1380419787456161,sopra_media,28.205128205128204,52.96274518634444,-24.75761698121624,-1.551103422443875,sotto_media,0.3073624017155111,0.4095086668982223,-0.1021462651827112,-0.8782192472751815,sotto_media,0.4398496240601504,0.6886917325833647,-0.2488421085232143,-0.6605102741417058,sotto_media,46.5065625,57.025571385542165,-10.519008885542164,-0.6454709267147025,sotto_media,42.4375,54.1844126506024,-11.746912650602404,-0.6896633545814467,sotto_media,3
68,Croviana,690,143,266,-123,22.932330827067663,29.54859943341843,-6.616268606350765,-0.4498356141761392,sotto_media,57.34265734265735,52.96274518634444,4.379912156312905,0.274408346361239,sopra_media,0.4159420289855072,0.4095086668982223,0.0064333620872848,0.0553118843810679,sopra_media,0.5375939849624061,0.6886917325833647,-0.1510977476209586,-0.4010640132234824,sotto_media,68.6051875,57.025571385542165,11.579616114457837,0.7105522607431818,sopra_media,62.6875,54.1844126506024,8.503087349397596,0.4992177876953803,sopra_media,0
71,Dambel,419,94,158,-64,37.9746835443038,29.54859943341843,8.42608411088537,0.5728837425798702,sopra_media,36.17021276595745,52.96274518634444,-16.79253242038699,-1.052078418069234,sotto_media,0.315035799522673,0.4095086668982223,-0.0944728673755493,-0.8122459526648039,sotto_media,0.5949367088607594,0.6886917325833647,-0.0937550237226052,-0.2488572243206301,sotto_media,58.43181249999999,57.025571385542165,1.4062411144578275,0.0862902356305621,sopra_media,53.8125,54.1844126506024,-0.3719126506024039,-0.0218350586111302,sotto_media,3
74,Denno,1212,233,458,-225,31.00436681222708,29.54859943341843,1.4557673788086447,0.0989766365161471,sopra_media,39.05579399141631,52.96274518634444,-13.906951194928132,-0.8712922415182005,sotto_media,0.3358085808580858,0.4095086668982223,-0.0737000860401365,-0.6336485623875736,sotto_media,0.5087336244541485,0.6886917325833647,-0.1799581081292162,-0.4776690731318191,sotto_media,44.7876875,57.025571385542165,-12.23788388554216,-0.7509451069563088,sotto_media,39.75,54.1844126506024,-14.434412650602404,-0.8474469629700379,sotto_media,3
233,Dimaro Folgarida,2090,661,727,-66,42.50343878954608,29.54859943341843,12.95483935612765,0.8807907394695563,sopra_media,53.25264750378215,52.96274518634444,0.2899023174377078,0.0181628335672696,sopra_media,0.3684210526315789,0.4095086668982223,-0.0410876142666434,-0.3532574941339312,sotto_media,0.9092159559834938,0.6886917325833647,0.2205242234001291,0.5853451255389828,sopra_media,70.256125,57.025571385542165,13.230553614457833,0.8118576374824019,sopra_media,65.1875,54.1844126506024,11.003087349397596,0.6459932373591861,sopra_media,1
78,Drena,581,77,237,-160,17.72151898734177,29.54859943341843,-11.82708044607666,-0.8041151762286003,sotto_media,45.45454545454545,52.96274518634444,-7.508199731798989,-0.4704004553112476,sotto_media,0.3958691910499139,0.4095086668982223,-0.0136394758483084,-0.1172676278599451,sotto_media,0.3248945147679324,0.6886917325833647,-0.3637972178154322,-0.9656396238454328,sotto_media,43.74025,57.025571385542165,-13.285321385542169,-0.8152183156927315,sotto_media,41.6875,54.1844126506024,-12.496912650602404,-0.7336959894805885,sotto_media,3
79,Dro,5044,1093,2003,-910,19.720419370943585,29.54859943341843,-9.828180062474846,-0.6682112951692145,sotto_media,63.860933211344914,52.96274518634444,10.898188025000472,0.6827885235012893,sopra_media,0.4571768437747819,0.4095086668982223,0.0476681768765595,0.409834959120932,sopra_media,0.545681477783325,0.6886917325833647,-0.1430102548000397,-0.3795970993962115,sotto_media,42.811375,57.025571385542165,-14.214196385542166,-0.8722162528155135,sotto_media,39.75,54.1844126506024,-14.434412650602404,-0.8474469629700379,sotto_media,0
81,Fai della Paganella,910,199,297,-98,35.35353535353536,29.54859943341843,5.804935920116925,0.394673655234077,sopra_media,47.23618090452261,52.96274518634444,-5.72656428182183,-0.3587782080608926,sotto_media,0.3142857142857143,0.4095086668982223,-0.095222952612508,-0.8186949333594562,sotto_media,0.67003367003367,0.6886917325833647,-0.0186580625496947,-0.04952474515985,sotto_media,46.0920625,57.025571385542165,-10.933508885542167,-0.6709056137688201,sotto_media,39.625,54.1844126506024,-14.559412650602404,-0.8547857354532282,sotto_media,3
83,Fiavè,1062,173,371,-198,26.1455525606469,29.54859943341843,-3.403046872771529,-0.2313708483077589,sotto_media,43.93063583815029,52.96274518634444,-9.032109348194156,-0.56587577602887,sotto_media,0.3295668549905838,0.4095086668982223,-0.0799418119076385,-0.6873128229775283,sotto_media,0.4663072776280323,0.6886917325833647,-0.2223844549553323,-0.5902828029352492,sotto_media,48.6654375,57.025571385542165,-8.360133885542169,-0.512997319925903,sotto_media,47.25,54.1844126506024,-6.934412650602404,-0.4071206139786205,sotto_media,3
85,Fierozzo / Vlarotz,476,41,179,-138,19.553072625698324,29.54859943341843,-9.995526807720108,-0.6795890868531136,sotto_media,14.634146341463412,52.96274518634444,-38.32859884488103,-2.401346659934178,sotto_media,0.315126050420168,0.4095086668982223,-0.0943826164780543,-0.8114700057897789,sotto_media,0.2290502793296089,0.6886917325833647,-0.4596414532537557,-1.2200423155762152,sotto_media,47.4623125,57.025571385542165,-9.563258885542162,-0.5868238768908842,sotto_media,44.5,54.1844126506024,-9.684412650602404,-0.5685736086088069,sotto_media,3
87,Folgaria,3149,753,998,-245,51.20240480961924,29.54859943341843,21.653805376200808,1.472227537936429,sopra_media,32.13811420982736,52.96274518634444,-20.824630976517085,-1.3046956984314553,sotto_media,0.2315020641473483,0.4095086668982223,-0.178006602750874,-1.530440926041261,sotto_media,0.7545090180360722,0.6886917325833647,0.0658172854527074,0.1747011127482677,sopra_media,44.86125,57.025571385542165,-12.164321385542166,-0.7464311403304503,sotto_media,46.0625,54.1844126506024,-8.121912650602404,-0.4768389525689283,sotto_media,3
89,Fornace,1316,274,539,-265,23.747680890538035,29.54859943341843,-5.800918542880396,-0.3944005164810891,sotto_media,53.28467153284672,52.96274518634444,0.3219263465022735,0.0201691890707163,sopra_media,0.4232522796352583,0.4095086668982223,0.013743612737036,0.1181629618192271,sopra_media,0.5083487940630798,0.6886917325833647,-0.1803429385202849,-0.4786905418398741,sotto_media,39.1779375,57.025571385542165,-17.847633885542166,-1.095172454849758,sotto_media,38.5,54.1844126506024,-15.684412650602404,-0.9208346878019408,sotto_media,0
90,Frassilongo / Garait,340,35,121,-86,20.66115702479339,29.54859943341843,-8.887442408625041,-0.6042511802651807,sotto_media,28.57142857142857,52.96274518634444,-24.391316614915876,-1.528154131636039,sotto_media,0.3117647058823529,0.4095086668982223,-0.0977439610158694,-0.8403697160684879,sotto_media,0.2892561983471074,0.6886917325833647,-0.3994355342362573,-1.0602356481628847,sotto_media,43.7124375,57.025571385542165,-13.313133885542165,-0.8169249555810126,sotto_media,40.8125,54.1844126506024,-13.371912650602404,-0.7850673968629204,sotto_media,3
91,Garniga Terme,392,23,144,-121,13.88888888888889,29.54859943341843,-15.659710544529542,-1.0646930966281196,sotto_media,13.043478260869565,52.96274518634444,-39.91926692547488,-2.50100450283777,sotto_media,0.3239795918367347,0.4095086668982223,-0.0855290750614876,-0.735350233180679,sotto_media,0.1597222222222222,0.6886917325833647,-0.5289695103611425,-1.404062191783943,sotto_media,43.0603125,57.025571385542165,-13.965258885542164,-0.8569408670289408,sotto_media,40.8125,54.1844126506024,-13.371912650602404,-0.7850673968629204,sotto_media,3
92,Giovo,2520,388,1003,-615,23.33000997008973,29.54859943341843,-6.218589463328701,-0.4227976790211699,sotto_media,39.69072164948454,52.96274518634444,-13.272023536859905,-0.8315130307734383,sotto_media,0.3662698412698412,0.4095086668982223,-0.0432388256283811,-0.3717528862019208,sotto_media,0.386839481555334,0.6886917325833647,-0.3018522510280307,-0.8012169413771699,sotto_media,37.516875,57.025571385542165,-19.50869638554217,-1.197099125211229,sotto_media,34.375,54.1844126506024,-19.809412650602404,-1.1630141797472204,sotto_media,3
93,Giustino,745,164,246,-82,21.544715447154477,29.54859943341843,-8.003883986263958,-0.5441786425205987,sotto_media,67.6829268292683,52.96274518634444,14.720181642923857,0.9222424009006144,sopra_media,0.4080536912751678,0.4095086668982223,-0.0014549756230545,-0.0125093912557362,sotto_media,0.6666666666666666,0.6886917325833647,-0.022025065916698,-0.0584618994468543,sotto_media,68.93993749999998,57.025571385542165,11.91436611445782,0.7310933017356195,sopra_media,69.9375,54.1844126506024,15.753087349397596,0.9248665917204172,sopra_media,0
95,Grigno,2058,801,708,93,45.48022598870056,29.54859943341843,15.93162655528213,1.0831804817357629,sopra_media,59.80024968789014,52.96274518634444,6.837504501545695,0.428380350231992,sopra_media,0.4203109815354713,0.4095086668982223,0.0108023146372489,0.092874669598396,sopra_media,1.13135593220339,0.6886917325833647,0.4426641996200252,1.174979000053222,sopra_media,65.62225000000001,57.025571385542165,8.596678614457844,0.5275122563656406,sopra_media,57.9375,54.1844126506024,3.753087349397596,0.2203444333341492,sopra_media,2
97,Imer,1174,274,364,-90,28.296703296703296,29.54859943341843,-1.2518961367151356,-0.0851155690691638,sotto_media,62.40875912408759,52.96274518634444,9.446013937743146,0.5918075458717333,sopra_media,0.3679727427597956,0.4095086668982223,-0.0415359241384267,-0.3571119116932943,sotto_media,0.7527472527472527,0.6886917325833647,0.064055520163888,0.1700247977917783,sopra_media,98.065375,57.025571385542165,41.03980361445784,2.518298098181345,sopra_media,103.3125,54.1844126506024,49.1280873493976,2.884318844732225,sopra_media,1
98,Isera,2765,433,1091,-658,12.832263978001832,29.54859943341843,-16.716335455416598,-1.1365323075220748,sotto_media,67.6674364896074,52.96274518634444,14.704691303262956,0.9212719068954336,sopra_media,0.4499095840867992,0.4095086668982223,0.0404009171885769,0.3473535035188371,sopra_media,0.3968835930339138,0.6886917325833647,-0.2918081395494508,-0.774556506511068,sotto_media,39.0275,57.025571385542165,-17.99807138554217,-1.1044036508297432,sotto_media,34.125,54.1844126506024,-20.059412650602404,-1.177691724713601,sotto_media,0
102,Lavarone,1187,342,412,-70,52.18446601941748,29.54859943341843,22.635866585999047,1.538997213376165,sopra_media,37.13450292397661,52.96274518634444,-15.82824226236783,-0.9916641316107564,sotto_media,0.2729570345408593,0.4095086668982223,-0.136551632357363,-1.1740250274307449,sotto_media,0.8300970873786407,0.6886917325833647,0.141405354795276,0.3753371574257488,sopra_media,49.7974375,57.025571385542165,-7.228133885542164,-0.4435351588999419,sotto_media,51.0625,54.1844126506024,-3.121912650602404,-0.1832880532413166,sotto_media,3
103,Lavis,9123,4734,3711,1023,32.44408515225007,29.54859943341843,2.8954857188316367,0.1968621097726661,sopra_media,74.56696239966202,52.96274518634444,21.604217213317572,1.3535379953661248,sopra_media,0.6617340787021813,0.4095086668982223,0.2522254118039589,2.168549294503594,sopra_media,1.2756669361358124,0.6886917325833647,0.5869752035524477,1.5580287231678165,sopra_media,35.888600000000004,57.025571385542165,-21.13697138554216,-1.2970138780774358,sotto_media,32.0,54.1844126506024,-22.184412650602404,-1.302450856927836,sotto_media,2
229,Ledro,5261,1109,1921,-812,50.70275897969807,29.54859943341843,21.15415954627964,1.4382569569117412,sopra_media,12.173128944995492,52.96274518634444,-40.78961624134895,-2.5555332486212685,sotto_media,0.2056643223721725,0.4095086668982223,-0.2038443445260497,-1.7525851433799675,sotto_media,0.5773034877667881,0.6886917325833647,-0.1113882448165766,-0.2956616971162534,sotto_media,64.81873333333333,57.025571385542165,7.793161947791162,0.47820659904493,sopra_media,62.13333333333333,54.1844126506024,7.948920682730929,0.4666825630199033,sopra_media,3
104,Levico Terme,8069,2656,3101,-445,40.05159625927121,29.54859943341843,10.502996825852776,0.7140916291264983,sopra_media,53.23795180722891,52.96274518634444,0.2752066208844681,0.0172421251955301,sopra_media,0.4056264716817449,0.4095086668982223,-0.0038821952164774,-0.0333778093079723,sotto_media,0.8564979039019671,0.6886917325833647,0.1678061713186024,0.4454137640855915,sopra_media,44.55846666666667,57.025571385542165,-12.467104718875497,-0.765010632076013,sotto_media,44.2,54.1844126506024,-9.9844126506024,-0.5861866625684634,sotto_media,3
106,Livo,786,132,315,-183,26.031746031746035,29.54859943341843,-3.516853401672396,-0.2391084770032197,sotto_media,37.87878787878788,52.96274518634444,-15.083957307556568,-0.9450335152005772,sotto_media,0.3600508905852417,0.4095086668982223,-0.0494577763129805,-0.425221333426116,sotto_media,0.419047619047619,0.6886917325833647,-0.2696441135357456,-0.7157257604396867,sotto_media,62.4748125,57.025571385542165,5.449241114457834,0.3343781481994317,sopra_media,56.25,54.1844126506024,2.065587349397596,0.1212710048110803,sopra_media,3
108,Lona-Lases,872,205,320,-115,23.75,29.54859943341843,-5.798599433418431,-0.3942428418020165,sotto_media,62.926829268292686,52.96274518634444,9.964084081948243,0.6242654506188744,sopra_media,0.4277522935779816,0.4095086668982223,0.0182436266797593,0.1568525688296965,sopra_media,0.640625,0.6886917325833647,-0.0480667325833646,-0.1275852021354033,sotto_media,39.6470625,57.025571385542165,-17.378508885542168,-1.06638585035214,sotto_media,37.6875,54.1844126506024,-16.496912650602404,-0.9685367089426776,sotto_media,0
109,Luserna / Lusérn,269,74,86,-12,52.32558139534884,29.54859943341843,22.77698196193041,1.5485915520553486,sopra_media,39.18918918918919,52.96274518634444,-13.773555997155256,-0.8629348237602606,sotto_media,0.2602230483271375,0.4095086668982223,-0.1492856185710848,-1.2835075598309609,sotto_media,0.8604651162790697,0.6886917325833647,0.171773383695705,0.4559440740493249,sopra_media,54.1349375,57.025571385542165,-2.890633885542165,-0.1773760392443718,sotto_media,54.8125,54.1844126506024,0.628087349397596,0.036875121254392,sopra_media,3
243,Madruzzo,2948,494,1161,-667,21.619293712316967,29.54859943341843,-7.929305721101464,-0.53910811686489,sotto_media,49.19028340080971,52.96274518634444,-3.7724617855347296,-0.2363506306370764,sotto_media,0.391112618724559,0.4095086668982223,-0.0183960481736633,-0.1581630375913832,sotto_media,0.425495262704565,0.6886917325833647,-0.2631964698787997,-0.6986115553532107,sotto_media,40.22025,57.025571385542165,-16.805321385542165,-1.0312137280702776,sotto_media,37.125,54.1844126506024,-17.059412650602404,-1.001561185117034,sotto_media,3
110,Malé,2242,970,711,259,42.05344585091421,29.54859943341843,12.504846417495775,0.8501960248399093,sopra_media,69.17525773195877,52.96274518634444,16.212512545614324,1.015739265818517,sopra_media,0.4830508474576271,0.4095086668982223,0.0735421805594047,0.6322909441508142,sopra_media,1.3642756680731365,0.6886917325833647,0.6755839354897718,1.7932259659922194,sopra_media,67.9874375,57.025571385542165,10.961866114457834,0.672645679494253,sopra_media,62.3125,54.1844126506024,8.128087349397596,0.4772014702458094,sopra_media,2
112,Massimeno,144,32,48,-16,14.583333333333334,29.54859943341843,-14.965266100085096,-1.017478289950225,sotto_media,78.125,52.96274518634444,25.16225481365556,1.5764546154614858,sopra_media,0.4583333333333333,0.4095086668982223,0.0488246664351109,0.4197780675427222,sopra_media,0.6666666666666666,0.6886917325833647,-0.022025065916698,-0.0584618994468543,sotto_media,69.995,57.025571385542165,12.96942861445784,0.795834398261639,sopra_media,71.8125,54.1844126506024,17.628087349397596,1.0349481789682715,sopra_media,0
113,Mazzin / Mazin,593,107,203,-96,26.108374384236456,29.54859943341843,-3.440225049181976,-0.2338985673008314,sotto_media,50.467289719626166,52.96274518634444,-2.495455466718276,-0.1563441876461586,sotto_media,0.3440134907251265,0.4095086668982223,-0.0654951761730958,-0.5631055057765053,sotto_media,0.5270935960591133,0.6886917325833647,-0.1615981365242513,-0.4289355611470581,sotto_media,93.9711875,57.025571385542165,36.94561611445784,2.2670692011888747,sopra_media,92.375,54.1844126506024,38.1905873493976,2.242176252453074,sopra_media,1
114,Mezzana,878,256,302,-46,39.735099337748345,29.54859943341843,10.186499904329914,0.6925732181385532,sopra_media,53.125,52.96274518634444,0.1622548136555579,0.0101655178266985,sopra_media,0.3621867881548975,0.4095086668982223,-0.0473218787433248,-0.4068576041940709,sotto_media,0.847682119205298,0.6886917325833647,0.1589903866219333,0.4220137197710339,sopra_media,76.0444375,57.025571385542165,19.01886611445784,1.167041996973199,sopra_media,70.375,54.1844126506024,16.190587349397596,0.950552295411583,sopra_media,1
115,Mezzano,1595,307,551,-244,27.40471869328493,29.54859943341843,-2.143880740133497,-0.145760997147645,sotto_media,50.814332247557005,52.96274518634444,-2.1484129387874376,-0.134601430529611,sotto_media,0.34858934169279,0.4095086668982223,-0.0609193252054323,-0.5237638775214076,sotto_media,0.5571687840290381,0.6886917325833647,-0.1315229485543265,-0.3491059424029895,sotto_media,98.66525,57.025571385542165,41.63967861445784,2.555107827726794,sopra_media,103.4375,54.1844126506024,49.2530873493976,2.8916576172154147,sopra_media,1
116,Mezzocorona,5518,2167,2145,22,34.26573426573427,29.54859943341843,4.717134832315836,0.320714797221151,sopra_media,66.08214120904476,52.96274518634444,13.119396022700322,0.821950678316348,sopra_media,0.5150416817687568,0.4095086668982223,0.1055330148705344,0.9073373824926494,sopra_media,1.0102564102564102,0.6886917325833647,0.3215646776730455,0.8535403218716024,sopra_media,40.6826,57.025571385542165,-16.34297138554217,-1.0028428533791534,sotto_media,34.46666666666667,54.1844126506024,-19.717745983935732,-1.1576324132595472,sotto_media,2
117,Mezzolombardo,7403,2674,2985,-311,37.48743718592965,29.54859943341843,7.938837752511219,0.5397561932140633,sopra_media,58.15258040388931,52.96274518634444,5.189835217544868,0.3251512927904636,sopra_media,0.462109955423477,0.4095086668982223,0.0526012885252546,0.4522481946033264,sopra_media,0.8958123953098828,0.6886917325833647,0.207120662726518,0.549767587687603,sopra_media,40.183666666666674,57.025571385542165,-16.84190471887549,-1.033458566754788,sotto_media,34.46666666666667,54.1844126506024,-19.717745983935732,-1.1576324132595472,sotto_media,0
118,Moena / Moena,2636,905,772,133,57.901554404145074,29.54859943341843,28.352954970726643,1.927698174273469,sopra_media,50.60773480662984,52.96274518634444,-2.3550103797146065,-0.1475450833025499,sotto_media,0.297040971168437,0.4095086668982223,-0.1124676957297853,-0.9669594371356784,sotto_media,1.172279792746114,0.6886917325833647,0.4835880601627492,1.2836046281932032,sopra_media,83.6485,57.025571385542165,26.622928614457837,1.6336450127209647,sopra_media,81.0,54.1844126506024,26.8155873493976,1.5743479564827578,sopra_media,1
120,Molveno,1116,382,384,-2,55.989583333333336,29.54859943341843,26.440983899914904,1.79770455821924,sopra_media,43.717277486910994,52.96274518634444,-9.245467699433448,-0.5792430104062875,sotto_media,0.3010752688172043,0.4095086668982223,-0.108433398081018,-0.9322739022505117,sotto_media,0.9947916666666666,0.6886917325833647,0.3060999340833019,0.8124917144288641,sopra_media,50.6135,57.025571385542165,-6.412071385542163,-0.3934596599756942,sotto_media,46.5,54.1844126506024,-7.684412650602404,-0.4511532488777622,sotto_media,3
123,Mori,10011,2003,4023,-2020,23.53964702957992,29.54859943341843,-6.008952403838514,-0.4085445975608238,sotto_media,52.7209186220669,52.96274518634444,-0.2418265642775381,-0.0151508124458554,sotto_media,0.4127459794226351,0.4095086668982223,0.0032373125244127,0.0278333247260563,sopra_media,0.4978871488938603,0.6886917325833647,-0.1908045836895043,-0.5064592509209167,sotto_media,43.32033333333334,57.025571385542165,-13.705238052208829,-0.8409853820509331,sotto_media,37.73333333333333,54.1844126506024,-16.45107931726907,-0.9658458256988413,sotto_media,0
124,Nago-Torbole,2835,879,1070,-191,29.4392523364486,29.54859943341843,-0.1093470969698344,-0.0074344349436764,sotto_media,64.16382252559727,52.96274518634444,11.201077339252826,0.7017650127294309,sopra_media,0.4652557319223986,0.4095086668982223,0.0557470650241762,0.4792945233558973,sopra_media,0.8214953271028037,0.6886917325833647,0.132803594519439,0.3525052055844296,sopra_media,46.0080625,57.025571385542165,-11.017508885542163,-0.6760600497460113,sotto_media,40.8125,54.1844126506024,-13.371912650602404,-0.7850673968629204,sotto_media,0
127,Nogaredo,2065,356,863,-507,15.063731170336036,29.54859943341843,-14.484868263082394,-0.9848163669065368,sotto_media,63.48314606741573,52.96274518634444,10.52040088107129,0.6591195681107748,sopra_media,0.4644067796610169,0.4095086668982223,0.0548981127627946,0.4719955172235678,sopra_media,0.4125144843568945,0.6886917325833647,-0.2761772482264701,-0.7330668873541959,sotto_media,38.533,57.025571385542165,-18.492571385542163,-1.1347473245288044,sotto_media,33.75,54.1844126506024,-20.434412650602404,-1.1997080421631718,sotto_media,0
128,Nomi,1307,448,524,-76,19.083969465648856,29.54859943341843,-10.464629967769577,-0.7114830924728777,sotto_media,77.67857142857143,52.96274518634444,24.71582624222699,1.5484851672894362,sopra_media,0.5906656465187452,0.4095086668982223,0.1811569796205228,1.5575268072347366,sopra_media,0.8549618320610687,0.6886917325833647,0.166270099477704,0.441336515107296,sopra_media,36.83275,57.025571385542165,-20.19282138554216,-1.2390786313171347,sotto_media,35.75,54.1844126506024,-18.434412650602404,-1.0822876824321273,sotto_media,0
129,Novaledo,1098,659,450,209,18.444444444444443,29.54859943341843,-11.104154988973988,-0.7549639648211313,sotto_media,87.4051593323217,52.96274518634444,34.44241414597726,2.1578711109226543,sopra_media,0.8588342440801457,0.4095086668982223,0.4493255771819234,3.863150252907968,sopra_media,1.4644444444444444,0.6886917325833647,0.7757527118610797,2.0591074373159506,sopra_media,45.701062500000006,57.025571385542165,-11.32450888554216,-0.6948982859959845,sotto_media,42.8125,54.1844126506024,-11.371912650602404,-0.6676470371318758,sotto_media,2
253,Novella,3590,765,1381,-616,30.99203475742216,29.54859943341843,1.4434353240037296,0.0981381884758275,sopra_media,44.05228758169935,52.96274518634444,-8.910457604645096,-0.5582541040437038,sotto_media,0.3593314763231198,0.4095086668982223,-0.0501771905751025,-0.4314066153904605,sotto_media,0.55394641564084,0.6886917325833647,-0.1347453169425246,-0.3576591870290924,sotto_media,58.8263125,57.025571385542165,1.8007411144578356,0.1104976760234438,sopra_media,53.9375,54.1844126506024,-0.2469126506024039,-0.01449628612794,sotto_media,3
130,Ospedaletto,788,229,298,-69,21.14093959731544,29.54859943341843,-8.407659836102994,-0.5716310886361465,sotto_media,72.48908296943232,52.96274518634444,19.526337783087875,1.2233555994553904,sopra_media,0.5088832487309645,0.4095086668982223,0.0993745818327421,0.8543892456501487,sopra_media,0.7684563758389261,0.6886917325833647,0.0797646432555614,0.211722070256575,sopra_media,59.081625,57.025571385542165,2.056053614457838,0.1261642466832855,sopra_media,53.125,54.1844126506024,-1.059412650602404,-0.0621983072686768,sotto_media,0
131,Ossana,828,269,296,-27,37.16216216216216,29.54859943341843,7.61356272874373,0.5176409650094287,sopra_media,59.10780669144982,52.96274518634444,6.145061505105375,0.3849977135896705,sopra_media,0.4166666666666667,0.4095086668982223,0.0071579997684443,0.0615420755462246,sopra_media,0.9087837837837838,0.6886917325833647,0.220092051200419,0.5841979958196561,sopra_media,81.3950625,57.025571385542165,24.36949111445783,1.495368830312008,sopra_media,75.8125,54.1844126506024,21.6280873493976,1.2697888984303607,sopra_media,1
133,Palù del Fersina / Palai en Bernstol,166,38,66,-28,13.636363636363637,29.54859943341843,-15.912235797054796,-1.0818621172382632,sotto_media,76.31578947368422,52.96274518634444,23.353044287339777,1.4631047465537057,sopra_media,0.5180722891566265,0.4095086668982223,0.1085636222584041,0.9333935259473398,sopra_media,0.5757575757575758,0.6886917325833647,-0.1129341568257888,-0.2997650651959709,sotto_media,49.87275,57.025571385542165,-7.152821385542161,-0.4389138081912246,sotto_media,48.625,54.1844126506024,-5.559412650602404,-0.3263941166635273,sotto_media,0
134,Panchià,817,144,341,-197,14.076246334310852,29.54859943341843,-15.47235309910758,-1.0519547910141422,sotto_media,66.66666666666666,52.96274518634444,13.703921480322215,0.8585721123788743,sopra_media,0.4761321909424724,0.4095086668982223,0.0666235240442501,0.5728066614310671,sopra_media,0.4222873900293255,0.6886917325833647,-0.2664043425540391,-0.7071263235036198,sotto_media,70.2239375,57.025571385542165,13.19836611445784,0.8098825373869756,sopra_media,68.4375,54.1844126506024,14.253087349397596,0.8368013219221336,sopra_media,0
136,Peio,1827,333,535,-202,45.794392523364486,29.54859943341843,16.245793089946055,1.1045404513020656,sopra_media,26.426426426426424,52.96274518634444,-26.536318759918014,-1.6625418706008426,sotto_media,0.2068965517241379,0.4095086668982223,-0.2026121151740844,-1.7419908496775236,sotto_media,0.6224299065420561,0.6886917325833647,-0.0662618260413085,-0.1758810723129353,sotto_media,92.6488125,57.025571385542165,35.62324111445783,2.1859251860062723,sopra_media,86.8125,54.1844126506024,32.6280873493976,1.915600876951106,sopra_media,1
137,Pellizzano,777,231,239,-8,38.07531380753138,29.54859943341843,8.526714374112949,0.5797255259107698,sopra_media,60.60606060606061,52.96274518634444,7.643315419716167,0.4788656644674116,sopra_media,0.3706563706563706,0.4095086668982223,-0.0388522962418517,-0.3340389812529973,sotto_media,0.9665271966527196,0.6886917325833647,0.277835464069355,0.7374683474104139,sopra_media,79.5510625,57.025571385542165,22.52549111445784,1.3822166881460438,sopra_media,73.375,54.1844126506024,19.1905873493976,1.12668283500815,sopra_media,1
138,Pelugo,393,48,149,-101,12.751677852348994,29.54859943341843,-16.796921581069437,-1.1420113035368866,sotto_media,60.41666666666666,52.96274518634444,7.453921480322222,0.466999837970178,sopra_media,0.4045801526717557,0.4095086668982223,-0.0049285142264666,-0.0423737083916909,sotto_media,0.3221476510067114,0.6886917325833647,-0.3665440815766533,-0.9729307199815386,sotto_media,62.9556875,57.025571385542165,5.930116114457832,0.363885760110526,sopra_media,63.875,54.1844126506024,9.690587349397596,0.568936126285688,sopra_media,0
139,Pergine Valsugana,21485,6840,8890,-2050,41.63104611923509,29.54859943341843,12.082446685816665,0.8214773536321949,sopra_media,45.89181286549708,52.96274518634444,-7.070932320847362,-0.4430049681702666,sotto_media,0.3876192692576216,0.4095086668982223,-0.0218893976406007,-0.188197681871674,sotto_media,0.7694038245219348,0.6886917325833647,0.0807120919385701,0.2142369162891181,sopra_media,39.839666666666666,57.025571385542165,-17.1859047188755,-1.0545672093280487,sotto_media,35.86666666666667,54.1844126506024,-18.317745983935737,-1.075438161447816,sotto_media,3
234,Pieve di Bono-Prezzo,1429,362,499,-137,24.849699398797597,29.54859943341843,-4.698900034620838,-0.31947502569606,sotto_media,65.74585635359117,52.96274518634444,12.783111167246725,0.8008819062044816,sopra_media,0.4289713086074178,0.4095086668982223,0.0194626417091954,0.1673332502295849,sopra_media,0.7254509018036072,0.6886917325833647,0.0367591692202424,0.097571142934672,sopra_media,70.66,57.025571385542165,13.634428614457832,0.8366403497477375,sopra_media,69.75,54.1844126506024,15.565587349397596,0.9138584329956316,sopra_media,0
142,Pieve Tesino,645,120,230,-110,24.347826086956523,29.54859943341843,-5.200773346461908,-0.353597051705394,sotto_media,53.333333333333336,52.96274518634444,0.3705881469888936,0.0232179269736552,sopra_media,0.3689922480620155,0.4095086668982223,-0.0405164188362068,-0.3483465478544195,sotto_media,0.5217391304347826,0.6886917325833647,-0.1669526021485821,-0.4431481057135623,sotto_media,66.045125,57.025571385542165,9.019553614457834,0.5534608529591499,sopra_media,60.9375,54.1844126506024,6.753087349397596,0.3964749729307162,sopra_media,3
143,Pinzolo,3106,1612,900,712,64.22222222222223,29.54859943341843,34.6736227888038,2.3574360913856807,sopra_media,64.1439205955335,52.96274518634444,11.18117540918906,0.7005181256862002,sopra_media,0.4365743721828719,0.4095086668982223,0.0270657052846495,0.2327018347615506,sopra_media,1.791111111111111,0.6886917325833647,1.1024193785277463,2.92619014624111,sopra_media,70.17775,57.025571385542165,13.15217861445784,0.8070483646286835,sopra_media,71.0625,54.1844126506024,16.878087349397596,0.9909155440691296,sopra_media,2
144,Pomarolo,2437,217,1040,-823,8.557692307692308,29.54859943341843,-20.990907125726125,-1.4271575355861106,sotto_media,58.986175115207374,52.96274518634444,6.023429928862932,0.3773773051178036,sopra_media,0.442757488715634,0.4095086668982223,0.0332488218174116,0.2858621919954061,sopra_media,0.2086538461538461,0.6886917325833647,-0.4800378864295185,-1.274181278424536,sotto_media,38.4615625,57.025571385542165,-18.564008885542165,-1.139130896196907,sotto_media,34.375,54.1844126506024,-19.809412650602404,-1.1630141797472204,sotto_media,0
244,Porte di Rendena,1767,313,687,-374,24.308588064046575,29.54859943341843,-5.240011369371853,-0.3562648182646009,sotto_media,46.64536741214057,52.96274518634444,-6.3173777742038695,-0.3957935973350335,sotto_media,0.3769100169779287,0.4095086668982223,-0.0325986499202936,-0.2802722326066309,sotto_media,0.4556040756914119,0.6886917325833647,-0.2330876568919527,-0.6186926845557936,sotto_media,60.649625,57.025571385542165,3.624053614457836,0.2223803849241924,sopra_media,61.125,54.1844126506024,6.940587349397596,0.4074831316555016,sopra_media,3
230,Predaia,6797,1591,2524,-933,37.48019017432647,29.54859943341843,7.931590740908035,0.5392634738114184,sopra_media,40.54054054054054,52.96274518634444,-12.422204645803902,-0.7782705482124341,sotto_media,0.327056054141533,0.4095086668982223,-0.0824526127566893,-0.7088998445662965,sotto_media,0.6303486529318542,0.6886917325833647,-0.0583430796515105,-0.154862068014086,sotto_media,53.0376,57.025571385542165,-3.987971385542167,-0.2447112284005781,sotto_media,49.13333333333333,54.1844126506024,-5.051079317269071,-0.2965497752318868,sotto_media,3
147,Predazzo,4512,1537,1629,-92,58.25659914057704,29.54859943341843,28.707999707158606,1.9518374250468693,sopra_media,38.25634352635004,52.96274518634444,-14.706401659994404,-0.9213790634194948,sotto_media,0.2810283687943262,0.4095086668982223,-0.1284802981038961,-1.1046304090381198,sotto_media,0.943523634131369,0.6886917325833647,0.2548319015480043,0.6764091903514076,sopra_media,74.44806249999999,57.025571385542165,17.422491114457827,1.069084702531663,sopra_media,72.0,54.1844126506024,17.815587349397596,1.045956337693057,sopra_media,1
245,Primiero San Martino di Castrozza,5230,1672,1679,-7,62.95413936867183,29.54859943341843,33.405539935253394,2.271219998419694,sopra_media,36.7822966507177,52.96274518634444,-16.180448535626738,-1.0137304054477168,sotto_media,0.2365200764818355,0.4095086668982223,-0.1729885904163867,-1.4872977430053644,sotto_media,0.9958308516974388,0.6886917325833647,0.3071391191140742,0.815250059443833,sopra_media,105.30133333333332,57.025571385542165,48.27576194779117,2.962313383452673,sopra_media,101.6,54.1844126506024,47.41558734939759,2.783777661712517,sopra_media,1
150,Rabbi,1340,278,457,-179,38.949671772428886,29.54859943341843,9.401072339010454,0.6391725307938445,sopra_media,35.97122302158273,52.96274518634444,-16.99152216476171,-1.0645454367554443,sotto_media,0.2828358208955224,0.4095086668982223,-0.1266728460026999,-1.089090543523124,sotto_media,0.6083150984682714,0.6886917325833647,-0.0803766341150933,-0.2133464989065353,sotto_media,75.0373125,57.025571385542165,18.011741114457834,1.1052424572883308,sopra_media,69.4375,54.1844126506024,15.253087349397596,0.8955115017876559,sopra_media,1
153,Riva del Garda,17694,6879,6719,160,52.80547700550677,29.54859943341843,23.256877572088342,1.5812193290365637,sopra_media,48.42273586277075,52.96274518634444,-4.540009323573692,-0.2844386842669503,sotto_media,0.3674691985983949,0.4095086668982223,-0.0420394682998274,-0.3614412151054559,sotto_media,1.023813067420747,0.6886917325833647,0.3351213348373824,0.8895242290696317,sopra_media,50.207,57.025571385542165,-6.818571385542164,-0.4184034483653172,sotto_media,48.333333333333336,54.1844126506024,-5.851079317269068,-0.3435179191243045,sotto_media,3
155,Romeno,1391,246,539,-293,26.53061224489796,29.54859943341843,-3.017987188520472,-0.2051909015937936,sotto_media,41.86991869918699,52.96274518634444,-11.092826487157453,-0.6949829275515645,sotto_media,0.3587347232207045,0.4095086668982223,-0.0507739436775178,-0.4365372979413577,sotto_media,0.4564007421150278,0.6886917325833647,-0.2322909904683368,-0.6165780651250836,sotto_media,58.931,57.025571385542165,1.90542861445784,0.1169215452658516,sopra_media,52.125,54.1844126506024,-2.059412650602404,-0.1209084871341992,sotto_media,3
156,Roncegno Terme,2906,480,1120,-640,18.75,29.54859943341843,-10.798599433418431,-0.7341894498828575,sotto_media,56.25,52.96274518634444,3.287254813655558,0.2059516550310469,sopra_media,0.4060564349621473,0.4095086668982223,-0.003452231936075,-0.0296811295733243,sotto_media,0.4285714285714285,0.6886917325833647,-0.2601203040119361,-0.6904463811707316,sotto_media,50.0465,57.025571385542165,-6.979071385542163,-0.4282521028217365,sotto_media,46.75,54.1844126506024,-7.434412650602404,-0.4364757039113817,sotto_media,0
157,Ronchi Valsugana,457,54,176,-122,14.204545454545457,29.54859943341843,-15.344053978872976,-1.0432318208654403,sotto_media,53.70370370370371,52.96274518634444,0.7409585173592674,0.0464222099015782,sopra_media,0.3938730853391685,0.4095086668982223,-0.0156355815590538,-0.1344294736859954,sotto_media,0.3068181818181818,0.6886917325833647,-0.3818735507651828,-1.0136202638704417,sotto_media,53.031625,57.025571385542165,-3.9939463855421664,-0.2450778683406223,sotto_media,51.0,54.1844126506024,-3.184412650602404,-0.1869574394829118,sotto_media,0
135,Ronzo-Chienis,990,133,353,-220,23.512747875354105,29.54859943341843,-6.035851558064326,-0.4103734528086855,sotto_media,37.59398496240601,52.96274518634444,-15.36876022393843,-0.9628768633167174,sotto_media,0.3232323232323232,0.4095086668982223,-0.086276343665899,-0.7417749974156191,sotto_media,0.376770538243626,0.6886917325833647,-0.3119211943397386,-0.8279432882426687,sotto_media,45.1685,57.025571385542165,-11.85707138554217,-0.7275775634972116,sotto_media,44.125,54.1844126506024,-10.059412650602404,-0.5905899260583778,sotto_media,3
159,Ronzone,449,75,150,-75,24.0,29.54859943341843,-5.548599433418431,-0.3772455113979744,sotto_media,52.0,52.96274518634444,-0.962745186344442,-0.0603174915668668,sotto_media,0.3407572383073496,0.4095086668982223,-0.0687514285908726,-0.5911016693382639,sotto_media,0.5,0.6886917325833647,-0.1886917325833647,-0.5008510366535684,sotto_media,62.8355625,57.025571385542165,5.809991114457837,0.3565146098514773,sopra_media,56.25,54.1844126506024,2.065587349397596,0.1212710048110803,sopra_media,3
160,Roverè della Luna,1635,294,615,-321,30.08130081300813,29.54859943341843,0.5327013795897031,0.0362180054223008,sopra_media,37.07482993197279,52.96274518634444,-15.887915254371649,-0.9954027378827096,sotto_media,0.3296636085626911,0.4095086668982223,-0.0798450583355312,-0.6864809682923346,sotto_media,0.4780487804878048,0.6886917325833647,-0.2106429520955598,-0.5591169230173796,sotto_media,43.111,57.025571385542165,-13.914571385542168,-0.8538305637718709,sotto_media,38.0,54.1844126506024,-16.184412650602404,-0.950189777734702,sotto_media,3
161,Rovereto,39860,18447,14717,3730,61.56825439967385,29.54859943341843,32.019654966255416,2.176994619539477,sopra_media,50.88090204369274,52.96274518634444,-2.0818431426516995,-0.130430728692844,sotto_media,0.3773707977922729,0.4095086668982223,-0.0321378691059494,-0.2763105940757613,sotto_media,1.2534483930148808,0.6886917325833647,0.5647566604315161,1.4990532704402617,sopra_media,41.5602,57.025571385542165,-15.465371385542165,-0.9489912698841146,sotto_media,35.13333333333333,54.1844126506024,-19.05107931726907,-1.1184922933491992,sotto_media,2
162,Ruffrè-Mendola,417,66,144,-78,25.694444444444443,29.54859943341843,-3.854154988973988,-0.2620413831039117,sotto_media,43.93939393939394,52.96274518634444,-9.023351246950504,-0.5653270672891135,sotto_media,0.3261390887290168,0.4095086668982223,-0.0833695781692055,-0.7167836049065981,sotto_media,0.4583333333333333,0.6886917325833647,-0.2303583992500313,-0.611448320955247,sotto_media,66.124875,57.025571385542165,9.099303614457838,0.558354499020829,sopra_media,60.6875,54.1844126506024,6.503087349397596,0.3817974279643356,sopra_media,3
163,Rumo,806,125,279,-154,34.76702508960574,29.54859943341843,5.218425656187307,0.3547972202685824,sopra_media,22.4,52.96274518634444,-30.56274518634444,-1.9148037831664544,sotto_media,0.260545905707196,0.4095086668982223,-0.1489627611910263,-1.2807317406193135,sotto_media,0.4480286738351254,0.6886917325833647,-0.2406630587482392,-0.6388003375029738,sotto_media,70.1721875,57.025571385542165,13.146616114457842,0.8067070366510274,sopra_media,65.9375,54.1844126506024,11.753087349397596,0.6900258722583278,sopra_media,3
164,Sagron Mis,179,13,63,-50,11.11111111111111,29.54859943341843,-18.43748832230732,-1.253552323339698,sotto_media,46.15384615384615,52.96274518634444,-6.808899032498289,-0.4265881728599248,sotto_media,0.3463687150837989,0.4095086668982223,-0.0631399518144234,-0.5428560785484254,sotto_media,0.2063492063492063,0.6886917325833647,-0.4823425262341583,-1.2802985641130171,sotto_media,111.957125,57.025571385542165,54.93155361445783,3.3707282884926446,sopra_media,117.9375,54.1844126506024,63.7530873493976,3.742955225265488,sopra_media,1
165,Samone,549,87,217,-130,18.433179723502302,29.54859943341843,-11.115419709916123,-0.7557298455561826,sotto_media,54.02298850574713,52.96274518634444,1.0602433194026872,0.0664259020808218,sopra_media,0.4080145719489982,0.4095086668982223,-0.0014940949492241,-0.0128457260705344,sotto_media,0.4009216589861751,0.6886917325833647,-0.2877700735971896,-0.76383812743544,sotto_media,59.38000000000001,57.025571385542165,2.354428614457845,0.1444732328106014,sopra_media,55.375,54.1844126506024,1.190587349397596,0.0698995974287483,sopra_media,0
250,San Giovanni di Fassa / Sèn Jan,3637,1380,1297,83,71.31842713955281,29.54859943341843,41.76982770613438,2.839902249764304,sopra_media,32.971014492753625,52.96274518634444,-19.991730693590817,-1.2525131931288815,sotto_media,0.2273852075886719,0.4095086668982223,-0.1821234593095503,-1.5658362746781744,sotto_media,1.063993831919815,0.6886917325833647,0.3753020993364503,0.9961774315039248,sopra_media,90.214375,57.025571385542165,33.18880361445784,2.0365424213131305,sopra_media,89.5,54.1844126506024,35.3155873493976,2.073384485339697,sopra_media,1
231,San Lorenzo Dorsino,1563,229,501,-272,33.532934131736525,29.54859943341843,3.9843346983180936,0.2708922132304074,sopra_media,26.63755458515284,52.96274518634444,-26.325190601191604,-1.649314361272167,sotto_media,0.2520793346129238,0.4095086668982223,-0.1574293322852984,-1.3535244724936848,sotto_media,0.4570858283433133,0.6886917325833647,-0.2316059042400513,-0.614759616892423,sotto_media,49.647375,57.025571385542165,-7.378196385542161,-0.4527433440050284,sotto_media,46.6875,54.1844126506024,-7.496912650602404,-0.4401450901529768,sotto_media,3
167,San Michele all'Adige,3983,1277,1789,-512,25.48910005589715,29.54859943341843,-4.059499377521281,-0.276002608778929,sotto_media,64.29130775254502,52.96274518634444,11.32856256620058,0.7097521615725415,sopra_media,0.5407983931709767,0.4095086668982223,0.1312897262727543,1.1287849279264517,sopra_media,0.713806595863611,0.6886917325833647,0.0251148632802462,0.0666632561856763,sopra_media,37.1214375,57.025571385542165,-19.90413388554217,-1.2213640927913558,sotto_media,31.5,54.1844126506024,-22.684412650602404,-1.331805946860597,sotto_media,0
168,Sant'Orsola Terme,1113,269,456,-187,18.640350877192983,29.54859943341843,-10.908248556225448,-0.7416444193583146,sotto_media,68.40148698884758,52.96274518634444,15.438741802503138,0.9672613186583644,sopra_media,0.4986522911051212,0.4095086668982223,0.0891436242068989,0.766426911550115,sopra_media,0.5899122807017544,0.6886917325833647,-0.0987794518816103,-0.2621937389499463,sotto_media,43.8723125,57.025571385542165,-13.153258885542163,-0.8071146525827569,sotto_media,42.8125,54.1844126506024,-11.371912650602404,-0.6676470371318758,sotto_media,0
169,Sanzeno,918,178,348,-170,30.17241379310345,29.54859943341843,0.6238143596850172,0.0424127151294086,sopra_media,41.01123595505618,52.96274518634444,-11.951509231288265,-0.7487807443699329,sotto_media,0.3442265795206972,0.4095086668982223,-0.0652820873775251,-0.5612734399509548,sotto_media,0.5114942528735632,0.6886917325833647,-0.1771974797098015,-0.4703414409841399,sotto_media,53.93775,57.025571385542165,-3.0878213855421706,-0.1894759242949964,sotto_media,46.375,54.1844126506024,-7.809412650602404,-0.4584920213609525,sotto_media,3
170,Sarnonico,795,274,310,-36,24.516129032258064,29.54859943341843,-5.032470401160367,-0.3421542486283392,sotto_media,72.26277372262774,52.96274518634444,19.3000285362833,1.2091769712168323,sopra_media,0.5433962264150943,0.4095086668982223,0.1338875595168719,1.151120224788403,sopra_media,0.8838709677419355,0.6886917325833647,0.1951792351585708,0.5180710406547991,sopra_media,62.3344375,57.025571385542165,5.308866114457835,0.3257644106958812,sopra_media,55.6875,54.1844126506024,1.503087349397596,0.088246528636724,sopra_media,0
171,Scurelle,1354,872,514,358,27.626459143968876,29.54859943341843,-1.9221402894495585,-0.1306850143307806,sotto_media,83.71559633027523,52.96274518634444,30.75285114393079,1.926714218716972,sopra_media,0.8138847858197932,0.4095086668982223,0.4043761189215708,3.4766899224375054,sopra_media,1.696498054474708,0.6886917325833647,1.0078063218913431,2.6750554152779005,sopra_media,56.477,57.025571385542165,-0.5485713855421608,-0.0336616200678127,sotto_media,52.8125,54.1844126506024,-1.371912650602404,-0.0805452384766526,sotto_media,2
172,Segonzano,1396,195,545,-350,19.26605504587156,29.54859943341843,-10.28254438754687,-0.6991032173974496,sotto_media,46.15384615384615,52.96274518634444,-6.808899032498289,-0.4265881728599248,sotto_media,0.3796561604584527,0.4095086668982223,-0.0298525064397696,-0.256661814192785,sotto_media,0.3577981651376147,0.6886917325833647,-0.33089356744575,-0.8783023188574621,sotto_media,44.189,57.025571385542165,-12.836571385542165,-0.7876819687312472,sotto_media,43.0,54.1844126506024,-11.184412650602404,-0.6566388784070903,sotto_media,3
246,Sella Giudicarie,2893,475,1110,-635,23.6036036036036,29.54859943341843,-5.944995829814829,-0.4041962334800592,sotto_media,44.8421052631579,52.96274518634444,-8.120639923186545,-0.5087707911001952,sotto_media,0.3667473211199447,0.4095086668982223,-0.0427613457782776,-0.3676476749756774,sotto_media,0.4279279279279279,0.6886917325833647,-0.2607638046554367,-0.6921544473375528,sotto_media,65.7635,57.025571385542165,8.737928614457829,0.5361796859106194,sopra_media,67.125,54.1844126506024,12.940587349397596,0.7597442108486355,sopra_media,3
173,Sfruz,367,53,128,-75,24.21875,29.54859943341843,-5.329849433418431,-0.3623728472944376,sotto_media,41.50943396226416,52.96274518634444,-11.453311224080288,-0.7175678600838038,sotto_media,0.3242506811989101,0.4095086668982223,-0.0852579856993122,-0.7330194979827925,sotto_media,0.4140625,0.6886917325833647,-0.2746292325833647,-0.7289579355257804,sotto_media,54.45775,57.025571385542165,-2.5678213855421674,-0.1575675111028587,sotto_media,54.0625,54.1844126506024,-0.1219126506024039,-0.0071575136447497,sotto_media,3
176,Soraga di Fassa / Soraga,693,226,255,-29,40.78431372549019,29.54859943341843,11.235714292071762,0.7639085925910448,sopra_media,53.98230088495575,52.96274518634444,1.019555698611306,0.0638767590066523,sopra_media,0.3939393939393939,0.4095086668982223,-0.0155692729588284,-0.1338593746336836,sotto_media,0.8862745098039215,0.6886917325833647,0.1975827772205568,0.5244508460490513,sopra_media,86.10762499999998,57.025571385542165,29.08205361445782,1.78454266001157,sopra_media,84.6875,54.1844126506024,30.5030873493976,1.7908417447368712,sopra_media,1
177,Sover,779,79,279,-200,20.78853046594982,29.54859943341843,-8.760068967468612,-0.5955911464090381,sotto_media,26.58227848101265,52.96274518634444,-26.380466705331788,-1.652777495643147,sotto_media,0.3106546854942233,0.4095086668982223,-0.0988539814039989,-0.8499132981855584,sotto_media,0.2831541218637993,0.6886917325833647,-0.4055376107195654,-1.076432602266605,sotto_media,50.776875,57.025571385542165,-6.248696385542168,-0.3834345888117225,sotto_media,51.4375,54.1844126506024,-2.746912650602404,-0.1612717357917458,sotto_media,3
179,Spiazzo,1245,372,412,-40,32.76699029126214,29.54859943341843,3.2183908578437084,0.2188162111204714,sopra_media,63.70967741935484,52.96274518634444,10.746932233010398,0.6733121115833626,sopra_media,0.4128514056224899,0.4095086668982223,0.0033427387242676,0.0287397437489546,sopra_media,0.9029126213592232,0.6886917325833647,0.2142208887758586,0.5686139649432455,sopra_media,64.28325,57.025571385542165,7.257678614457831,0.4453480923958857,sopra_media,65.25,54.1844126506024,11.065587349397596,0.6496626236007812,sopra_media,0
180,Spormaggiore,1264,221,456,-235,25.438596491228072,29.54859943341843,-4.110002942190359,-0.2794363118799779,sotto_media,47.511312217194565,52.96274518634444,-5.451432969149877,-0.3415408010426516,sotto_media,0.3520569620253164,0.4095086668982223,-0.0574517048729059,-0.4939504436888515,sotto_media,0.4846491228070175,0.6886917325833647,-0.2040426097763471,-0.5415974045541868,sotto_media,43.64325,57.025571385542165,-13.38232138554217,-0.8211704619997264,sotto_media,37.8125,54.1844126506024,-16.371912650602404,-0.9611979364594874,sotto_media,3
181,Sporminore,705,181,274,-93,26.64233576642336,29.54859943341843,-2.906263666995073,-0.1975948951567124,sotto_media,59.66850828729282,52.96274518634444,6.705763100948381,0.4201265454534837,sopra_media,0.4382978723404255,0.4095086668982223,0.0287892054422032,0.2475199096890873,sopra_media,0.6605839416058394,0.6886917325833647,-0.0281077909775252,-0.0746074883960043,sotto_media,43.5576875,57.025571385542165,-13.467883885542165,-0.8264207766223266,sotto_media,39.75,54.1844126506024,-14.434412650602404,-0.8474469629700379,sotto_media,0
182,Stenico,1168,278,447,-169,23.2662192393736,29.54859943341843,-6.28238019404483,-0.4271347675279592,sotto_media,62.58992805755396,52.96274518634444,9.627182871209513,0.603158062884473,sopra_media,0.4426369863013699,0.4095086668982223,0.0331283194031475,0.2848261527495212,sopra_media,0.6219239373601789,0.6886917325833647,-0.0667677952231857,-0.1772240839318783,sotto_media,49.1039375,57.025571385542165,-7.921633885542164,-0.4860899368783022,sotto_media,47.125,54.1844126506024,-7.059412650602404,-0.4144593864618108,sotto_media,0
183,Storo,4529,1598,1646,-48,49.21020656136088,29.54859943341843,19.66160712794245,1.3367793305124245,sopra_media,49.3116395494368,52.96274518634444,-3.651105636907644,-0.2287474781360543,sotto_media,0.3585780525502318,0.4095086668982223,-0.0509306143479905,-0.4378842996946427,sotto_media,0.970838396111786,0.6886917325833647,0.2821466635284214,0.7489117142645486,sopra_media,73.67293749999999,57.025571385542165,16.647366114457824,1.021521224117133,sopra_media,71.625,54.1844126506024,17.440587349397596,1.023940020243486,sopra_media,1
184,Strembo,605,156,207,-51,20.77294685990338,29.54859943341843,-8.77565257351505,-0.596650665212469,sotto_media,72.43589743589743,52.96274518634444,19.47315224955299,1.2200234426022871,sopra_media,0.4578512396694215,0.4095086668982223,0.0483425727711991,0.4156331882964818,sopra_media,0.7536231884057971,0.6886917325833647,0.0649314558224324,0.1723498243131705,sopra_media,66.6803125,57.025571385542165,9.654741114457837,0.5924374398908439,sopra_media,67.9375,54.1844126506024,13.753087349397596,0.8074462319893725,sopra_media,0
188,Telve,1892,281,715,-434,18.321678321678323,29.54859943341843,-11.226921111740108,-0.7633107502254469,sotto_media,53.38078291814946,52.96274518634444,0.4180377318050219,0.0261907176690472,sopra_media,0.3879492600422833,0.4095086668982223,-0.021559406855939,-0.1853605320454421,sotto_media,0.393006993006993,0.6886917325833647,-0.2956847395763717,-0.7848463009582982,sotto_media,55.50625,57.025571385542165,-1.5193213855421703,-0.0932291048875585,sotto_media,51.75,54.1844126506024,-2.434412650602404,-0.14292480458377,sotto_media,0
189,Telve di Sopra,594,111,239,-128,8.368200836820083,29.54859943341843,-21.180398596598348,-1.440040932142763,sotto_media,81.98198198198197,52.96274518634444,29.01923679563753,1.8181005685875729,sopra_media,0.5218855218855218,0.4095086668982223,0.1123768549872994,0.9661784189717236,sopra_media,0.4644351464435146,0.6886917325833647,-0.22425658613985,-0.5952520659319886,sotto_media,56.8143125,57.025571385542165,-0.2112588855421648,-0.0129633380969036,sotto_media,54.5,54.1844126506024,0.315587349397596,0.0185281900464162,sopra_media,0
190,Tenna,1050,113,440,-327,11.818181818181818,29.54859943341843,-17.73041761523661,-1.205479065631296,sotto_media,53.98230088495575,52.96274518634444,1.019555698611306,0.0638767590066523,sopra_media,0.4276190476190476,0.4095086668982223,0.0181103807208252,0.1557069648710181,sopra_media,0.2568181818181818,0.6886917325833647,-0.4318735507651828,-1.1463370050324555,sotto_media,40.6101875,57.025571385542165,-16.41538388554217,-1.007286253321991,sotto_media,39.8125,54.1844126506024,-14.371912650602404,-0.8437775767284428,sotto_media,0
191,Tenno,1988,244,737,-493,16.28222523744912,29.54859943341843,-13.266374195969313,-0.9019717818901926,sotto_media,50.81967213114754,52.96274518634444,-2.1430730551969006,-0.1342668784715912,sotto_media,0.3727364185110664,0.4095086668982223,-0.0367722483871559,-0.3161554290939461,sotto_media,0.3310719131614654,0.6886917325833647,-0.3576198194218993,-0.9492427401724496,sotto_media,48.9828125,57.025571385542165,-8.04275888554217,-0.4935224494704134,sotto_media,48.875,54.1844126506024,-5.309412650602404,-0.3117165716971467,sotto_media,3
193,Terragnolo,701,48,265,-217,13.58490566037736,29.54859943341843,-15.963693773041072,-1.0853607101173113,sotto_media,25.0,52.96274518634444,-27.96274518634444,-1.751909717012437,sotto_media,0.3437945791726106,0.4095086668982223,-0.0657140877256117,-0.5649876337087061,sotto_media,0.1811320754716981,0.6886917325833647,-0.5075596571116666,-1.347233272743395,sotto_media,46.0355625,57.025571385542165,-10.990008885542167,-0.6743725855868119,sotto_media,47.3125,54.1844126506024,-6.871912650602404,-0.4034512277370253,sotto_media,3
251,Terre d'Adige,3048,352,1248,-896,13.381410256410255,29.54859943341843,-16.167189177008176,-1.0991962245850426,sotto_media,52.55681818181818,52.96274518634444,-0.4059270045262622,-0.0254319616650012,sotto_media,0.4153543307086614,0.4095086668982223,0.005845663810439,0.0502590521762558,sopra_media,0.282051282051282,0.6886917325833647,-0.4066404505320826,-1.0793599083854253,sotto_media,35.41525,57.025571385542165,-21.610321385542164,-1.3260597384322406,sotto_media,31.0625,54.1844126506024,-23.121912650602404,-1.3574916505517631,sotto_media,0
195,Terzolas,645,120,239,-119,19.246861924686197,29.54859943341843,-10.301737508732238,-0.7004081446865396,sotto_media,61.66666666666667,52.96274518634444,8.70392148032223,0.5453142928519178,sopra_media,0.413953488372093,0.4095086668982223,0.0044448214738706,0.0382150807185453,sopra_media,0.502092050209205,0.6886917325833647,-0.1865996823741597,-0.4952980349313085,sotto_media,67.1664375,57.025571385542165,10.140866114457836,0.622267204050513,sopra_media,60.3125,54.1844126506024,6.128087349397596,0.3597811105147647,sopra_media,0
196,Tesero,2936,1116,1024,92,43.9453125,29.54859943341843,14.396713066581569,0.9788227548995057,sopra_media,59.67741935483871,52.96274518634444,6.71467416849427,0.4206848377713001,sopra_media,0.4223433242506812,0.4095086668982223,0.0128346573524588,0.1103480690062379,sopra_media,1.08984375,0.6886917325833647,0.4011520174166353,1.0647917692420683,sopra_media,69.41550000000001,57.025571385542165,12.389928614457844,0.7602749262523245,sopra_media,65.0,54.1844126506024,10.815587349397596,0.6349850786344007,sopra_media,2
199,Tione di Trento,3659,2719,1343,1376,58.60014892032762,29.54859943341843,29.051549486909188,1.9751951415134956,sopra_media,71.05553512320706,52.96274518634444,18.092789936862623,1.1335415849561723,sopra_media,0.6799672041541405,0.4095086668982223,0.2704585372559181,2.3253115773070947,sopra_media,2.024571854058079,0.6886917325833647,1.3358801214747142,3.545873126104796,sopra_media,58.73375,57.025571385542165,1.708178614457836,0.1048178250694107,sopra_media,58.5,54.1844126506024,4.315587349397596,0.2533689095085055,sopra_media,2
200,Ton,1317,231,542,-311,23.616236162361623,29.54859943341843,-5.932363271056808,-0.403337354379825,sotto_media,44.58874458874459,52.96274518634444,-8.374000597599853,-0.5246442335843137,sotto_media,0.3925588458618071,0.4095086668982223,-0.0169498210364152,-0.1457288628754396,sotto_media,0.4261992619926199,0.6886917325833647,-0.2624924705907447,-0.6967429055273902,sotto_media,44.14725,57.025571385542165,-12.878321385542163,-0.7902438461365775,sotto_media,39.625,54.1844126506024,-14.559412650602404,-0.8547857354532282,sotto_media,3
202,Torcegno,679,120,288,-168,15.27777777777778,29.54859943341843,-14.270821655640653,-0.9702634832723304,sotto_media,63.33333333333333,52.96274518634444,10.370588146988888,0.6497335660275697,sopra_media,0.471281296023564,0.4095086668982223,0.0617726291253417,0.5311002977507651,sopra_media,0.4166666666666667,0.6886917325833647,-0.272025065916698,-0.7220456052569254,sotto_media,54.862375,57.025571385542165,-2.1631963855421645,-0.1327387770877265,sotto_media,53.75,54.1844126506024,-0.4344126506024039,-0.0255044448527254,sotto_media,0
203,Trambileno,1468,128,587,-459,10.732538330494036,29.54859943341843,-18.816061102924397,-1.2792912298761994,sotto_media,50.78125,52.96274518634444,-2.181495186344442,-0.1366740850765627,sotto_media,0.4012261580381471,0.4095086668982223,-0.0082825088600752,-0.0712102266650117,sotto_media,0.2180579216354344,0.6886917325833647,-0.4706338109479303,-1.2492197133933762,sotto_media,41.2539375,57.025571385542165,-15.771633885542164,-0.9677842514134553,sotto_media,36.375,54.1844126506024,-17.809412650602404,-1.0455938200161756,sotto_media,0
247,Tre Ville,1385,303,523,-220,19.120458891013385,29.54859943341843,-10.428140542405046,-0.7090022011961795,sotto_media,66.996699669967,52.96274518634444,14.033954483622558,0.8792491961760341,sopra_media,0.451985559566787,0.4095086668982223,0.0424768926685646,0.3652020427692485,sopra_media,0.5793499043977055,0.6886917325833647,-0.1093418281856591,-0.2902298221899512,sotto_media,55.212875,57.025571385542165,-1.812696385542168,-0.1112312793495648,sotto_media,54.375,54.1844126506024,0.190587349397596,0.011189417563226,sopra_media,0
205,Trento,118363,73900,46448,27452,80.89261109197382,29.54859943341843,51.34401165855539,3.490844521717813,sopra_media,49.156968876860624,52.96274518634444,-3.805776309483818,-0.2384378376632503,sotto_media,0.3818929902080887,0.4095086668982223,-0.0276156766901336,-0.2374303040098702,sotto_media,1.5910265242852222,0.6886917325833647,0.9023347917018576,2.3950986598355093,sopra_media,34.33813333333334,57.025571385542165,-22.687438052208822,-1.392154130078659,sotto_media,31.0,54.1844126506024,-23.184412650602404,-1.3611610367933582,sotto_media,2
232,Valdaone,1145,149,412,-263,14.07766990291262,29.54859943341843,-15.47092953050581,-1.0518580035506335,sotto_media,61.07382550335571,52.96274518634444,8.111080317011265,0.5081718668229943,sopra_media,0.388646288209607,0.4095086668982223,-0.0208623786886153,-0.1793677181981451,sotto_media,0.3616504854368932,0.6886917325833647,-0.3270412471464715,-0.8680769709368117,sotto_media,72.0523125,57.025571385542165,15.026741114457836,0.9220758930988492,sopra_media,72.25,54.1844126506024,18.0655873493976,1.0606338826594377,sopra_media,0
209,Valfloriana,466,35,158,-123,16.455696202531644,29.54859943341843,-13.092903230886789,-0.8901776086541296,sotto_media,25.71428571428571,52.96274518634444,-27.24845947205873,-1.7071585999371577,sotto_media,0.3025751072961373,0.4095086668982223,-0.106933559602085,-0.9193787952424692,sotto_media,0.2215189873417721,0.6886917325833647,-0.4671727452415926,-1.2400328861635213,sotto_media,55.719375,57.025571385542165,-1.3061963855421652,-0.0801512576537614,sotto_media,56.6875,54.1844126506024,2.503087349397596,0.1469567085022463,sopra_media,3
210,Vallarsa,1374,137,494,-357,21.65991902834008,29.54859943341843,-7.88868040507835,-0.5363460291880361,sotto_media,21.897810218978105,52.96274518634444,-31.064934967366337,-1.9462667583247824,sotto_media,0.3034934497816594,0.4095086668982223,-0.1060152171165629,-0.911483195291425,sotto_media,0.2773279352226721,0.6886917325833647,-0.4113637973606926,-1.0918972523548465,sotto_media,56.3835,57.025571385542165,-0.6420713855421667,-0.0393989982090917,sotto_media,51.8125,54.1844126506024,-2.371912650602404,-0.1392554183421749,sotto_media,3
248,Vallelaghi,5168,843,2095,-1252,18.663484486873507,29.54859943341843,-10.885114946544924,-0.7400715809296025,sotto_media,53.61803084223013,52.96274518634444,0.6552856558856917,0.0410546711460087,sopra_media,0.4171826625386997,0.4095086668982223,0.0076739956404773,0.0659784345802367,sopra_media,0.4023866348448687,0.6886917325833647,-0.2863050977384959,-0.7599495909985031,sotto_media,38.0606875,57.025571385542165,-18.964883885542164,-1.1637295214630572,sotto_media,35.375,54.1844126506024,-18.809412650602404,-1.104303999881698,sotto_media,0
213,Vermiglio,1821,358,576,-218,46.00694444444444,29.54859943341843,16.45834501102601,1.118991712224505,sopra_media,25.977653631284912,52.96274518634444,-26.98509155505953,-1.6906581880546525,sotto_media,0.2218561230093355,0.4095086668982223,-0.1876525438888868,-1.6133734850568415,sotto_media,0.6215277777777778,0.6886917325833647,-0.0671639548055869,-0.1782756241070059,sotto_media,85.118625,57.025571385542165,28.09305361445783,1.7238553126134477,sopra_media,78.75,54.1844126506024,24.5655873493976,1.4422500517853325,sopra_media,1
216,Vignola-Falesina,181,35,87,-52,16.091954022988507,29.54859943341843,-13.456645410429925,-0.914908192684454,sotto_media,60.0,52.96274518634444,7.037254813655558,0.440895019676265,sopra_media,0.5193370165745856,0.4095086668982223,0.1098283496763632,0.944267227095606,sopra_media,0.4022988505747126,0.6886917325833647,-0.286392882008652,-0.7601825998437112,sotto_media,44.056375,57.025571385542165,-12.969196385542162,-0.7958201481535686,sotto_media,43.125,54.1844126506024,-11.059412650602404,-0.6493001059239001,sotto_media,0
222,Villa Lagarina,3853,707,1585,-878,14.511041009463725,29.54859943341843,-15.037558423954708,-1.022393396008176,sotto_media,67.46817538896747,52.96274518634444,14.505430202623025,0.9087878873148322,sopra_media,0.4754736568907345,0.4095086668982223,0.0659649899925121,0.5671448070481596,sopra_media,0.4460567823343848,0.6886917325833647,-0.2426349502489798,-0.6440343977810412,sotto_media,37.825875,57.025571385542165,-19.19969638554216,-1.1781381642951316,sotto_media,31.5,54.1844126506024,-22.684412650602404,-1.331805946860597,sotto_media,0
249,Ville d'Anaunia,4733,1100,1735,-635,32.27665706051873,29.54859943341843,2.7280576271002985,0.1854787873963629,sopra_media,49.09090909090909,52.96274518634444,-3.871836095435349,-0.2425765865643692,sotto_media,0.362349461229664,0.4095086668982223,-0.0471592056685583,-0.4054589957866284,sotto_media,0.6340057636887608,0.6886917325833647,-0.0546859688946038,-0.145154871579582,sotto_media,52.62075,57.025571385542165,-4.404821385542164,-0.2702901169373904,sotto_media,48.125,54.1844126506024,-6.059412650602404,-0.3557492065962885,sotto_media,3
254,Ville di Fiemme,2634,410,1014,-604,23.2741617357002,29.54859943341843,-6.274437697718234,-0.426594762590775,sotto_media,42.4390243902439,52.96274518634444,-10.52372079610054,-0.6593275659793905,sotto_media,0.3614274867122247,0.4095086668982223,-0.0480811801859976,-0.4133858227270371,sotto_media,0.4043392504930966,0.6886917325833647,-0.284352482090268,-0.7547666952870079,sotto_media,68.07675,57.025571385542165,11.05117861445784,0.6781261028658356,sopra_media,62.3125,54.1844126506024,8.128087349397596,0.4772014702458094,sopra_media,3
224,Volano,3042,906,1294,-388,20.09273570324575,29.54859943341843,-9.45586373017268,-0.6428977603093704,sotto_media,71.30242825607064,52.96274518634444,18.3396830697262,1.1490098258475772,sopra_media,0.5522682445759369,0.4095086668982223,0.1427595776777145,1.2273988542330525,sopra_media,0.7001545595054096,0.6886917325833647,0.0114628269220449,0.03042618067196,sopra_media,37.1983125,57.025571385542165,-19.827258885542165,-1.2166468634372296,sotto_media,35.5625,54.1844126506024,-18.621912650602404,-1.0932958411569127,sotto_media,0
226,Ziano di Fiemme,1757,747,649,98,32.357473035439135,29.54859943341843,2.808873602020704,0.1909734107069505,sopra_media,71.8875502008032,52.96274518634444,18.92480501445876,1.1856686307604365,sopra_media,0.5554923164484917,0.4095086668982223,0.1459836495502693,1.2551183402858366,sopra_media,1.1510015408320493,0.6886917325833647,0.4623098082486846,1.2271250231600224,sopra_media,70.6775625,57.025571385542165,13.651991114457829,0.8377180257221353,sopra_media,69.1875,54.1844126506024,15.003087349397596,0.8808339568212753,sopra_media,2
