id_comune,comune,popolazione,lavoratori_in_entrata,lavoratori_in_uscita,saldo_netto,autocontenimento_pct,attrattivita_pct,intensita_pendolarismo,indice_bilancio_in_out,dist_media_poli_km_16,tempo_medio_poli_min_16
1,Ala,8797,2263,3317,-1054,36.26771178776003,46.840477242598325,0.36080481982494034,0.6822429906542056,53.23386666666667,45.2
2,Albiano,1497,604,548,56,37.591240875912405,65.89403973509934,0.49432197728790916,1.102189781021898,39.605500000000006,37.5625
3,Aldeno,3188,625,1378,-753,21.335268505079828,52.959999999999994,0.44385194479297363,0.45355587808417996,35.456312499999996,33.625
235,Altavalle,1621,260,598,-338,25.91973244147157,40.38461538461539,0.33806292412091304,0.43478260869565216,43.4285625,40.1875
236,Altopiano della Vigolana,5107,750,2166,-1416,18.65189289012004,46.13333333333333,0.41276679067945954,0.3462603878116344,37.593625,38.9375
237,Amblar-Don,547,126,203,-77,32.51231527093596,47.61904761904761,0.360146252285192,0.6206896551724138,61.7048125,57.75
5,Andalo,1207,650,380,270,71.3157894736842,58.30769230769231,0.40430820215410107,1.7105263157894737,49.312687499999996,43.875
6,Arco,17745,8344,6866,1478,58.25808330905913,52.06136145733461,0.40631163708086787,1.2152636178269736,47.144866666666665,44.2
7,Avio,4090,1336,1560,-224,42.37179487179487,50.52395209580839,0.384841075794621,0.8564102564102564,56.230625,43.8125
9,Baselga di Pinè,5086,1037,1976,-939,30.61740890688259,41.658630665380905,0.35450255603617775,0.5247975708502024,42.4260625,40.3125
11,Bedollo,1471,164,555,-391,15.675675675675677,46.95121951219512,0.37049626104690686,0.2954954954954955,48.354187499999995,48.75
13,Besenello,2750,408,1218,-810,16.748768472906402,50.0,0.4429090909090909,0.33497536945812806,36.141375,35.3125
15,Bieno,448,46,147,-101,17.006802721088434,45.65217391304348,0.31919642857142855,0.3129251700680272,61.673562499999996,56.8125
17,Bleggio Superiore,1525,405,567,-162,26.63139329805996,62.71604938271606,0.43934426229508194,0.7142857142857143,50.442750000000004,49.6875
18,Bocenago,398,115,151,-36,21.85430463576159,71.30434782608695,0.5025125628140703,0.7615894039735099,66.65975,68.4375
21,Bondone,641,95,220,-125,19.090909090909093,55.78947368421052,0.36037441497659906,0.4318181818181818,83.47475,83.875
238,Borgo Chiese,1959,1033,673,360,43.23922734026746,71.8296224588577,0.5737621235324145,1.534918276374443,72.0211875,70.625
252,Borgo d'Anaunia,2496,876,891,-15,43.54657687991021,55.70776255707762,0.3970352564102564,0.9831649831649831,64.14075,57.8125
239,Borgo Lares,714,377,268,109,22.388059701492537,84.08488063660478,0.7352941176470589,1.4067164179104477,56.361312500000004,57.125
22,Borgo Valsugana,6981,2988,2777,211,44.076341375585166,59.036144578313255,0.47514682710213435,1.075981274756932,55.343333333333334,51.2
25,Brentonico,4032,609,1396,-787,28.939828080229223,33.66174055829228,0.296875,0.4362464183381089,47.3941875,44.25
26,Bresimo,250,189,89,100,14.606741573033707,93.12169312169311,1.008,2.1235955056179776,64.9000625,63.875
29,Caderzone Terme,691,153,243,-90,25.925925925925924,58.82352941176471,0.3907380607814761,0.6296296296296297,67.32024999999999,68.8125
32,Calceranica al Lago,1381,540,565,-25,20.707964601769913,78.33333333333333,0.6307023895727734,0.9557522123893806,39.1088125,38.625
33,Caldes,1091,233,410,-177,28.04878048780488,50.64377682403433,0.3785517873510541,0.5682926829268292,65.7313125,59.0625
34,Caldonazzo,3878,714,1634,-920,18.35985312117503,57.98319327731093,0.45074780814853016,0.4369645042839657,40.5585,40.375
35,Calliano,2008,664,896,-232,12.388392857142858,83.28313253012048,0.6663346613545816,0.7410714285714286,35.9853125,34.875
36,Campitello di Fassa / Ciampedel,708,211,216,-5,41.66666666666667,57.345971563981045,0.3488700564971751,0.9768518518518519,98.05631249999999,96.375
37,Campodenno,1516,248,580,-332,27.241379310344826,36.29032258064516,0.33773087071240104,0.42758620689655175,44.116249999999994,40.1875
38,Canal San Bovo,1465,358,460,-102,47.17391304347826,39.385474860335194,0.2621160409556314,0.7782608695652173,92.02381249999999,98.0
39,Canazei / Cianacei,1947,758,560,198,76.60714285714286,43.403693931398415,0.23626091422701592,1.3535714285714286,100.49731249999999,98.75
40,Capriana,584,45,238,-193,18.487394957983195,2.2222222222222223,0.3339041095890411,0.18907563025210083,58.531625000000005,55.25
42,Carisolo,949,207,313,-106,30.670926517571885,53.62318840579711,0.34562697576396206,0.6613418530351438,71.037,72.1875
43,Carzano,519,111,199,-88,16.582914572864322,70.27027027027027,0.4701348747591522,0.5577889447236181,56.074625,53.0625
45,Castel Condino,222,66,77,-11,15.584415584415584,81.81818181818183,0.536036036036036,0.8571428571428571,74.43356250000001,75.1875
240,Castel Ivano,3269,722,1242,-520,22.302737520128822,61.634349030470915,0.4313245640868767,0.5813204508856683,57.3575625,52.4375
48,Castello Tesino,1161,202,390,-188,34.35897435897436,33.663366336633665,0.27906976744186046,0.517948717948718,68.9385,63.4375
47,Castello-Molina di Fiemme,2320,420,887,-467,23.449830890642616,50.476190476190474,0.38405172413793104,0.47350620067643745,62.705,59.0625
49,Castelnuovo,1072,506,430,76,19.767441860465116,83.20158102766798,0.7145522388059702,1.1767441860465115,54.4221875,49.6875
50,Cavalese,4040,1899,1446,453,53.7344398340249,59.08372827804107,0.4433168316831683,1.3132780082987552,64.7395625,61.9375
51,Cavareno,1128,236,442,-206,25.791855203619914,51.69491525423729,0.39893617021276595,0.5339366515837104,60.9255,53.8125
52,Cavedago,554,98,194,-96,20.103092783505154,60.204081632653065,0.3862815884476534,0.5051546391752577,46.717375000000004,41.375
53,Cavedine,3014,516,1208,-692,23.923841059602648,43.992248062015506,0.3802256138022561,0.4271523178807947,42.469625,40.4375
54,Cavizzana,240,83,96,-13,16.666666666666664,80.72289156626506,0.6125,0.8645833333333334,65.695375,60.25
241,Cembra Lisignago,2302,535,801,-266,32.20973782771536,51.77570093457944,0.35621198957428324,0.6679151061173533,42.706875,39.5
58,Cimone,715,53,301,-248,12.29235880398671,30.18867924528302,0.3916083916083916,0.1760797342192691,38.637,37.5
59,Cinte Tesino,343,91,109,-18,20.18348623853211,75.82417582417582,0.45481049562682213,0.8348623853211009,67.081875,62.6875
60,Cis,301,75,122,-47,24.59016393442623,60.0,0.45514950166112955,0.6147540983606558,60.874875,54.4375
61,Civezzano,4086,677,1731,-1054,15.482380127094164,60.4135893648449,0.4581497797356828,0.391103408434431,34.847125000000005,32.875
62,Cles,7154,4768,2770,1998,62.85198555956679,63.48573825503355,0.5669555493430248,1.7212996389891697,58.01520000000001,50.13333333333333
228,Comano Terme,2904,864,1025,-161,39.707317073170735,52.893518518518526,0.3701790633608815,0.8429268292682927,47.049062500000005,45.1875
64,Commezzadura,1014,261,345,-84,36.52173913043478,51.724137931034484,0.34911242603550297,0.7565217391304347,72.609125,67.375
242,Contà,1399,234,532,-298,31.57894736842105,28.205128205128204,0.3073624017155111,0.4398496240601504,46.5065625,42.4375
68,Croviana,690,143,266,-123,22.932330827067666,57.34265734265735,0.41594202898550725,0.5375939849624061,68.6051875,62.6875
71,Dambel,419,94,158,-64,37.9746835443038,36.17021276595745,0.315035799522673,0.5949367088607594,58.43181249999999,53.8125
74,Denno,1212,233,458,-225,31.004366812227076,39.05579399141631,0.3358085808580858,0.5087336244541485,44.787687500000004,39.75
233,Dimaro Folgarida,2090,661,727,-66,42.50343878954608,53.25264750378215,0.3684210526315789,0.9092159559834938,70.256125,65.1875
78,Drena,581,77,237,-160,17.72151898734177,45.45454545454545,0.3958691910499139,0.32489451476793246,43.740249999999996,41.6875
79,Dro,5044,1093,2003,-910,19.720419370943585,63.860933211344914,0.4571768437747819,0.545681477783325,42.811375,39.75
81,Fai della Paganella,910,199,297,-98,35.35353535353536,47.23618090452261,0.3142857142857143,0.67003367003367,46.0920625,39.625
83,Fiavè,1062,173,371,-198,26.1455525606469,43.93063583815029,0.3295668549905838,0.46630727762803237,48.665437499999996,47.25
85,Fierozzo / Vlarotz,476,41,179,-138,19.553072625698324,14.634146341463413,0.31512605042016806,0.22905027932960895,47.4623125,44.5
87,Folgaria,3149,753,998,-245,51.20240480961924,32.13811420982736,0.23150206414734836,0.7545090180360722,44.86125,46.0625
89,Fornace,1316,274,539,-265,23.747680890538035,53.284671532846716,0.42325227963525835,0.5083487940630798,39.1779375,38.5
90,Frassilongo / Garait,340,35,121,-86,20.66115702479339,28.57142857142857,0.31176470588235294,0.2892561983471074,43.7124375,40.8125
91,Garniga Terme,392,23,144,-121,13.88888888888889,13.043478260869565,0.3239795918367347,0.1597222222222222,43.0603125,40.8125
92,Giovo,2520,388,1003,-615,23.33000997008973,39.69072164948454,0.36626984126984125,0.386839481555334,37.516875,34.375
93,Giustino,745,164,246,-82,21.544715447154474,67.6829268292683,0.4080536912751678,0.6666666666666666,68.93993749999998,69.9375
95,Grigno,2058,801,708,93,45.48022598870056,59.80024968789014,0.4203109815354713,1.13135593220339,65.62225000000001,57.9375
97,Imer,1174,274,364,-90,28.296703296703296,62.40875912408759,0.3679727427597956,0.7527472527472527,98.065375,103.3125
98,Isera,2765,433,1091,-658,12.832263978001833,67.6674364896074,0.44990958408679926,0.39688359303391385,39.027499999999996,34.125
102,Lavarone,1187,342,412,-70,52.18446601941748,37.13450292397661,0.2729570345408593,0.8300970873786407,49.7974375,51.0625
103,Lavis,9123,4734,3711,1023,32.44408515225007,74.56696239966202,0.6617340787021813,1.2756669361358124,35.888600000000004,32.0
229,Ledro,5261,1109,1921,-812,50.70275897969807,12.173128944995492,0.20566432237217258,0.5773034877667881,64.81873333333333,62.13333333333333
104,Levico Terme,8069,2656,3101,-445,40.05159625927121,53.23795180722891,0.4056264716817449,0.8564979039019671,44.55846666666667,44.2
106,Livo,786,132,315,-183,26.031746031746035,37.878787878787875,0.36005089058524176,0.41904761904761906,62.4748125,56.25
108,Lona-Lases,872,205,320,-115,23.75,62.926829268292686,0.42775229357798167,0.640625,39.6470625,37.6875
109,Luserna / Lusérn,269,74,86,-12,52.32558139534884,39.189189189189186,0.26022304832713755,0.8604651162790697,54.1349375,54.8125
243,Madruzzo,2948,494,1161,-667,21.619293712316967,49.19028340080971,0.39111261872455905,0.425495262704565,40.22025,37.125
110,Malé,2242,970,711,259,42.05344585091421,69.17525773195877,0.4830508474576271,1.3642756680731365,67.9874375,62.3125
112,Massimeno,144,32,48,-16,14.583333333333334,78.125,0.4583333333333333,0.6666666666666666,69.995,71.8125
113,Mazzin / Mazin,593,107,203,-96,26.108374384236456,50.467289719626166,0.3440134907251265,0.5270935960591133,93.9711875,92.375
114,Mezzana,878,256,302,-46,39.735099337748345,53.125,0.3621867881548975,0.847682119205298,76.0444375,70.375
115,Mezzano,1595,307,551,-244,27.404718693284934,50.814332247557005,0.34858934169279,0.5571687840290381,98.66525,103.4375
116,Mezzocorona,5518,2167,2145,22,34.26573426573427,66.08214120904476,0.5150416817687568,1.0102564102564102,40.682599999999994,34.46666666666667
117,Mezzolombardo,7403,2674,2985,-311,37.48743718592965,58.15258040388931,0.462109955423477,0.8958123953098828,40.183666666666674,34.46666666666667
118,Moena / Moena,2636,905,772,133,57.901554404145074,50.607734806629836,0.29704097116843703,1.172279792746114,83.6485,81.0
120,Molveno,1116,382,384,-2,55.989583333333336,43.717277486910994,0.3010752688172043,0.9947916666666666,50.6135,46.5
123,Mori,10011,2003,4023,-2020,23.539647029579918,52.720918622066904,0.4127459794226351,0.4978871488938603,43.32033333333334,37.733333333333334
124,Nago-Torbole,2835,879,1070,-191,29.439252336448597,64.16382252559727,0.4652557319223986,0.8214953271028037,46.0080625,40.8125
127,Nogaredo,2065,356,863,-507,15.063731170336037,63.48314606741573,0.46440677966101696,0.41251448435689453,38.533,33.75
128,Nomi,1307,448,524,-76,19.083969465648856,77.67857142857143,0.5906656465187452,0.8549618320610687,36.832750000000004,35.75
129,Novaledo,1098,659,450,209,18.444444444444443,87.4051593323217,0.8588342440801457,1.4644444444444444,45.701062500000006,42.8125
253,Novella,3590,765,1381,-616,30.99203475742216,44.052287581699346,0.3593314763231198,0.55394641564084,58.8263125,53.9375
130,Ospedaletto,788,229,298,-69,21.140939597315437,72.48908296943232,0.5088832487309645,0.7684563758389261,59.081625,53.125
131,Ossana,828,269,296,-27,37.16216216216216,59.10780669144982,0.4166666666666667,0.9087837837837838,81.3950625,75.8125
133,Palù del Fersina / Palai en Bernstol,166,38,66,-28,13.636363636363635,76.31578947368422,0.5180722891566265,0.5757575757575758,49.87275,48.625
134,Panchià,817,144,341,-197,14.076246334310852,66.66666666666666,0.47613219094247244,0.4222873900293255,70.2239375,68.4375
136,Peio,1827,333,535,-202,45.794392523364486,26.426426426426424,0.20689655172413793,0.6224299065420561,92.64881249999999,86.8125
137,Pellizzano,777,231,239,-8,38.07531380753138,60.60606060606061,0.37065637065637064,0.9665271966527197,79.5510625,73.375
138,Pelugo,393,48,149,-101,12.751677852348994,60.416666666666664,0.40458015267175573,0.3221476510067114,62.955687499999996,63.875
139,Pergine Valsugana,21485,6840,8890,-2050,41.631046119235094,45.89181286549708,0.3876192692576216,0.7694038245219348,39.839666666666666,35.86666666666667
234,Pieve di Bono-Prezzo,1429,362,499,-137,24.849699398797593,65.74585635359117,0.4289713086074178,0.7254509018036072,70.66,69.75
142,Pieve Tesino,645,120,230,-110,24.347826086956523,53.333333333333336,0.3689922480620155,0.5217391304347826,66.045125,60.9375
143,Pinzolo,3106,1612,900,712,64.22222222222223,64.1439205955335,0.4365743721828719,1.791111111111111,70.17775,71.0625
144,Pomarolo,2437,217,1040,-823,8.557692307692308,58.986175115207374,0.442757488715634,0.20865384615384616,38.4615625,34.375
244,Porte di Rendena,1767,313,687,-374,24.308588064046578,46.64536741214057,0.3769100169779287,0.4556040756914119,60.649625,61.125
230,Predaia,6797,1591,2524,-933,37.48019017432647,40.54054054054054,0.32705605414153305,0.6303486529318542,53.0376,49.13333333333333
147,Predazzo,4512,1537,1629,-92,58.25659914057704,38.25634352635004,0.28102836879432624,0.943523634131369,74.44806249999999,72.0
245,Primiero San Martino di Castrozza,5230,1672,1679,-7,62.954139368671825,36.782296650717704,0.23652007648183557,0.9958308516974389,105.30133333333333,101.6
150,Rabbi,1340,278,457,-179,38.949671772428886,35.97122302158273,0.2828358208955224,0.6083150984682714,75.0373125,69.4375
153,Riva del Garda,17694,6879,6719,160,52.80547700550677,48.42273586277075,0.36746919859839494,1.023813067420747,50.207,48.333333333333336
155,Romeno,1391,246,539,-293,26.53061224489796,41.86991869918699,0.35873472322070454,0.45640074211502785,58.931000000000004,52.125
156,Roncegno Terme,2906,480,1120,-640,18.75,56.25,0.4060564349621473,0.42857142857142855,50.0465,46.75
157,Ronchi Valsugana,457,54,176,-122,14.204545454545455,53.70370370370371,0.3938730853391685,0.3068181818181818,53.031625,51.0
135,Ronzo-Chienis,990,133,353,-220,23.512747875354105,37.59398496240601,0.32323232323232326,0.37677053824362605,45.168499999999995,44.125
159,Ronzone,449,75,150,-75,24.0,52.0,0.34075723830734966,0.5,62.8355625,56.25
160,Roverè della Luna,1635,294,615,-321,30.081300813008134,37.07482993197279,0.3296636085626911,0.47804878048780486,43.111,38.0
161,Rovereto,39860,18447,14717,3730,61.56825439967385,50.88090204369274,0.37737079779227295,1.2534483930148808,41.5602,35.13333333333333
162,Ruffrè-Mendola,417,66,144,-78,25.694444444444443,43.93939393939394,0.3261390887290168,0.4583333333333333,66.124875,60.6875
163,Rumo,806,125,279,-154,34.76702508960574,22.400000000000002,0.26054590570719605,0.44802867383512546,70.1721875,65.9375
164,Sagron Mis,179,13,63,-50,11.11111111111111,46.15384615384615,0.3463687150837989,0.20634920634920634,111.95712499999999,117.9375
165,Samone,549,87,217,-130,18.433179723502306,54.02298850574713,0.4080145719489982,0.4009216589861751,59.38000000000001,55.375
250,San Giovanni di Fassa / Sèn Jan,3637,1380,1297,83,71.31842713955281,32.971014492753625,0.22738520758867198,1.063993831919815,90.214375,89.5
231,San Lorenzo Dorsino,1563,229,501,-272,33.532934131736525,26.637554585152838,0.25207933461292387,0.45708582834331335,49.647375000000004,46.6875
167,San Michele all'Adige,3983,1277,1789,-512,25.48910005589715,64.29130775254502,0.5407983931709767,0.713806595863611,37.1214375,31.5
168,Sant'Orsola Terme,1113,269,456,-187,18.640350877192983,68.40148698884758,0.49865229110512127,0.5899122807017544,43.8723125,42.8125
169,Sanzeno,918,178,348,-170,30.17241379310345,41.01123595505618,0.3442265795206972,0.5114942528735632,53.937749999999994,46.375
170,Sarnonico,795,274,310,-36,24.516129032258064,72.26277372262774,0.5433962264150943,0.8838709677419355,62.3344375,55.6875
171,Scurelle,1354,872,514,358,27.626459143968873,83.71559633027523,0.8138847858197932,1.6964980544747081,56.477000000000004,52.8125
172,Segonzano,1396,195,545,-350,19.26605504587156,46.15384615384615,0.37965616045845274,0.3577981651376147,44.189,43.0
246,Sella Giudicarie,2893,475,1110,-635,23.603603603603602,44.8421052631579,0.3667473211199447,0.42792792792792794,65.7635,67.125
173,Sfruz,367,53,128,-75,24.21875,41.509433962264154,0.3242506811989101,0.4140625,54.45775,54.0625
176,Soraga di Fassa / Soraga,693,226,255,-29,40.78431372549019,53.98230088495575,0.3939393939393939,0.8862745098039215,86.10762499999998,84.6875
177,Sover,779,79,279,-200,20.78853046594982,26.582278481012654,0.31065468549422337,0.2831541218637993,50.776875,51.4375
179,Spiazzo,1245,372,412,-40,32.76699029126214,63.70967741935484,0.41285140562248995,0.9029126213592233,64.28325,65.25
180,Spormaggiore,1264,221,456,-235,25.438596491228072,47.511312217194565,0.35205696202531644,0.48464912280701755,43.643249999999995,37.8125
181,Sporminore,705,181,274,-93,26.642335766423358,59.66850828729282,0.43829787234042555,0.6605839416058394,43.5576875,39.75
182,Stenico,1168,278,447,-169,23.2662192393736,62.589928057553955,0.4426369863013699,0.6219239373601789,49.1039375,47.125
183,Storo,4529,1598,1646,-48,49.21020656136088,49.3116395494368,0.35857805255023184,0.9708383961117861,73.67293749999999,71.625
184,Strembo,605,156,207,-51,20.77294685990338,72.43589743589743,0.4578512396694215,0.7536231884057971,66.6803125,67.9375
188,Telve,1892,281,715,-434,18.321678321678323,53.380782918149464,0.3879492600422833,0.393006993006993,55.506249999999994,51.75
189,Telve di Sopra,594,111,239,-128,8.368200836820083,81.98198198198197,0.5218855218855218,0.46443514644351463,56.8143125,54.5
190,Tenna,1050,113,440,-327,11.818181818181818,53.98230088495575,0.4276190476190476,0.25681818181818183,40.610187499999995,39.8125
191,Tenno,1988,244,737,-493,16.28222523744912,50.81967213114754,0.3727364185110664,0.3310719131614654,48.982812499999994,48.875
193,Terragnolo,701,48,265,-217,13.584905660377359,25.0,0.3437945791726106,0.1811320754716981,46.0355625,47.3125
251,Terre d'Adige,3048,352,1248,-896,13.381410256410255,52.55681818181818,0.4153543307086614,0.28205128205128205,35.41525,31.0625
195,Terzolas,645,120,239,-119,19.246861924686193,61.66666666666667,0.413953488372093,0.502092050209205,67.1664375,60.3125
196,Tesero,2936,1116,1024,92,43.9453125,59.67741935483871,0.4223433242506812,1.08984375,69.41550000000001,65.0
199,Tione di Trento,3659,2719,1343,1376,58.60014892032762,71.05553512320706,0.6799672041541405,2.024571854058079,58.73375,58.5
200,Ton,1317,231,542,-311,23.616236162361623,44.58874458874459,0.3925588458618071,0.4261992619926199,44.14725,39.625
202,Torcegno,679,120,288,-168,15.277777777777779,63.33333333333333,0.47128129602356406,0.4166666666666667,54.862375,53.75
203,Trambileno,1468,128,587,-459,10.732538330494037,50.78125,0.40122615803814715,0.21805792163543442,41.2539375,36.375
247,Tre Ville,1385,303,523,-220,19.120458891013385,66.996699669967,0.451985559566787,0.5793499043977055,55.212875,54.375
205,Trento,118363,73900,46448,27452,80.89261109197382,49.156968876860624,0.3818929902080887,1.5910265242852222,34.33813333333334,31.0
232,Valdaone,1145,149,412,-263,14.077669902912621,61.07382550335571,0.388646288209607,0.3616504854368932,72.0523125,72.25
209,Valfloriana,466,35,158,-123,16.455696202531644,25.71428571428571,0.30257510729613735,0.22151898734177214,55.719375,56.6875
210,Vallarsa,1374,137,494,-357,21.65991902834008,21.897810218978105,0.3034934497816594,0.2773279352226721,56.3835,51.8125
248,Vallelaghi,5168,843,2095,-1252,18.663484486873507,53.618030842230134,0.4171826625386997,0.40238663484486875,38.0606875,35.375
213,Vermiglio,1821,358,576,-218,46.00694444444444,25.977653631284912,0.22185612300933552,0.6215277777777778,85.118625,78.75
216,Vignola-Falesina,181,35,87,-52,16.091954022988507,60.0,0.5193370165745856,0.40229885057471265,44.056375,43.125
222,Villa Lagarina,3853,707,1585,-878,14.511041009463725,67.46817538896747,0.4754736568907345,0.44605678233438484,37.825875,31.5
249,Ville d'Anaunia,4733,1100,1735,-635,32.27665706051873,49.09090909090909,0.36234946122966405,0.6340057636887608,52.62075,48.125
254,Ville di Fiemme,2634,410,1014,-604,23.274161735700197,42.4390243902439,0.36142748671222474,0.40433925049309666,68.07675,62.3125
224,Volano,3042,906,1294,-388,20.09273570324575,71.30242825607064,0.5522682445759369,0.7001545595054096,37.1983125,35.5625
226,Ziano di Fiemme,1757,747,649,98,32.357473035439135,71.8875502008032,0.5554923164484917,1.1510015408320493,70.6775625,69.1875
