id_comune,comune,popolazione,lavoratori_in_entrata,lavoratori_in_uscita,saldo_netto,autocontenimento_pct,autocontenimento_pct_media_prov,autocontenimento_pct_delta,autocontenimento_pct_zscore,autocontenimento_pct_class,attrattivita_pct,attrattivita_pct_media_prov,attrattivita_pct_delta,attrattivita_pct_zscore,attrattivita_pct_class,intensita_pendolarismo,intensita_pendolarismo_media_prov,intensita_pendolarismo_delta,intensita_pendolarismo_zscore,intensita_pendolarismo_class,indice_bilancio_in_out,indice_bilancio_in_out_media_prov,indice_bilancio_in_out_delta,indice_bilancio_in_out_zscore,indice_bilancio_in_out_class,dist_media_poli_km_16,dist_media_poli_km_16_media_prov,dist_media_poli_km_16_delta,dist_media_poli_km_16_zscore,dist_media_poli_km_16_class,tempo_medio_poli_min_16,tempo_medio_poli_min_16_media_prov,tempo_medio_poli_min_16_delta,tempo_medio_poli_min_16_zscore,tempo_medio_poli_min_16_class
1,Ala,8797,2263,3317,-1054,36.26771178776003,29.54859943341843,6.719112354341597,0.45682789083450004,sopra_media,46.840477242598325,52.96274518634444,-6.122267943746117,-0.3835696613235396,sotto_media,0.36080481982494034,0.40950866689822235,-0.048703847073282014,-0.4187393032882299,sotto_media,0.6822429906542056,0.6886917325833647,-0.006448741929159119,-0.017117120268656784,sotto_media,53.23386666666667,57.025571385542165,-3.7917047188754935,-0.23266784783164782,sotto_media,45.2,54.184412650602404,-8.984412650602401,-0.5274764827029411,sotto_media
2,Albiano,1497,604,548,56,37.591240875912405,29.54859943341843,8.042641442493974,0.5468137356772458,sopra_media,65.89403973509934,52.96274518634444,12.931294548754899,0.8101658268007581,sopra_media,0.49432197728790916,0.40950866689822235,0.08481331038968681,0.7291963291669521,sopra_media,1.102189781021898,0.6886917325833647,0.4134980484385332,1.0975622693122968,sopra_media,39.605500000000006,57.025571385542165,-17.42007138554216,-1.0689362223200205,sotto_media,37.5625,54.184412650602404,-16.621912650602404,-0.975875481425868,sotto_media
3,Aldeno,3188,625,1378,-753,21.335268505079828,29.54859943341843,-8.213330928338603,-0.5584187980268347,sotto_media,52.959999999999994,52.96274518634444,-0.0027451863444483138,-0.00017199021769141157,sotto_media,0.44385194479297363,0.40950866689822235,0.03434327789475128,0.29527195740090295,sopra_media,0.45355587808417996,0.6886917325833647,-0.23513585449918473,-0.6241292867895468,sotto_media,35.456312499999996,57.025571385542165,-21.56925888554217,-1.3235400476308905,sotto_media,33.625,54.184412650602404,-20.559412650602404,-1.207046814646362,sotto_media
235,Altavalle,1621,260,598,-338,25.91973244147157,29.54859943341843,-3.628866991946861,-0.24672420501777204,sotto_media,40.38461538461539,52.96274518634444,-12.578129801729055,-0.788039503083337,sotto_media,0.33806292412091304,0.40950866689822235,-0.0714457427773093,-0.6142664769061446,sotto_media,0.43478260869565216,0.6886917325833647,-0.25390912388771253,-0.673959829473587,sotto_media,43.4285625,57.025571385542165,-13.597008885542166,-0.834344187878932,sotto_media,40.1875,54.184412650602404,-13.996912650602404,-0.8217612592788719,sotto_media
236,Altopiano della Vigolana,5107,750,2166,-1416,18.65189289012004,29.54859943341843,-10.896706543298393,-0.740859685729319,sotto_media,46.13333333333333,52.96274518634444,-6.829411853011109,-0.4278733331451636,sotto_media,0.41276679067945954,0.40950866689822235,0.0032581237812371877,0.02801225291565323,sopra_media,0.3462603878116344,0.6886917325833647,-0.3424313447717303,-0.9089274429966039,sotto_media,37.593625,57.025571385542165,-19.43194638554216,-1.1923895661487354,sotto_media,38.9375,54.184412650602404,-15.246912650602404,-0.8951489841107748,sotto_media
237,Amblar-Don,547,126,203,-77,32.51231527093596,29.54859943341843,2.963715837517526,0.2015010292559104,sopra_media,47.61904761904761,52.96274518634444,-5.343697567296829,-0.33479100962858227,sotto_media,0.360146252285192,0.40950866689822235,-0.04936241461303037,-0.4244014455897926,sotto_media,0.6206896551724138,0.6886917325833647,-0.06800207741095088,-0.18050028212456848,sotto_media,61.7048125,57.025571385542165,4.679241114457838,0.2871291517418437,sopra_media,57.75,54.184412650602404,3.565587349397596,0.20933627460936383,sopra_media
5,Andalo,1207,650,380,270,71.3157894736842,29.54859943341843,41.767190040265774,2.8397229166512474,sopra_media,58.30769230769231,52.96274518634444,5.3449471213478645,0.334869296144064,sopra_media,0.40430820215410107,0.40950866689822235,-0.00520046474412128,-0.04471184751487441,sotto_media,1.7105263157894737,0.6886917325833647,1.0218345832061089,2.712291117795197,sopra_media,49.312687499999996,57.025571385542165,-7.712883885542169,-0.4732805498516512,sotto_media,43.875,54.184412650602404,-10.309412650602404,-0.6052674710247583,sotto_media
6,Arco,17745,8344,6866,1478,58.25808330905913,29.54859943341843,28.7094838756407,1.951938332655131,sopra_media,52.06136145733461,52.96274518634444,-0.9013837290098294,-0.05647310030133941,sotto_media,0.40631163708086787,0.40950866689822235,-0.0031970298173544798,-0.02748698755349675,sotto_media,1.2152636178269736,0.6886917325833647,0.5265718852436089,1.3976980919413982,sopra_media,47.144866666666665,57.025571385542165,-9.8807047188755,-0.6063030938449662,sotto_media,44.2,54.184412650602404,-9.984412650602401,-0.5861866625684634,sotto_media
7,Avio,4090,1336,1560,-224,42.37179487179487,29.54859943341843,12.823195438376437,0.8718403588067567,sopra_media,50.52395209580839,52.96274518634444,-2.438793090536052,-0.15279420116374667,sotto_media,0.384841075794621,0.40950866689822235,-0.02466759110360134,-0.2120836552599027,sotto_media,0.8564102564102564,0.6886917325833647,0.16771852382689167,0.445181118296174,sopra_media,56.230625,57.025571385542165,-0.7949463855421612,-0.04877976487591449,sotto_media,43.8125,54.184412650602404,-10.371912650602404,-0.6089368572663535,sotto_media
9,Baselga di Pinè,5086,1037,1976,-939,30.61740890688259,29.54859943341843,1.0688094734641602,0.07266763103776219,sopra_media,41.658630665380905,52.96274518634444,-11.304114520963537,-0.708220453304011,sotto_media,0.35450255603617775,0.40950866689822235,-0.0550061108620446,-0.4729240485728132,sotto_media,0.5247975708502024,0.6886917325833647,-0.1638941617331623,-0.435029980814108,sotto_media,42.4260625,57.025571385542165,-14.599508885542164,-0.8958599267733893,sotto_media,40.3125,54.184412650602404,-13.871912650602404,-0.8144224867956816,sotto_media
11,Bedollo,1471,164,555,-391,15.675675675675677,29.54859943341843,-13.872923757742754,-0.9432106751217529,sotto_media,46.95121951219512,52.96274518634444,-6.0115256741493255,-0.3766314849428681,sotto_media,0.37049626104690686,0.40950866689822235,-0.03901240585131549,-0.3354155498475836,sotto_media,0.2954954954954955,0.6886917325833647,-0.3931962370878692,-1.0436744644693745,sotto_media,48.354187499999995,57.025571385542165,-8.67138388554217,-0.5320963460913893,sotto_media,48.75,54.184412650602404,-5.434412650602404,-0.31905534418033704,sotto_media
13,Besenello,2750,408,1218,-810,16.748768472906402,29.54859943341843,-12.799830960512029,-0.8702518238068396,sotto_media,50.0,52.96274518634444,-2.962745186344442,-0.18562061937764981,sotto_media,0.4429090909090909,0.40950866689822235,0.03340042401086857,0.28716561668729157,sopra_media,0.33497536945812806,0.6886917325833647,-0.35371636312523663,-0.9388816601932214,sotto_media,36.141375,57.025571385542165,-20.884196385542168,-1.281503014337739,sotto_media,35.3125,54.184412650602404,-18.871912650602404,-1.1079733861232932,sotto_media
15,Bieno,448,46,147,-101,17.006802721088434,29.54859943341843,-12.541796712329997,-0.8527082503192053,sotto_media,45.65217391304348,52.96274518634444,-7.310571273300965,-0.4580187233141346,sotto_media,0.31919642857142855,0.40950866689822235,-0.0903122383267938,-0.7764742628741548,sotto_media,0.3129251700680272,0.6886917325833647,-0.37576656251533747,-0.9974102722937577,sotto_media,61.673562499999996,57.025571385542165,4.647991114457831,0.28521157883366194,sopra_media,56.8125,54.184412650602404,2.628087349397596,0.15429548098543666,sopra_media
17,Bleggio Superiore,1525,405,567,-162,26.63139329805996,29.54859943341843,-2.9172061353584695,-0.19833886615754612,sotto_media,62.71604938271606,52.96274518634444,9.753304196371616,0.6110597611476992,sopra_media,0.43934426229508194,0.40950866689822235,0.029835595396859593,0.2565164187312034,sopra_media,0.7142857142857143,0.6886917325833647,0.02559398170234961,0.06793499689792123,sopra_media,50.442750000000004,57.025571385542165,-6.582821385542161,-0.403937278345997,sotto_media,49.6875,54.184412650602404,-4.496912650602404,-0.2640145505564099,sotto_media
18,Bocenago,398,115,151,-36,21.85430463576159,29.54859943341843,-7.694294797656841,-0.5231298836075009,sotto_media,71.30434782608695,52.96274518634444,18.34160263974251,1.1491300899111252,sopra_media,0.5025125628140703,0.40950866689822235,0.09300389591584796,0.799616229910868,sopra_media,0.7615894039735099,0.6886917325833647,0.07289767139014525,0.19349482770398954,sopra_media,66.65975,57.025571385542165,9.634178614457838,0.5911756769172608,sopra_media,68.4375,54.184412650602404,14.253087349397596,0.8368013219221336,sopra_media
21,Bondone,641,95,220,-125,19.090909090909093,29.54859943341843,-10.457690342509338,-0.7110112720591637,sotto_media,55.78947368421052,52.96274518634444,2.8267284978660783,0.17709896112724788,sopra_media,0.36037441497659906,0.40950866689822235,-0.049134251921623295,-0.4224397794755653,sotto_media,0.4318181818181818,0.6886917325833647,-0.25687355076518287,-0.681828410965406,sotto_media,83.47475,57.025571385542165,26.449178614457836,1.6229833073514766,sopra_media,83.875,54.184412650602404,29.690587349397596,1.7431397235961343,sopra_media
238,Borgo Chiese,1959,1033,673,360,43.23922734026746,29.54859943341843,13.69062790684903,0.9308165038860465,sopra_media,71.8296224588577,52.96274518634444,18.866877272513257,1.1820393671340426,sopra_media,0.5737621235324145,0.40950866689822235,0.16425345663419216,1.412195999428886,sopra_media,1.534918276374443,0.6886917325833647,0.8462265437910782,2.2461685835349288,sopra_media,72.0211875,57.025571385542165,14.995616114457832,0.9201659904823004,sopra_media,70.625,54.184412650602404,16.440587349397596,0.9652298403779637,sopra_media
252,Borgo d'Anaunia,2496,876,891,-15,43.54657687991021,29.54859943341843,13.997977446491781,0.9517129905853987,sopra_media,55.70776255707762,52.96274518634444,2.74501737073318,0.17197963122389953,sopra_media,0.3970352564102564,0.40950866689822235,-0.012473410487965964,-0.10724218991366419,sotto_media,0.9831649831649831,0.6886917325833647,0.29447325058161844,0.7816306035315523,sopra_media,64.14075,57.025571385542165,7.115178614457832,0.4366039599345789,sopra_media,57.8125,54.184412650602404,3.628087349397596,0.21300566085095898,sopra_media
239,Borgo Lares,714,377,268,109,22.388059701492537,29.54859943341843,-7.160539731925894,-0.4868402387792605,sotto_media,84.08488063660478,52.96274518634444,31.122135450260338,1.9498504580342353,sopra_media,0.7352941176470589,0.40950866689822235,0.3257854507488365,2.8009937790488557,sopra_media,1.4067164179104477,0.6886917325833647,0.718024685327083,1.905877926209824,sopra_media,56.361312500000004,57.025571385542165,-0.6642588855421607,-0.040760474973900084,sotto_media,57.125,54.184412650602404,2.940587349397596,0.1726424121934124,sopra_media
22,Borgo Valsugana,6981,2988,2777,211,44.076341375585166,29.54859943341843,14.527741942166735,0.9877313192626703,sopra_media,59.036144578313255,52.96274518634444,6.073399391968813,0.3805079701288999,sopra_media,0.47514682710213435,0.40950866689822235,0.065638160203912,0.5643348344033632,sopra_media,1.075981274756932,0.6886917325833647,0.38728954217356726,1.0279961184680866,sopra_media,55.343333333333334,57.025571385542165,-1.682238052208831,-0.10322605164887688,sotto_media,51.2,54.184412650602404,-2.984412650602401,-0.1752154035098072,sotto_media
25,Brentonico,4032,609,1396,-787,28.939828080229223,29.54859943341843,-0.6087713531892085,-0.04138995132269103,sotto_media,33.66174055829228,52.96274518634444,-19.301004628052162,-1.209238124892667,sotto_media,0.296875,0.40950866689822235,-0.11263366689822235,-0.968386401443707,sotto_media,0.4362464183381089,0.6886917325833647,-0.2524453142452558,-0.6700743885650192,sotto_media,47.3941875,57.025571385542165,-9.631383885542164,-0.5910041858307197,sotto_media,44.25,54.184412650602404,-9.934412650602404,-0.5832511535751874,sotto_media
26,Bresimo,250,189,89,100,14.606741573033707,29.54859943341843,-14.941857860384724,-1.015886779612768,sotto_media,93.12169312169311,52.96274518634444,40.15894793534867,2.5160208929447867,sopra_media,1.008,0.40950866689822235,0.5984913331017776,5.145627273960522,sopra_media,2.1235955056179776,0.6886917325833647,1.434903773034613,3.808715052764647,sopra_media,64.9000625,57.025571385542165,7.87449111445784,0.48319714645756956,sopra_media,63.875,54.184412650602404,9.690587349397596,0.568936126285688,sopra_media
29,Caderzone Terme,691,153,243,-90,25.925925925925924,29.54859943341843,-3.6226735074925074,-0.24630311421128026,sotto_media,58.82352941176471,52.96274518634444,5.860784225420268,0.36718729743462825,sopra_media,0.3907380607814761,0.40950866689822235,-0.018770606116746247,-0.16138336086259494,sotto_media,0.6296296296296297,0.6886917325833647,-0.05906210295373504,-0.1567705966039018,sotto_media,67.32024999999999,57.025571385542165,10.294678614457823,0.6317054979045806,sopra_media,68.8125,54.184412650602404,14.628087349397596,0.8588176393717045,sopra_media
32,Calceranica al Lago,1381,540,565,-25,20.707964601769913,29.54859943341843,-8.840634831648519,-0.6010687648600502,sotto_media,78.33333333333333,52.96274518634444,25.370588146988887,1.589507024608442,sopra_media,0.6307023895727734,0.40950866689822235,0.221193722674551,1.9017492639771847,sopra_media,0.9557522123893806,0.6886917325833647,0.2670604798060159,0.7088679314603669,sopra_media,39.1088125,57.025571385542165,-17.916758885542166,-1.099414126122655,sotto_media,38.625,54.184412650602404,-15.559412650602404,-0.9134959153187505,sotto_media
33,Caldes,1091,233,410,-177,28.04878048780488,29.54859943341843,-1.4998189456135513,-0.10197167265934204,sotto_media,50.64377682403433,52.96274518634444,-2.318968362310109,-0.14528699454585284,sotto_media,0.3785517873510541,0.40950866689822235,-0.030956879547168248,-0.26615684288870195,sotto_media,0.5682926829268292,0.6886917325833647,-0.12039904965653547,-0.3195793901883784,sotto_media,65.7313125,57.025571385542165,8.705741114457837,0.534204585815193,sopra_media,59.0625,54.184412650602404,4.878087349397596,0.2863933856828619,sopra_media
34,Caldonazzo,3878,714,1634,-920,18.35985312117503,29.54859943341843,-11.188746312243403,-0.7607152715048328,sotto_media,57.98319327731093,52.96274518634444,5.0204480909664895,0.31453892440488773,sopra_media,0.45074780814853016,0.40950866689822235,0.04123914125030781,0.3545602721973051,sopra_media,0.4369645042839657,0.6886917325833647,-0.251727228299399,-0.668168348032852,sotto_media,40.5585,57.025571385542165,-16.467071385542162,-1.0104579189121226,sotto_media,40.375,54.184412650602404,-13.809412650602404,-0.8107531005540864,sotto_media
35,Calliano,2008,664,896,-232,12.388392857142858,29.54859943341843,-17.160206576275574,-1.1667108039142848,sotto_media,83.28313253012048,52.96274518634444,30.32038734377604,1.899619685304808,sopra_media,0.6663346613545816,0.40950866689822235,0.2568259944563593,2.2081035574694625,sopra_media,0.7410714285714286,0.6886917325833647,0.05237969598806391,0.1390332510918575,sopra_media,35.9853125,57.025571385542165,-21.040258885542166,-1.2910793734411965,sotto_media,34.875,54.184412650602404,-19.309412650602404,-1.1336590898144592,sotto_media
36,Campitello di Fassa / Ciampedel,708,211,216,-5,41.66666666666667,29.54859943341843,12.11806723324824,0.8238991704876643,sopra_media,57.345971563981045,52.96274518634444,4.383226377636603,0.2746159875102973,sopra_media,0.3488700564971751,0.40950866689822235,-0.06063861040104723,-0.5213503860073995,sotto_media,0.9768518518518519,0.6886917325833647,0.28816011926848717,0.7648734392434193,sopra_media,98.05631249999999,57.025571385542165,41.030741114457825,2.5177420020379717,sopra_media,96.375,54.184412650602404,42.190587349397596,2.4770169719151633,sopra_media
37,Campodenno,1516,248,580,-332,27.241379310344826,29.54859943341843,-2.3072201230736056,-0.15686633098694658,sotto_media,36.29032258064516,52.96274518634444,-16.672422605699282,-1.0445533503386621,sotto_media,0.33773087071240104,0.40950866689822235,-0.07177779618582131,-0.6171213604788034,sotto_media,0.42758620689655175,0.6886917325833647,-0.26110552568681294,-0.6930614893709683,sotto_media,44.116249999999994,57.025571385542165,-12.909321385542171,-0.7921460784614938,sotto_media,40.1875,54.184412650602404,-13.996912650602404,-0.8217612592788719,sotto_media
38,Canal San Bovo,1465,358,460,-102,47.17391304347826,29.54859943341843,17.625313610059827,1.1983331156201844,sopra_media,39.385474860335194,52.96274518634444,-13.577270326009248,-0.8506372194907439,sotto_media,0.2621160409556314,0.40950866689822235,-0.14739262594259095,-1.2672322456203076,sotto_media,0.7782608695652173,0.6886917325833647,0.08956913698185265,0.2377464793785107,sopra_media,92.02381249999999,57.025571385542165,34.99824111445783,2.1475737278426457,sopra_media,98.0,54.184412650602404,43.815587349397596,2.572421014196637,sopra_media
39,Canazei / Cianacei,1947,758,560,198,76.60714285714286,29.54859943341843,47.05854342372443,3.199478443624018,sopra_media,43.403693931398415,52.96274518634444,-9.559051254946027,-0.5988895105741637,sotto_media,0.23626091422701592,0.40950866689822235,-0.17324775267120643,-1.4895259329440054,sotto_media,1.3535714285714286,0.6886917325833647,0.664879695988064,1.764813330326532,sopra_media,100.49731249999999,57.025571385542165,43.47174111445783,2.6675274570418326,sopra_media,98.75,54.184412650602404,44.565587349397596,2.616453649095779,sopra_media
40,Capriana,584,45,238,-193,18.487394957983195,29.54859943341843,-11.061204475435236,-0.7520437885425655,sotto_media,2.2222222222222223,52.96274518634444,-50.74052296412222,-3.1789731170796878,sotto_media,0.3339041095890411,0.40950866689822235,-0.07560455730918125,-0.6500225660906549,sotto_media,0.18907563025210083,0.6886917325833647,-0.49961610233126386,-1.3261484186694552,sotto_media,58.531625000000005,57.025571385542165,1.5060536144578407,0.09241496349929414,sopra_media,55.25,54.184412650602404,1.065587349397596,0.06256082494555804,sopra_media
42,Carisolo,949,207,313,-106,30.670926517571885,29.54859943341843,1.1223270841534543,0.07630625708304549,sopra_media,53.62318840579711,52.96274518634444,0.6604432194526666,0.04137780056942123,sopra_media,0.34562697576396206,0.40950866689822235,-0.06388169113426029,-0.5492333038534949,sotto_media,0.6613418530351438,0.6886917325833647,-0.02734987954822088,-0.07259573769626995,sotto_media,71.037,57.025571385542165,14.011428614457841,0.8597739493120378,sopra_media,72.1875,54.184412650602404,18.003087349397596,1.0569644964178424,sopra_media
43,Carzano,519,111,199,-88,16.582914572864322,29.54859943341843,-12.96568486055411,-0.8815281179580965,sotto_media,70.27027027027027,52.96274518634444,17.30752508392583,1.0843435138397455,sopra_media,0.4701348747591522,0.40950866689822235,0.06062620786092987,0.5212437531371061,sopra_media,0.5577889447236181,0.6886917325833647,-0.13090278785974663,-0.3474598282753611,sotto_media,56.074625,57.025571385542165,-0.9509463855421671,-0.0583522888335561,sotto_media,53.0625,54.184412650602404,-1.121912650602404,-0.06586769351027204,sotto_media
45,Castel Condino,222,66,77,-11,15.584415584415584,29.54859943341843,-13.964183849002847,-0.9494153868171563,sotto_media,81.81818181818183,52.96274518634444,28.855436631837385,1.8078382321575344,sopra_media,0.536036036036036,0.40950866689822235,0.12652736913781365,1.0878397823470018,sopra_media,0.8571428571428571,0.6886917325833647,0.1684511245594924,0.4471256859322475,sopra_media,74.43356250000001,57.025571385542165,17.407991114457843,1.068194948702268,sopra_media,75.1875,54.184412650602404,21.003087349397596,1.2330950360144093,sopra_media
240,Castel Ivano,3269,722,1242,-520,22.302737520128822,29.54859943341843,-7.245861913289609,-0.4926412360089912,sotto_media,61.634349030470915,52.96274518634444,8.671603844126473,0.5432895424025282,sopra_media,0.4313245640868767,0.40950866689822235,0.021815897188654343,0.18756574969610876,sopra_media,0.5813204508856683,0.6886917325833647,-0.10737128169769639,-0.28499933202613775,sotto_media,57.3575625,57.025571385542165,0.3319911144578356,0.02037174933892084,sopra_media,52.4375,54.184412650602404,-1.746912650602404,-0.10256155592622349,sotto_media
48,Castello Tesino,1161,202,390,-188,34.35897435897436,29.54859943341843,4.8103749255559265,0.3270541279079731,sopra_media,33.663366336633665,52.96274518634444,-19.299378849710777,-1.2091362673370156,sotto_media,0.27906976744186046,0.40950866689822235,-0.1304388994563619,-1.12146980500035,sotto_media,0.517948717948718,0.6886917325833647,-0.1707430146346467,-0.4532091295697683,sotto_media,68.9385,57.025571385542165,11.91292861445784,0.7310050933818443,sopra_media,63.4375,54.184412650602404,9.253087349397596,0.543250422594522,sopra_media
47,Castello-Molina di Fiemme,2320,420,887,-467,23.449830890642616,29.54859943341843,-6.098768542775815,-0.4146511359173544,sotto_media,50.476190476190474,52.96274518634444,-2.4865547101539676,-0.1557865413274635,sotto_media,0.38405172413793104,0.40950866689822235,-0.025456942760291312,-0.21887023543034456,sotto_media,0.47350620067643745,0.6886917325833647,-0.21518553190692724,-0.5711744507980404,sotto_media,62.705,57.025571385542165,5.679428614457834,0.34850299024109543,sopra_media,59.0625,54.184412650602404,4.878087349397596,0.2863933856828619,sopra_media
49,Castelnuovo,1072,506,430,76,19.767441860465116,29.54859943341843,-9.781157572953315,-0.6650142680059422,sotto_media,83.20158102766798,52.96274518634444,30.238835841323542,1.8945103561373244,sopra_media,0.7145522388059702,0.40950866689822235,0.30504357190774783,2.62266207802865,sopra_media,1.1767441860465115,0.6886917325833647,0.48805245346314685,1.2954546227950892,sopra_media,54.4221875,57.025571385542165,-2.603383885542165,-0.15974970907236893,sotto_media,49.6875,54.184412650602404,-4.496912650602404,-0.2640145505564099,sotto_media
50,Cavalese,4040,1899,1446,453,53.7344398340249,29.54859943341843,24.185840400606466,1.6443788815541476,sopra_media,59.08372827804107,52.96274518634444,6.12098309169663,0.38348916333325217,sopra_media,0.4433168316831683,0.40950866689822235,0.03380816478494597,0.2906712347835885,sopra_media,1.3132780082987552,0.6886917325833647,0.6245862757153905,1.6578611017493188,sopra_media,64.7395625,57.025571385542165,7.713991114457841,0.47334849200115026,sopra_media,61.9375,54.184412650602404,7.753087349397596,0.45518515279623856,sopra_media
51,Cavareno,1128,236,442,-206,25.791855203619914,29.54859943341843,-3.7567442297985174,-0.2554184916694555,sotto_media,51.69491525423729,52.96274518634444,-1.2678299321071549,-0.07943152801257956,sotto_media,0.39893617021276595,0.40950866689822235,-0.0105724966854564,-0.09089877211185983,sotto_media,0.5339366515837104,0.6886917325833647,-0.1547550809996543,-0.41077180057075335,sotto_media,60.9255,57.025571385542165,3.899928614457835,0.23930871855761723,sopra_media,53.8125,54.184412650602404,-0.37191265060240397,-0.021835058611130293,sotto_media
52,Cavedago,554,98,194,-96,20.103092783505154,29.54859943341843,-9.445506649913277,-0.6421935894486094,sotto_media,60.204081632653065,52.96274518634444,7.2413364463086225,0.45368105312634516,sopra_media,0.3862815884476534,0.40950866689822235,-0.023227078450568928,-0.19969861175808093,sotto_media,0.5051546391752577,0.6886917325833647,-0.18353709340810698,-0.4871688983894433,sotto_media,46.717375000000004,57.025571385542165,-10.30819638554216,-0.6325349798761111,sotto_media,41.375,54.184412650602404,-12.809412650602404,-0.7520429206885642,sotto_media
53,Cavedine,3014,516,1208,-692,23.923841059602648,29.54859943341843,-5.624758373815784,-0.3824235060905966,sotto_media,43.992248062015506,52.96274518634444,-8.970497124328936,-0.5620156738480249,sotto_media,0.3802256138022561,0.40950866689822235,-0.02928305309596624,-0.25176584578847,sotto_media,0.4271523178807947,0.6886917325833647,-0.26153941470257,-0.6942131760949136,sotto_media,42.469625,57.025571385542165,-14.555946385542164,-0.8931868301393846,sotto_media,40.4375,54.184412650602404,-13.746912650602404,-0.8070837143124913,sotto_media
54,Cavizzana,240,83,96,-13,16.666666666666664,29.54859943341843,-12.881932766751767,-0.8758338699165414,sotto_media,80.72289156626506,52.96274518634444,27.76014637992062,1.7392165849446188,sopra_media,0.6125,0.40950866689822235,0.2029913331017777,1.7452512379297649,sopra_media,0.8645833333333334,0.6886917325833647,0.17589160074996868,0.46687520098611884,sopra_media,65.695375,57.025571385542165,8.669803614457834,0.5319993769707844,sopra_media,60.25,54.184412650602404,6.065587349397596,0.3561117242731696,sopra_media
241,Cembra Lisignago,2302,535,801,-266,32.20973782771536,29.54859943341843,2.661138394296927,0.18092899415498723,sopra_media,51.77570093457944,52.96274518634444,-1.187044251765002,-0.07437017879798265,sotto_media,0.35621198957428324,0.40950866689822235,-0.05329667732393911,-0.45822691371020596,sotto_media,0.6679151061173533,0.6886917325833647,-0.020776626466011416,-0.055148123138189835,sotto_media,42.706875,57.025571385542165,-14.318696385542168,-0.8786286166204721,sotto_media,39.5,54.184412650602404,-14.684412650602404,-0.8621245079364185,sotto_media
58,Cimone,715,53,301,-248,12.29235880398671,29.54859943341843,-17.256240629431723,-1.1732400940404224,sotto_media,30.18867924528302,52.96274518634444,-22.774065941061423,-1.4268308476920095,sotto_media,0.3916083916083916,0.40950866689822235,-0.017900275289830736,-0.1539005490111099,sotto_media,0.1760797342192691,0.6886917325833647,-0.5126119983640955,-1.3606438780686108,sotto_media,38.637,57.025571385542165,-18.388571385542164,-1.128365641890377,sotto_media,37.5,54.184412650602404,-16.684412650602404,-0.9795448676674631,sotto_media
59,Cinte Tesino,343,91,109,-18,20.18348623853211,29.54859943341843,-9.36511319488632,-0.6367276929789466,sotto_media,75.82417582417582,52.96274518634444,22.861430637831383,1.4323043825747677,sopra_media,0.45481049562682213,0.40950866689822235,0.04530182872859978,0.38948989329228934,sopra_media,0.8348623853211009,0.6886917325833647,0.14617065273773622,0.38798585369753613,sopra_media,67.081875,57.025571385542165,10.056303614457832,0.617078251760974,sopra_media,62.6875,54.184412650602404,8.503087349397596,0.4992177876953803,sopra_media
60,Cis,301,75,122,-47,24.59016393442623,29.54859943341843,-4.958435498992202,-0.33712066585400635,sotto_media,60.0,52.96274518634444,7.037254813655558,0.44089501967626504,sopra_media,0.45514950166112955,0.40950866689822235,0.0456408347629072,0.3924045532041194,sopra_media,0.6147540983606558,0.6886917325833647,-0.07393763422270894,-0.19625523726533897,sotto_media,60.874875,57.025571385542165,3.8493036144578383,0.23620225044636367,sopra_media,54.4375,54.184412650602404,0.25308734939759603,0.014858803804821154,sopra_media
61,Civezzano,4086,677,1731,-1054,15.482380127094164,29.54859943341843,-14.066219306324268,-0.9563527083412352,sotto_media,60.4135893648449,52.96274518634444,7.450844178500461,0.4668070401984357,sopra_media,0.4581497797356828,0.40950866689822235,0.048641112837460476,0.4181999354193898,sopra_media,0.391103408434431,0.6886917325833647,-0.2975883241489337,-0.7898990517782326,sotto_media,34.847125000000005,57.025571385542165,-22.17844638554216,-1.360921213902977,sotto_media,32.875,54.184412650602404,-21.309412650602404,-1.2510794495455038,sotto_media
62,Cles,7154,4768,2770,1998,62.85198555956679,29.54859943341843,33.30338612614836,2.2642746302381354,sopra_media,63.48573825503355,52.96274518634444,10.52299306868911,0.6592819727189675,sopra_media,0.5669555493430248,0.40950866689822235,0.15744688244480248,1.3536753628648754,sopra_media,1.7212996389891697,0.6886917325833647,1.0326079064058051,2.7408871247261732,sopra_media,58.01520000000001,57.025571385542165,0.9896286144578426,0.060725920647852684,sopra_media,50.13333333333333,54.184412650602404,-4.051079317269071,-0.2378395953663645,sotto_media
228,Comano Terme,2904,864,1025,-161,39.707317073170735,29.54859943341843,10.158717639752304,0.6906843208169606,sopra_media,52.893518518518526,52.96274518634444,-0.06922666782591591,-0.0043371590032526795,sotto_media,0.3701790633608815,0.40950866689822235,-0.03932960353734083,-0.33814270891267834,sotto_media,0.8429268292682927,0.6886917325833647,0.15423509668492796,0.4093915880966365,sopra_media,47.049062500000005,57.025571385542165,-9.97650888554216,-0.6121818610286742,sotto_media,45.1875,54.184412650602404,-8.996912650602404,-0.5282103599512603,sotto_media
64,Commezzadura,1014,261,345,-84,36.52173913043478,29.54859943341843,6.97313969701635,0.4740990375349144,sopra_media,51.724137931034484,52.96274518634444,-1.238607255309958,-0.0776006816097334,sotto_media,0.34911242603550297,0.40950866689822235,-0.060396240862719386,-0.5192665741995768,sotto_media,0.7565217391304347,0.6886917325833647,0.06783000654707005,0.18004354843850456,sopra_media,72.609125,57.025571385542165,15.583553614457841,0.9562432071768246,sopra_media,67.375,54.184412650602404,13.190587349397596,0.7744217558150162,sopra_media
242,Contà,1399,234,532,-298,31.57894736842105,29.54859943341843,2.03034793500262,0.13804197874561613,sopra_media,28.205128205128204,52.96274518634444,-24.757616981216238,-1.5511034224438747,sotto_media,0.3073624017155111,0.40950866689822235,-0.10214626518271125,-0.8782192472751815,sotto_media,0.4398496240601504,0.6886917325833647,-0.2488421085232143,-0.6605102741417058,sotto_media,46.5065625,57.025571385542165,-10.519008885542164,-0.6454709267147025,sotto_media,42.4375,54.184412650602404,-11.746912650602404,-0.6896633545814467,sotto_media
68,Croviana,690,143,266,-123,22.932330827067666,29.54859943341843,-6.616268606350765,-0.4498356141761392,sotto_media,57.34265734265735,52.96274518634444,4.379912156312905,0.274408346361239,sopra_media,0.41594202898550725,0.40950866689822235,0.0064333620872848996,0.05531188438106799,sopra_media,0.5375939849624061,0.6886917325833647,-0.15109774762095862,-0.4010640132234824,sotto_media,68.6051875,57.025571385542165,11.579616114457835,0.7105522607431818,sopra_media,62.6875,54.184412650602404,8.503087349397596,0.4992177876953803,sopra_media
71,Dambel,419,94,158,-64,37.9746835443038,29.54859943341843,8.42608411088537,0.5728837425798702,sopra_media,36.17021276595745,52.96274518634444,-16.79253242038699,-1.052078418069234,sotto_media,0.315035799522673,0.40950866689822235,-0.09447286737554933,-0.8122459526648039,sotto_media,0.5949367088607594,0.6886917325833647,-0.09375502372260525,-0.24885722432063012,sotto_media,58.43181249999999,57.025571385542165,1.4062411144578277,0.08629023563056214,sopra_media,53.8125,54.184412650602404,-0.37191265060240397,-0.021835058611130293,sotto_media
74,Denno,1212,233,458,-225,31.004366812227076,29.54859943341843,1.4557673788086447,0.09897663651614713,sopra_media,39.05579399141631,52.96274518634444,-13.906951194928133,-0.8712922415182005,sotto_media,0.3358085808580858,0.40950866689822235,-0.07370008604013656,-0.6336485623875736,sotto_media,0.5087336244541485,0.6886917325833647,-0.1799581081292162,-0.47766907313181917,sotto_media,44.787687500000004,57.025571385542165,-12.23788388554216,-0.7509451069563088,sotto_media,39.75,54.184412650602404,-14.434412650602404,-0.8474469629700379,sotto_media
233,Dimaro Folgarida,2090,661,727,-66,42.50343878954608,29.54859943341843,12.95483935612765,0.8807907394695563,sopra_media,53.25264750378215,52.96274518634444,0.2899023174377078,0.018162833567269637,sopra_media,0.3684210526315789,0.40950866689822235,-0.041087614266643424,-0.3532574941339312,sotto_media,0.9092159559834938,0.6886917325833647,0.22052422340012912,0.5853451255389828,sopra_media,70.256125,57.025571385542165,13.230553614457833,0.8118576374824019,sopra_media,65.1875,54.184412650602404,11.003087349397596,0.6459932373591861,sopra_media
78,Drena,581,77,237,-160,17.72151898734177,29.54859943341843,-11.82708044607666,-0.8041151762286003,sotto_media,45.45454545454545,52.96274518634444,-7.508199731798989,-0.4704004553112476,sotto_media,0.3958691910499139,0.40950866689822235,-0.013639475848308436,-0.11726762785994513,sotto_media,0.32489451476793246,0.6886917325833647,-0.36379721781543223,-0.9656396238454327,sotto_media,43.740249999999996,57.025571385542165,-13.285321385542169,-0.8152183156927315,sotto_media,41.6875,54.184412650602404,-12.496912650602404,-0.7336959894805885,sotto_media
79,Dro,5044,1093,2003,-910,19.720419370943585,29.54859943341843,-9.828180062474846,-0.6682112951692145,sotto_media,63.860933211344914,52.96274518634444,10.898188025000472,0.6827885235012893,sopra_media,0.4571768437747819,0.40950866689822235,0.047668176876559554,0.40983495912093204,sopra_media,0.545681477783325,0.6886917325833647,-0.1430102548000397,-0.3795970993962115,sotto_media,42.811375,57.025571385542165,-14.214196385542166,-0.8722162528155135,sotto_media,39.75,54.184412650602404,-14.434412650602404,-0.8474469629700379,sotto_media
81,Fai della Paganella,910,199,297,-98,35.35353535353536,29.54859943341843,5.804935920116925,0.394673655234077,sopra_media,47.23618090452261,52.96274518634444,-5.72656428182183,-0.35877820806089267,sotto_media,0.3142857142857143,0.40950866689822235,-0.09522295261250807,-0.8186949333594562,sotto_media,0.67003367003367,0.6886917325833647,-0.01865806254969471,-0.049524745159850087,sotto_media,46.0920625,57.025571385542165,-10.933508885542167,-0.6709056137688201,sotto_media,39.625,54.184412650602404,-14.559412650602404,-0.8547857354532282,sotto_media
83,Fiavè,1062,173,371,-198,26.1455525606469,29.54859943341843,-3.4030468727715295,-0.23137084830775898,sotto_media,43.93063583815029,52.96274518634444,-9.032109348194155,-0.56587577602887,sotto_media,0.3295668549905838,0.40950866689822235,-0.07994181190763855,-0.6873128229775283,sotto_media,0.46630727762803237,0.6886917325833647,-0.22238445495533232,-0.5902828029352492,sotto_media,48.665437499999996,57.025571385542165,-8.360133885542169,-0.512997319925903,sotto_media,47.25,54.184412650602404,-6.934412650602404,-0.4071206139786205,sotto_media
85,Fierozzo / Vlarotz,476,41,179,-138,19.553072625698324,29.54859943341843,-9.995526807720108,-0.6795890868531136,sotto_media,14.634146341463413,52.96274518634444,-38.32859884488103,-2.401346659934178,sotto_media,0.31512605042016806,0.40950866689822235,-0.0943826164780543,-0.8114700057897789,sotto_media,0.22905027932960895,0.6886917325833647,-0.4596414532537557,-1.2200423155762152,sotto_media,47.4623125,57.025571385542165,-9.563258885542162,-0.5868238768908842,sotto_media,44.5,54.184412650602404,-9.684412650602404,-0.5685736086088069,sotto_media
87,Folgaria,3149,753,998,-245,51.20240480961924,29.54859943341843,21.653805376200808,1.472227537936429,sopra_media,32.13811420982736,52.96274518634444,-20.824630976517085,-1.3046956984314553,sotto_media,0.23150206414734836,0.40950866689822235,-0.178006602750874,-1.530440926041261,sotto_media,0.7545090180360722,0.6886917325833647,0.06581728545270749,0.1747011127482677,sopra_media,44.86125,57.025571385542165,-12.164321385542166,-0.7464311403304503,sotto_media,46.0625,54.184412650602404,-8.121912650602404,-0.4768389525689283,sotto_media
89,Fornace,1316,274,539,-265,23.747680890538035,29.54859943341843,-5.800918542880396,-0.3944005164810891,sotto_media,53.284671532846716,52.96274518634444,0.3219263465022735,0.020169189070716388,sopra_media,0.42325227963525835,0.40950866689822235,0.013743612737036004,0.11816296181922711,sopra_media,0.5083487940630798,0.6886917325833647,-0.18034293852028493,-0.4786905418398741,sotto_media,39.1779375,57.025571385542165,-17.847633885542166,-1.0951724548497581,sotto_media,38.5,54.184412650602404,-15.684412650602404,-0.9208346878019408,sotto_media
90,Frassilongo / Garait,340,35,121,-86,20.66115702479339,29.54859943341843,-8.887442408625041,-0.6042511802651807,sotto_media,28.57142857142857,52.96274518634444,-24.391316614915873,-1.528154131636039,sotto_media,0.31176470588235294,0.40950866689822235,-0.09774396101586941,-0.8403697160684879,sotto_media,0.2892561983471074,0.6886917325833647,-0.3994355342362573,-1.0602356481628847,sotto_media,43.7124375,57.025571385542165,-13.313133885542165,-0.8169249555810126,sotto_media,40.8125,54.184412650602404,-13.371912650602404,-0.7850673968629204,sotto_media
91,Garniga Terme,392,23,144,-121,13.88888888888889,29.54859943341843,-15.659710544529542,-1.0646930966281196,sotto_media,13.043478260869565,52.96274518634444,-39.91926692547488,-2.50100450283777,sotto_media,0.3239795918367347,0.40950866689822235,-0.08552907506148766,-0.735350233180679,sotto_media,0.1597222222222222,0.6886917325833647,-0.5289695103611425,-1.404062191783943,sotto_media,43.0603125,57.025571385542165,-13.965258885542163,-0.8569408670289408,sotto_media,40.8125,54.184412650602404,-13.371912650602404,-0.7850673968629204,sotto_media
92,Giovo,2520,388,1003,-615,23.33000997008973,29.54859943341843,-6.218589463328701,-0.42279767902116994,sotto_media,39.69072164948454,52.96274518634444,-13.272023536859905,-0.8315130307734383,sotto_media,0.36626984126984125,0.40950866689822235,-0.043238825628381106,-0.3717528862019208,sotto_media,0.386839481555334,0.6886917325833647,-0.3018522510280307,-0.8012169413771699,sotto_media,37.516875,57.025571385542165,-19.508696385542166,-1.197099125211229,sotto_media,34.375,54.184412650602404,-19.809412650602404,-1.1630141797472204,sotto_media
93,Giustino,745,164,246,-82,21.544715447154474,29.54859943341843,-8.003883986263958,-0.5441786425205987,sotto_media,67.6829268292683,52.96274518634444,14.720181642923855,0.9222424009006145,sopra_media,0.4080536912751678,0.40950866689822235,-0.0014549756230545774,-0.012509391255736298,sotto_media,0.6666666666666666,0.6886917325833647,-0.02202506591669806,-0.05846189944685437,sotto_media,68.93993749999998,57.025571385542165,11.91436611445782,0.7310933017356195,sopra_media,69.9375,54.184412650602404,15.753087349397596,0.9248665917204171,sopra_media
95,Grigno,2058,801,708,93,45.48022598870056,29.54859943341843,15.93162655528213,1.0831804817357629,sopra_media,59.80024968789014,52.96274518634444,6.837504501545695,0.42838035023199206,sopra_media,0.4203109815354713,0.40950866689822235,0.010802314637248955,0.09287466959839605,sopra_media,1.13135593220339,0.6886917325833647,0.44266419962002523,1.1749790000532219,sopra_media,65.62225000000001,57.025571385542165,8.596678614457844,0.5275122563656406,sopra_media,57.9375,54.184412650602404,3.753087349397596,0.22034443333414927,sopra_media
97,Imer,1174,274,364,-90,28.296703296703296,29.54859943341843,-1.2518961367151356,-0.08511556906916384,sotto_media,62.40875912408759,52.96274518634444,9.446013937743146,0.5918075458717333,sopra_media,0.3679727427597956,0.40950866689822235,-0.04153592413842677,-0.3571119116932943,sotto_media,0.7527472527472527,0.6886917325833647,0.06405552016388805,0.1700247977917783,sopra_media,98.065375,57.025571385542165,41.03980361445784,2.518298098181345,sopra_media,103.3125,54.184412650602404,49.128087349397596,2.8843188447322246,sopra_media
98,Isera,2765,433,1091,-658,12.832263978001833,29.54859943341843,-16.716335455416598,-1.1365323075220748,sotto_media,67.6674364896074,52.96274518634444,14.704691303262955,0.9212719068954335,sopra_media,0.44990958408679926,0.40950866689822235,0.04040091718857691,0.3473535035188371,sopra_media,0.39688359303391385,0.6886917325833647,-0.29180813954945084,-0.774556506511068,sotto_media,39.027499999999996,57.025571385542165,-17.99807138554217,-1.1044036508297432,sotto_media,34.125,54.184412650602404,-20.059412650602404,-1.177691724713601,sotto_media
102,Lavarone,1187,342,412,-70,52.18446601941748,29.54859943341843,22.635866585999047,1.5389972133761647,sopra_media,37.13450292397661,52.96274518634444,-15.82824226236783,-0.9916641316107564,sotto_media,0.2729570345408593,0.40950866689822235,-0.13655163235736306,-1.1740250274307449,sotto_media,0.8300970873786407,0.6886917325833647,0.14140535479527605,0.3753371574257488,sopra_media,49.7974375,57.025571385542165,-7.228133885542164,-0.4435351588999419,sotto_media,51.0625,54.184412650602404,-3.121912650602404,-0.18328805324131667,sotto_media
103,Lavis,9123,4734,3711,1023,32.44408515225007,29.54859943341843,2.8954857188316367,0.19686210977266616,sopra_media,74.56696239966202,52.96274518634444,21.604217213317575,1.3535379953661248,sopra_media,0.6617340787021813,0.40950866689822235,0.2522254118039589,2.168549294503594,sopra_media,1.2756669361358124,0.6886917325833647,0.5869752035524477,1.5580287231678165,sopra_media,35.888600000000004,57.025571385542165,-21.13697138554216,-1.2970138780774358,sotto_media,32.0,54.184412650602404,-22.184412650602404,-1.302450856927836,sotto_media
229,Ledro,5261,1109,1921,-812,50.70275897969807,29.54859943341843,21.154159546279637,1.4382569569117412,sopra_media,12.173128944995492,52.96274518634444,-40.78961624134895,-2.5555332486212685,sotto_media,0.20566432237217258,0.40950866689822235,-0.20384434452604977,-1.7525851433799677,sotto_media,0.5773034877667881,0.6886917325833647,-0.11138824481657661,-0.29566169711625345,sotto_media,64.81873333333333,57.025571385542165,7.7931619477911624,0.47820659904493007,sopra_media,62.13333333333333,54.184412650602404,7.948920682730929,0.4666825630199033,sopra_media
104,Levico Terme,8069,2656,3101,-445,40.05159625927121,29.54859943341843,10.502996825852776,0.7140916291264983,sopra_media,53.23795180722891,52.96274518634444,0.2752066208844681,0.017242125195530103,sopra_media,0.4056264716817449,0.40950866689822235,-0.0038821952164774243,-0.03337780930797238,sotto_media,0.8564979039019671,0.6886917325833647,0.16780617131860243,0.4454137640855915,sopra_media,44.55846666666667,57.025571385542165,-12.467104718875497,-0.765010632076013,sotto_media,44.2,54.184412650602404,-9.984412650602401,-0.5861866625684634,sotto_media
106,Livo,786,132,315,-183,26.031746031746035,29.54859943341843,-3.516853401672396,-0.23910847700321974,sotto_media,37.878787878787875,52.96274518634444,-15.083957307556567,-0.9450335152005771,sotto_media,0.36005089058524176,0.40950866689822235,-0.049457776312980595,-0.425221333426116,sotto_media,0.41904761904761906,0.6886917325833647,-0.26964411353574563,-0.7157257604396867,sotto_media,62.4748125,57.025571385542165,5.449241114457834,0.33437814819943174,sopra_media,56.25,54.184412650602404,2.065587349397596,0.12127100481108036,sopra_media
108,Lona-Lases,872,205,320,-115,23.75,29.54859943341843,-5.798599433418431,-0.3942428418020165,sotto_media,62.926829268292686,52.96274518634444,9.964084081948243,0.6242654506188744,sopra_media,0.42775229357798167,0.40950866689822235,0.018243626679759317,0.1568525688296965,sopra_media,0.640625,0.6886917325833647,-0.04806673258336469,-0.12758520213540336,sotto_media,39.6470625,57.025571385542165,-17.378508885542168,-1.06638585035214,sotto_media,37.6875,54.184412650602404,-16.496912650602404,-0.9685367089426776,sotto_media
109,Luserna / Lusérn,269,74,86,-12,52.32558139534884,29.54859943341843,22.77698196193041,1.5485915520553486,sopra_media,39.189189189189186,52.96274518634444,-13.773555997155256,-0.8629348237602606,sotto_media,0.26022304832713755,0.40950866689822235,-0.1492856185710848,-1.2835075598309609,sotto_media,0.8604651162790697,0.6886917325833647,0.17177338369570505,0.4559440740493249,sopra_media,54.1349375,57.025571385542165,-2.890633885542165,-0.1773760392443718,sotto_media,54.8125,54.184412650602404,0.628087349397596,0.036875121254392025,sopra_media
243,Madruzzo,2948,494,1161,-667,21.619293712316967,29.54859943341843,-7.929305721101464,-0.53910811686489,sotto_media,49.19028340080971,52.96274518634444,-3.7724617855347304,-0.23635063063707643,sotto_media,0.39111261872455905,0.40950866689822235,-0.018396048173663304,-0.15816303759138328,sotto_media,0.425495262704565,0.6886917325833647,-0.2631964698787997,-0.6986115553532107,sotto_media,40.22025,57.025571385542165,-16.805321385542165,-1.0312137280702776,sotto_media,37.125,54.184412650602404,-17.059412650602404,-1.001561185117034,sotto_media
110,Malé,2242,970,711,259,42.05344585091421,29.54859943341843,12.504846417495777,0.8501960248399093,sopra_media,69.17525773195877,52.96274518634444,16.212512545614324,1.015739265818517,sopra_media,0.4830508474576271,0.40950866689822235,0.07354218055940476,0.6322909441508142,sopra_media,1.3642756680731365,0.6886917325833647,0.6755839354897718,1.7932259659922194,sopra_media,67.9874375,57.025571385542165,10.961866114457834,0.672645679494253,sopra_media,62.3125,54.184412650602404,8.128087349397596,0.4772014702458094,sopra_media
112,Massimeno,144,32,48,-16,14.583333333333334,29.54859943341843,-14.965266100085097,-1.017478289950225,sotto_media,78.125,52.96274518634444,25.162254813655558,1.5764546154614858,sopra_media,0.4583333333333333,0.40950866689822235,0.048824666435110964,0.4197780675427222,sopra_media,0.6666666666666666,0.6886917325833647,-0.02202506591669806,-0.05846189944685437,sotto_media,69.995,57.025571385542165,12.96942861445784,0.795834398261639,sopra_media,71.8125,54.184412650602404,17.628087349397596,1.0349481789682715,sopra_media
113,Mazzin / Mazin,593,107,203,-96,26.108374384236456,29.54859943341843,-3.4402250491819757,-0.23389856730083144,sotto_media,50.467289719626166,52.96274518634444,-2.4954554667182762,-0.15634418764615862,sotto_media,0.3440134907251265,0.40950866689822235,-0.06549517617309586,-0.5631055057765053,sotto_media,0.5270935960591133,0.6886917325833647,-0.16159813652425137,-0.42893556114705816,sotto_media,93.9711875,57.025571385542165,36.945616114457835,2.2670692011888747,sopra_media,92.375,54.184412650602404,38.190587349397596,2.242176252453074,sopra_media
114,Mezzana,878,256,302,-46,39.735099337748345,29.54859943341843,10.186499904329914,0.6925732181385532,sopra_media,53.125,52.96274518634444,0.16225481365555794,0.010165517826698575,sopra_media,0.3621867881548975,0.40950866689822235,-0.04732187874332483,-0.40685760419407097,sotto_media,0.847682119205298,0.6886917325833647,0.15899038662193332,0.4220137197710339,sopra_media,76.0444375,57.025571385542165,19.018866114457836,1.167041996973199,sopra_media,70.375,54.184412650602404,16.190587349397596,0.950552295411583,sopra_media
115,Mezzano,1595,307,551,-244,27.404718693284934,29.54859943341843,-2.143880740133497,-0.14576099714764507,sotto_media,50.814332247557005,52.96274518634444,-2.1484129387874376,-0.13460143052961107,sotto_media,0.34858934169279,0.40950866689822235,-0.06091932520543236,-0.5237638775214076,sotto_media,0.5571687840290381,0.6886917325833647,-0.13152294855432656,-0.3491059424029895,sotto_media,98.66525,57.025571385542165,41.639678614457836,2.555107827726794,sopra_media,103.4375,54.184412650602404,49.253087349397596,2.8916576172154147,sopra_media
116,Mezzocorona,5518,2167,2145,22,34.26573426573427,29.54859943341843,4.7171348323158355,0.32071479722115104,sopra_media,66.08214120904476,52.96274518634444,13.119396022700322,0.821950678316348,sopra_media,0.5150416817687568,0.40950866689822235,0.1055330148705344,0.9073373824926494,sopra_media,1.0102564102564102,0.6886917325833647,0.32156467767304553,0.8535403218716024,sopra_media,40.682599999999994,57.025571385542165,-16.34297138554217,-1.0028428533791534,sotto_media,34.46666666666667,54.184412650602404,-19.717745983935735,-1.1576324132595472,sotto_media
117,Mezzolombardo,7403,2674,2985,-311,37.48743718592965,29.54859943341843,7.938837752511219,0.5397561932140633,sopra_media,58.15258040388931,52.96274518634444,5.189835217544868,0.3251512927904636,sopra_media,0.462109955423477,0.40950866689822235,0.05260128852525464,0.4522481946033264,sopra_media,0.8958123953098828,0.6886917325833647,0.20712066272651808,0.549767587687603,sopra_media,40.183666666666674,57.025571385542165,-16.84190471887549,-1.033458566754788,sotto_media,34.46666666666667,54.184412650602404,-19.717745983935735,-1.1576324132595472,sotto_media
118,Moena / Moena,2636,905,772,133,57.901554404145074,29.54859943341843,28.352954970726643,1.927698174273469,sopra_media,50.607734806629836,52.96274518634444,-2.3550103797146065,-0.14754508330254995,sotto_media,0.29704097116843703,0.40950866689822235,-0.11246769572978532,-0.9669594371356784,sotto_media,1.172279792746114,0.6886917325833647,0.48358806016274924,1.2836046281932032,sopra_media,83.6485,57.025571385542165,26.622928614457834,1.6336450127209647,sopra_media,81.0,54.184412650602404,26.815587349397596,1.5743479564827578,sopra_media
120,Molveno,1116,382,384,-2,55.989583333333336,29.54859943341843,26.440983899914904,1.7977045582192401,sopra_media,43.717277486910994,52.96274518634444,-9.245467699433448,-0.5792430104062875,sotto_media,0.3010752688172043,0.40950866689822235,-0.10843339808101804,-0.9322739022505115,sotto_media,0.9947916666666666,0.6886917325833647,0.30609993408330194,0.8124917144288641,sopra_media,50.6135,57.025571385542165,-6.412071385542163,-0.39345965997569426,sotto_media,46.5,54.184412650602404,-7.684412650602404,-0.45115324887776226,sotto_media
123,Mori,10011,2003,4023,-2020,23.539647029579918,29.54859943341843,-6.008952403838514,-0.4085445975608238,sotto_media,52.720918622066904,52.96274518634444,-0.24182656427753813,-0.015150812445855442,sotto_media,0.4127459794226351,0.40950866689822235,0.0032373125244127277,0.027833324726056326,sopra_media,0.4978871488938603,0.6886917325833647,-0.19080458368950437,-0.5064592509209167,sotto_media,43.32033333333334,57.025571385542165,-13.705238052208827,-0.8409853820509331,sotto_media,37.733333333333334,54.184412650602404,-16.45107931726907,-0.9658458256988411,sotto_media
124,Nago-Torbole,2835,879,1070,-191,29.439252336448597,29.54859943341843,-0.10934709696983447,-0.007434434943676408,sotto_media,64.16382252559727,52.96274518634444,11.201077339252826,0.7017650127294309,sopra_media,0.4652557319223986,0.40950866689822235,0.05574706502417626,0.4792945233558973,sopra_media,0.8214953271028037,0.6886917325833647,0.13280359451943902,0.3525052055844296,sopra_media,46.0080625,57.025571385542165,-11.017508885542163,-0.6760600497460113,sotto_media,40.8125,54.184412650602404,-13.371912650602404,-0.7850673968629204,sotto_media
127,Nogaredo,2065,356,863,-507,15.063731170336037,29.54859943341843,-14.484868263082394,-0.9848163669065367,sotto_media,63.48314606741573,52.96274518634444,10.52040088107129,0.6591195681107748,sopra_media,0.46440677966101696,0.40950866689822235,0.054898112762794604,0.47199551722356786,sopra_media,0.41251448435689453,0.6886917325833647,-0.27617724822647016,-0.7330668873541959,sotto_media,38.533,57.025571385542165,-18.492571385542163,-1.1347473245288044,sotto_media,33.75,54.184412650602404,-20.434412650602404,-1.1997080421631718,sotto_media
128,Nomi,1307,448,524,-76,19.083969465648856,29.54859943341843,-10.464629967769575,-0.7114830924728777,sotto_media,77.67857142857143,52.96274518634444,24.71582624222699,1.5484851672894362,sopra_media,0.5906656465187452,0.40950866689822235,0.18115697962052285,1.5575268072347366,sopra_media,0.8549618320610687,0.6886917325833647,0.166270099477704,0.441336515107296,sopra_media,36.832750000000004,57.025571385542165,-20.19282138554216,-1.2390786313171347,sotto_media,35.75,54.184412650602404,-18.434412650602404,-1.0822876824321273,sotto_media
129,Novaledo,1098,659,450,209,18.444444444444443,29.54859943341843,-11.104154988973988,-0.7549639648211313,sotto_media,87.4051593323217,52.96274518634444,34.44241414597726,2.1578711109226543,sopra_media,0.8588342440801457,0.40950866689822235,0.4493255771819234,3.8631502529079675,sopra_media,1.4644444444444444,0.6886917325833647,0.7757527118610797,2.0591074373159506,sopra_media,45.701062500000006,57.025571385542165,-11.324508885542159,-0.6948982859959845,sotto_media,42.8125,54.184412650602404,-11.371912650602404,-0.6676470371318758,sotto_media
253,Novella,3590,765,1381,-616,30.99203475742216,29.54859943341843,1.4434353240037296,0.09813818847582755,sopra_media,44.052287581699346,52.96274518634444,-8.910457604645096,-0.5582541040437038,sotto_media,0.3593314763231198,0.40950866689822235,-0.05017719057510256,-0.43140661539046055,sotto_media,0.55394641564084,0.6886917325833647,-0.13474531694252467,-0.3576591870290924,sotto_media,58.8263125,57.025571385542165,1.8007411144578356,0.11049767602344387,sopra_media,53.9375,54.184412650602404,-0.24691265060240397,-0.014496286127940005,sotto_media
130,Ospedaletto,788,229,298,-69,21.140939597315437,29.54859943341843,-8.407659836102994,-0.5716310886361465,sotto_media,72.48908296943232,52.96274518634444,19.526337783087875,1.2233555994553904,sopra_media,0.5088832487309645,0.40950866689822235,0.09937458183274211,0.8543892456501487,sopra_media,0.7684563758389261,0.6886917325833647,0.07976464325556143,0.21172207025657502,sopra_media,59.081625,57.025571385542165,2.056053614457838,0.12616424668328557,sopra_media,53.125,54.184412650602404,-1.059412650602404,-0.06219830726867689,sotto_media
131,Ossana,828,269,296,-27,37.16216216216216,29.54859943341843,7.61356272874373,0.5176409650094287,sopra_media,59.10780669144982,52.96274518634444,6.1450615051053745,0.38499771358967055,sopra_media,0.4166666666666667,0.40950866689822235,0.007157999768444334,0.0615420755462246,sopra_media,0.9087837837837838,0.6886917325833647,0.22009205120041908,0.5841979958196561,sopra_media,81.3950625,57.025571385542165,24.36949111445783,1.495368830312008,sopra_media,75.8125,54.184412650602404,21.628087349397596,1.2697888984303607,sopra_media
133,Palù del Fersina / Palai en Bernstol,166,38,66,-28,13.636363636363635,29.54859943341843,-15.912235797054796,-1.0818621172382632,sotto_media,76.31578947368422,52.96274518634444,23.353044287339777,1.4631047465537057,sopra_media,0.5180722891566265,0.40950866689822235,0.10856362225840416,0.9333935259473398,sopra_media,0.5757575757575758,0.6886917325833647,-0.11293415682578889,-0.29976506519597096,sotto_media,49.87275,57.025571385542165,-7.152821385542161,-0.43891380819122466,sotto_media,48.625,54.184412650602404,-5.559412650602404,-0.3263941166635273,sotto_media
134,Panchià,817,144,341,-197,14.076246334310852,29.54859943341843,-15.472353099107579,-1.0519547910141422,sotto_media,66.66666666666666,52.96274518634444,13.703921480322215,0.8585721123788743,sopra_media,0.47613219094247244,0.40950866689822235,0.0666235240442501,0.5728066614310671,sopra_media,0.4222873900293255,0.6886917325833647,-0.26640434255403916,-0.7071263235036198,sotto_media,70.2239375,57.025571385542165,13.19836611445784,0.8098825373869756,sopra_media,68.4375,54.184412650602404,14.253087349397596,0.8368013219221336,sopra_media
136,Peio,1827,333,535,-202,45.794392523364486,29.54859943341843,16.245793089946055,1.1045404513020656,sopra_media,26.426426426426424,52.96274518634444,-26.536318759918018,-1.6625418706008426,sotto_media,0.20689655172413793,0.40950866689822235,-0.20261211517408442,-1.7419908496775236,sotto_media,0.6224299065420561,0.6886917325833647,-0.06626182604130859,-0.17588107231293534,sotto_media,92.64881249999999,57.025571385542165,35.62324111445783,2.1859251860062723,sopra_media,86.8125,54.184412650602404,32.628087349397596,1.9156008769511061,sopra_media
137,Pellizzano,777,231,239,-8,38.07531380753138,29.54859943341843,8.526714374112949,0.5797255259107698,sopra_media,60.60606060606061,52.96274518634444,7.643315419716167,0.4788656644674116,sopra_media,0.37065637065637064,0.40950866689822235,-0.038852296241851714,-0.33403898125299736,sotto_media,0.9665271966527197,0.6886917325833647,0.277835464069355,0.7374683474104139,sopra_media,79.5510625,57.025571385542165,22.525491114457836,1.3822166881460438,sopra_media,73.375,54.184412650602404,19.190587349397596,1.1266828350081501,sopra_media
138,Pelugo,393,48,149,-101,12.751677852348994,29.54859943341843,-16.796921581069437,-1.1420113035368866,sotto_media,60.416666666666664,52.96274518634444,7.453921480322222,0.466999837970178,sopra_media,0.40458015267175573,0.40950866689822235,-0.004928514226466618,-0.04237370839169091,sotto_media,0.3221476510067114,0.6886917325833647,-0.3665440815766533,-0.9729307199815386,sotto_media,62.955687499999996,57.025571385542165,5.930116114457832,0.36388576011052604,sopra_media,63.875,54.184412650602404,9.690587349397596,0.568936126285688,sopra_media
139,Pergine Valsugana,21485,6840,8890,-2050,41.631046119235094,29.54859943341843,12.082446685816663,0.8214773536321949,sopra_media,45.89181286549708,52.96274518634444,-7.070932320847362,-0.44300496817026663,sotto_media,0.3876192692576216,0.40950866689822235,-0.021889397640600772,-0.18819768187167404,sotto_media,0.7694038245219348,0.6886917325833647,0.0807120919385701,0.2142369162891181,sopra_media,39.839666666666666,57.025571385542165,-17.1859047188755,-1.0545672093280487,sotto_media,35.86666666666667,54.184412650602404,-18.317745983935737,-1.0754381614478161,sotto_media
234,Pieve di Bono-Prezzo,1429,362,499,-137,24.849699398797593,29.54859943341843,-4.698900034620838,-0.31947502569606007,sotto_media,65.74585635359117,52.96274518634444,12.783111167246723,0.8008819062044816,sopra_media,0.4289713086074178,0.40950866689822235,0.019462641709195427,0.16733325022958495,sopra_media,0.7254509018036072,0.6886917325833647,0.03675916922024247,0.09757114293467202,sopra_media,70.66,57.025571385542165,13.634428614457832,0.8366403497477375,sopra_media,69.75,54.184412650602404,15.565587349397596,0.9138584329956316,sopra_media
142,Pieve Tesino,645,120,230,-110,24.347826086956523,29.54859943341843,-5.200773346461908,-0.35359705170539407,sotto_media,53.333333333333336,52.96274518634444,0.37058814698889364,0.023217926973655285,sopra_media,0.3689922480620155,0.40950866689822235,-0.040516418836206824,-0.3483465478544195,sotto_media,0.5217391304347826,0.6886917325833647,-0.1669526021485821,-0.4431481057135623,sotto_media,66.045125,57.025571385542165,9.019553614457834,0.5534608529591499,sopra_media,60.9375,54.184412650602404,6.753087349397596,0.3964749729307162,sopra_media
143,Pinzolo,3106,1612,900,712,64.22222222222223,29.54859943341843,34.6736227888038,2.3574360913856807,sopra_media,64.1439205955335,52.96274518634444,11.18117540918906,0.7005181256862002,sopra_media,0.4365743721828719,0.40950866689822235,0.02706570528464952,0.23270183476155065,sopra_media,1.791111111111111,0.6886917325833647,1.1024193785277463,2.92619014624111,sopra_media,70.17775,57.025571385542165,13.152178614457839,0.8070483646286835,sopra_media,71.0625,54.184412650602404,16.878087349397596,0.9909155440691297,sopra_media
144,Pomarolo,2437,217,1040,-823,8.557692307692308,29.54859943341843,-20.990907125726125,-1.4271575355861106,sotto_media,58.986175115207374,52.96274518634444,6.023429928862932,0.37737730511780365,sopra_media,0.442757488715634,0.40950866689822235,0.03324882181741162,0.28586219199540613,sopra_media,0.20865384615384616,0.6886917325833647,-0.4800378864295185,-1.2741812784245359,sotto_media,38.4615625,57.025571385542165,-18.564008885542165,-1.139130896196907,sotto_media,34.375,54.184412650602404,-19.809412650602404,-1.1630141797472204,sotto_media
244,Porte di Rendena,1767,313,687,-374,24.308588064046578,29.54859943341843,-5.240011369371853,-0.35626481826460094,sotto_media,46.64536741214057,52.96274518634444,-6.3173777742038695,-0.39579359733503355,sotto_media,0.3769100169779287,0.40950866689822235,-0.032598649920293654,-0.2802722326066309,sotto_media,0.4556040756914119,0.6886917325833647,-0.23308765689195277,-0.6186926845557936,sotto_media,60.649625,57.025571385542165,3.6240536144578357,0.2223803849241924,sopra_media,61.125,54.184412650602404,6.940587349397596,0.40748313165550165,sopra_media
230,Predaia,6797,1591,2524,-933,37.48019017432647,29.54859943341843,7.931590740908035,0.5392634738114184,sopra_media,40.54054054054054,52.96274518634444,-12.422204645803902,-0.7782705482124341,sotto_media,0.32705605414153305,0.40950866689822235,-0.0824526127566893,-0.7088998445662965,sotto_media,0.6303486529318542,0.6886917325833647,-0.05834307965151053,-0.15486206801408606,sotto_media,53.0376,57.025571385542165,-3.987971385542167,-0.2447112284005781,sotto_media,49.13333333333333,54.184412650602404,-5.051079317269071,-0.29654977523188686,sotto_media
147,Predazzo,4512,1537,1629,-92,58.25659914057704,29.54859943341843,28.707999707158606,1.9518374250468693,sopra_media,38.25634352635004,52.96274518634444,-14.706401659994405,-0.9213790634194949,sotto_media,0.28102836879432624,0.40950866689822235,-0.1284802981038961,-1.1046304090381198,sotto_media,0.943523634131369,0.6886917325833647,0.2548319015480043,0.6764091903514076,sopra_media,74.44806249999999,57.025571385542165,17.422491114457827,1.069084702531663,sopra_media,72.0,54.184412650602404,17.815587349397596,1.045956337693057,sopra_media
245,Primiero San Martino di Castrozza,5230,1672,1679,-7,62.954139368671825,29.54859943341843,33.405539935253394,2.271219998419694,sopra_media,36.782296650717704,52.96274518634444,-16.180448535626738,-1.0137304054477168,sotto_media,0.23652007648183557,0.40950866689822235,-0.17298859041638678,-1.4872977430053644,sotto_media,0.9958308516974389,0.6886917325833647,0.3071391191140742,0.815250059443833,sopra_media,105.30133333333333,57.025571385542165,48.27576194779117,2.962313383452673,sopra_media,101.6,54.184412650602404,47.41558734939759,2.783777661712517,sopra_media
150,Rabbi,1340,278,457,-179,38.949671772428886,29.54859943341843,9.401072339010454,0.6391725307938445,sopra_media,35.97122302158273,52.96274518634444,-16.99152216476171,-1.0645454367554443,sotto_media,0.2828358208955224,0.40950866689822235,-0.12667284600269996,-1.089090543523124,sotto_media,0.6083150984682714,0.6886917325833647,-0.08037663411509333,-0.2133464989065353,sotto_media,75.0373125,57.025571385542165,18.011741114457834,1.1052424572883308,sopra_media,69.4375,54.184412650602404,15.253087349397596,0.8955115017876559,sopra_media
153,Riva del Garda,17694,6879,6719,160,52.80547700550677,29.54859943341843,23.256877572088342,1.5812193290365637,sopra_media,48.42273586277075,52.96274518634444,-4.540009323573692,-0.28443868426695035,sotto_media,0.36746919859839494,0.40950866689822235,-0.04203946829982741,-0.36144121510545596,sotto_media,1.023813067420747,0.6886917325833647,0.3351213348373824,0.8895242290696317,sopra_media,50.207,57.025571385542165,-6.818571385542164,-0.41840344836531723,sotto_media,48.333333333333336,54.184412650602404,-5.851079317269068,-0.3435179191243045,sotto_media
155,Romeno,1391,246,539,-293,26.53061224489796,29.54859943341843,-3.017987188520472,-0.20519090159379366,sotto_media,41.86991869918699,52.96274518634444,-11.092826487157453,-0.6949829275515645,sotto_media,0.35873472322070454,0.40950866689822235,-0.05077394367751781,-0.4365372979413577,sotto_media,0.45640074211502785,0.6886917325833647,-0.23229099046833684,-0.6165780651250836,sotto_media,58.931000000000004,57.025571385542165,1.9054286144578398,0.11692154526585162,sopra_media,52.125,54.184412650602404,-2.059412650602404,-0.1209084871341992,sotto_media
156,Roncegno Terme,2906,480,1120,-640,18.75,29.54859943341843,-10.798599433418431,-0.7341894498828575,sotto_media,56.25,52.96274518634444,3.287254813655558,0.20595165503104698,sopra_media,0.4060564349621473,0.40950866689822235,-0.0034522319360750786,-0.029681129573324312,sotto_media,0.42857142857142855,0.6886917325833647,-0.26012030401193614,-0.6904463811707316,sotto_media,50.0465,57.025571385542165,-6.979071385542163,-0.42825210282173654,sotto_media,46.75,54.184412650602404,-7.434412650602404,-0.4364757039113817,sotto_media
157,Ronchi Valsugana,457,54,176,-122,14.204545454545455,29.54859943341843,-15.344053978872976,-1.0432318208654403,sotto_media,53.70370370370371,52.96274518634444,0.7409585173592674,0.04642220990157827,sopra_media,0.3938730853391685,0.40950866689822235,-0.015635581559053868,-0.13442947368599548,sotto_media,0.3068181818181818,0.6886917325833647,-0.38187355076518287,-1.0136202638704417,sotto_media,53.031625,57.025571385542165,-3.9939463855421664,-0.2450778683406223,sotto_media,51.0,54.184412650602404,-3.184412650602404,-0.18695743948291182,sotto_media
135,Ronzo-Chienis,990,133,353,-220,23.512747875354105,29.54859943341843,-6.035851558064326,-0.4103734528086855,sotto_media,37.59398496240601,52.96274518634444,-15.36876022393843,-0.9628768633167174,sotto_media,0.32323232323232326,0.40950866689822235,-0.08627634366589909,-0.7417749974156191,sotto_media,0.37677053824362605,0.6886917325833647,-0.31192119433973864,-0.8279432882426687,sotto_media,45.168499999999995,57.025571385542165,-11.85707138554217,-0.7275775634972116,sotto_media,44.125,54.184412650602404,-10.059412650602404,-0.5905899260583778,sotto_media
159,Ronzone,449,75,150,-75,24.0,29.54859943341843,-5.548599433418431,-0.37724551139797446,sotto_media,52.0,52.96274518634444,-0.9627451863444421,-0.060317491566866846,sotto_media,0.34075723830734966,0.40950866689822235,-0.06875142859087269,-0.5911016693382639,sotto_media,0.5,0.6886917325833647,-0.1886917325833647,-0.5008510366535684,sotto_media,62.8355625,57.025571385542165,5.809991114457837,0.3565146098514773,sopra_media,56.25,54.184412650602404,2.065587349397596,0.12127100481108036,sopra_media
160,Roverè della Luna,1635,294,615,-321,30.081300813008134,29.54859943341843,0.5327013795897031,0.03621800542230083,sopra_media,37.07482993197279,52.96274518634444,-15.887915254371649,-0.9954027378827096,sotto_media,0.3296636085626911,0.40950866689822235,-0.07984505833553124,-0.6864809682923346,sotto_media,0.47804878048780486,0.6886917325833647,-0.21064295209555983,-0.5591169230173796,sotto_media,43.111,57.025571385542165,-13.914571385542168,-0.8538305637718709,sotto_media,38.0,54.184412650602404,-16.184412650602404,-0.9501897777347019,sotto_media
161,Rovereto,39860,18447,14717,3730,61.56825439967385,29.54859943341843,32.019654966255416,2.176994619539477,sopra_media,50.88090204369274,52.96274518634444,-2.0818431426516995,-0.130430728692844,sotto_media,0.37737079779227295,0.40950866689822235,-0.0321378691059494,-0.2763105940757613,sotto_media,1.2534483930148808,0.6886917325833647,0.5647566604315161,1.4990532704402617,sopra_media,41.5602,57.025571385542165,-15.465371385542163,-0.9489912698841146,sotto_media,35.13333333333333,54.184412650602404,-19.05107931726907,-1.1184922933491992,sotto_media
162,Ruffrè-Mendola,417,66,144,-78,25.694444444444443,29.54859943341843,-3.8541549889739883,-0.26204138310391173,sotto_media,43.93939393939394,52.96274518634444,-9.023351246950504,-0.5653270672891135,sotto_media,0.3261390887290168,0.40950866689822235,-0.08336957816920554,-0.7167836049065981,sotto_media,0.4583333333333333,0.6886917325833647,-0.23035839925003138,-0.611448320955247,sotto_media,66.124875,57.025571385542165,9.099303614457838,0.558354499020829,sopra_media,60.6875,54.184412650602404,6.503087349397596,0.38179742796433563,sopra_media
163,Rumo,806,125,279,-154,34.76702508960574,29.54859943341843,5.218425656187307,0.35479722026858246,sopra_media,22.400000000000002,52.96274518634444,-30.56274518634444,-1.9148037831664546,sotto_media,0.26054590570719605,0.40950866689822235,-0.1489627611910263,-1.2807317406193135,sotto_media,0.44802867383512546,0.6886917325833647,-0.24066305874823923,-0.6388003375029738,sotto_media,70.1721875,57.025571385542165,13.146616114457842,0.8067070366510274,sopra_media,65.9375,54.184412650602404,11.753087349397596,0.6900258722583278,sopra_media
164,Sagron Mis,179,13,63,-50,11.11111111111111,29.54859943341843,-18.43748832230732,-1.2535523233396981,sotto_media,46.15384615384615,52.96274518634444,-6.808899032498289,-0.4265881728599248,sotto_media,0.3463687150837989,0.40950866689822235,-0.06313995181442345,-0.5428560785484254,sotto_media,0.20634920634920634,0.6886917325833647,-0.48234252623415835,-1.2802985641130171,sotto_media,111.95712499999999,57.025571385542165,54.931553614457826,3.3707282884926446,sopra_media,117.9375,54.184412650602404,63.753087349397596,3.7429552252654883,sopra_media
165,Samone,549,87,217,-130,18.433179723502306,29.54859943341843,-11.115419709916125,-0.7557298455561826,sotto_media,54.02298850574713,52.96274518634444,1.0602433194026872,0.06642590208082186,sopra_media,0.4080145719489982,0.40950866689822235,-0.001494094949224145,-0.01284572607053445,sotto_media,0.4009216589861751,0.6886917325833647,-0.2877700735971896,-0.76383812743544,sotto_media,59.38000000000001,57.025571385542165,2.354428614457845,0.14447323281060145,sopra_media,55.375,54.184412650602404,1.190587349397596,0.06989959742874832,sopra_media
250,San Giovanni di Fassa / Sèn Jan,3637,1380,1297,83,71.31842713955281,29.54859943341843,41.76982770613438,2.839902249764304,sopra_media,32.971014492753625,52.96274518634444,-19.991730693590817,-1.2525131931288815,sotto_media,0.22738520758867198,0.40950866689822235,-0.18212345930955037,-1.5658362746781744,sotto_media,1.063993831919815,0.6886917325833647,0.3753020993364503,0.9961774315039247,sopra_media,90.214375,57.025571385542165,33.18880361445784,2.0365424213131305,sopra_media,89.5,54.184412650602404,35.315587349397596,2.073384485339697,sopra_media
231,San Lorenzo Dorsino,1563,229,501,-272,33.532934131736525,29.54859943341843,3.9843346983180936,0.2708922132304074,sopra_media,26.637554585152838,52.96274518634444,-26.325190601191604,-1.649314361272167,sotto_media,0.25207933461292387,0.40950866689822235,-0.15742933228529848,-1.3535244724936848,sotto_media,0.45708582834331335,0.6886917325833647,-0.23160590424005134,-0.614759616892423,sotto_media,49.647375000000004,57.025571385542165,-7.378196385542161,-0.45274334400502847,sotto_media,46.6875,54.184412650602404,-7.496912650602404,-0.4401450901529768,sotto_media
167,San Michele all'Adige,3983,1277,1789,-512,25.48910005589715,29.54859943341843,-4.059499377521281,-0.276002608778929,sotto_media,64.29130775254502,52.96274518634444,11.328562566200581,0.7097521615725415,sopra_media,0.5407983931709767,0.40950866689822235,0.13128972627275431,1.1287849279264515,sopra_media,0.713806595863611,0.6886917325833647,0.025114863280246258,0.06666325618567637,sopra_media,37.1214375,57.025571385542165,-19.904133885542166,-1.2213640927913558,sotto_media,31.5,54.184412650602404,-22.684412650602404,-1.331805946860597,sotto_media
168,Sant'Orsola Terme,1113,269,456,-187,18.640350877192983,29.54859943341843,-10.908248556225448,-0.7416444193583146,sotto_media,68.40148698884758,52.96274518634444,15.438741802503138,0.9672613186583643,sopra_media,0.49865229110512127,0.40950866689822235,0.08914362420689892,0.766426911550115,sopra_media,0.5899122807017544,0.6886917325833647,-0.0987794518816103,-0.2621937389499463,sotto_media,43.8723125,57.025571385542165,-13.153258885542165,-0.8071146525827569,sotto_media,42.8125,54.184412650602404,-11.371912650602404,-0.6676470371318758,sotto_media
169,Sanzeno,918,178,348,-170,30.17241379310345,29.54859943341843,0.6238143596850172,0.042412715129408675,sopra_media,41.01123595505618,52.96274518634444,-11.951509231288263,-0.7487807443699329,sotto_media,0.3442265795206972,0.40950866689822235,-0.06528208737752517,-0.5612734399509548,sotto_media,0.5114942528735632,0.6886917325833647,-0.1771974797098015,-0.4703414409841399,sotto_media,53.937749999999994,57.025571385542165,-3.0878213855421706,-0.1894759242949964,sotto_media,46.375,54.184412650602404,-7.809412650602404,-0.4584920213609525,sotto_media
170,Sarnonico,795,274,310,-36,24.516129032258064,29.54859943341843,-5.032470401160367,-0.34215424862833926,sotto_media,72.26277372262774,52.96274518634444,19.3000285362833,1.2091769712168325,sopra_media,0.5433962264150943,0.40950866689822235,0.13388755951687198,1.151120224788403,sopra_media,0.8838709677419355,0.6886917325833647,0.19517923515857083,0.5180710406547991,sopra_media,62.3344375,57.025571385542165,5.308866114457835,0.3257644106958812,sopra_media,55.6875,54.184412650602404,1.503087349397596,0.08824652863672405,sopra_media
171,Scurelle,1354,872,514,358,27.626459143968873,29.54859943341843,-1.9221402894495583,-0.13068501433078067,sotto_media,83.71559633027523,52.96274518634444,30.75285114393079,1.9267142187169717,sopra_media,0.8138847858197932,0.40950866689822235,0.4043761189215708,3.4766899224375054,sopra_media,1.6964980544747081,0.6886917325833647,1.0078063218913433,2.6750554152779005,sopra_media,56.477000000000004,57.025571385542165,-0.5485713855421608,-0.033661620067812766,sotto_media,52.8125,54.184412650602404,-1.371912650602404,-0.08054523847665261,sotto_media
172,Segonzano,1396,195,545,-350,19.26605504587156,29.54859943341843,-10.28254438754687,-0.6991032173974496,sotto_media,46.15384615384615,52.96274518634444,-6.808899032498289,-0.4265881728599248,sotto_media,0.37965616045845274,0.40950866689822235,-0.02985250643976961,-0.256661814192785,sotto_media,0.3577981651376147,0.6886917325833647,-0.33089356744575,-0.8783023188574621,sotto_media,44.189,57.025571385542165,-12.836571385542165,-0.7876819687312472,sotto_media,43.0,54.184412650602404,-11.184412650602404,-0.6566388784070903,sotto_media
246,Sella Giudicarie,2893,475,1110,-635,23.603603603603602,29.54859943341843,-5.944995829814829,-0.40419623348005923,sotto_media,44.8421052631579,52.96274518634444,-8.120639923186545,-0.5087707911001952,sotto_media,0.3667473211199447,0.40950866689822235,-0.04276134577827767,-0.3676476749756774,sotto_media,0.42792792792792794,0.6886917325833647,-0.26076380465543675,-0.6921544473375528,sotto_media,65.7635,57.025571385542165,8.737928614457829,0.5361796859106194,sopra_media,67.125,54.184412650602404,12.940587349397596,0.7597442108486355,sopra_media
173,Sfruz,367,53,128,-75,24.21875,29.54859943341843,-5.329849433418431,-0.36237284729443764,sotto_media,41.509433962264154,52.96274518634444,-11.453311224080288,-0.7175678600838038,sotto_media,0.3242506811989101,0.40950866689822235,-0.08525798569931226,-0.7330194979827925,sotto_media,0.4140625,0.6886917325833647,-0.2746292325833647,-0.7289579355257804,sotto_media,54.45775,57.025571385542165,-2.5678213855421674,-0.15756751110285871,sotto_media,54.0625,54.184412650602404,-0.12191265060240397,-0.007157513644749715,sotto_media
176,Soraga di Fassa / Soraga,693,226,255,-29,40.78431372549019,29.54859943341843,11.235714292071762,0.7639085925910448,sopra_media,53.98230088495575,52.96274518634444,1.0195556986113061,0.06387675900665231,sopra_media,0.3939393939393939,0.40950866689822235,-0.015569272958828428,-0.13385937463368364,sotto_media,0.8862745098039215,0.6886917325833647,0.19758277722055684,0.5244508460490513,sopra_media,86.10762499999998,57.025571385542165,29.08205361445782,1.78454266001157,sopra_media,84.6875,54.184412650602404,30.503087349397596,1.7908417447368712,sopra_media
177,Sover,779,79,279,-200,20.78853046594982,29.54859943341843,-8.760068967468612,-0.5955911464090381,sotto_media,26.582278481012654,52.96274518634444,-26.380466705331788,-1.652777495643147,sotto_media,0.31065468549422337,0.40950866689822235,-0.09885398140399898,-0.8499132981855584,sotto_media,0.2831541218637993,0.6886917325833647,-0.4055376107195654,-1.076432602266605,sotto_media,50.776875,57.025571385542165,-6.248696385542168,-0.38343458881172254,sotto_media,51.4375,54.184412650602404,-2.746912650602404,-0.1612717357917458,sotto_media
179,Spiazzo,1245,372,412,-40,32.76699029126214,29.54859943341843,3.2183908578437084,0.2188162111204714,sopra_media,63.70967741935484,52.96274518634444,10.746932233010398,0.6733121115833626,sopra_media,0.41285140562248995,0.40950866689822235,0.003342738724267602,0.028739743748954695,sopra_media,0.9029126213592233,0.6886917325833647,0.21422088877585865,0.5686139649432455,sopra_media,64.28325,57.025571385542165,7.257678614457831,0.4453480923958857,sopra_media,65.25,54.184412650602404,11.065587349397596,0.6496626236007812,sopra_media
180,Spormaggiore,1264,221,456,-235,25.438596491228072,29.54859943341843,-4.110002942190359,-0.2794363118799779,sotto_media,47.511312217194565,52.96274518634444,-5.451432969149877,-0.3415408010426516,sotto_media,0.35205696202531644,0.40950866689822235,-0.05745170487290591,-0.4939504436888515,sotto_media,0.48464912280701755,0.6886917325833647,-0.20404260977634714,-0.5415974045541868,sotto_media,43.643249999999995,57.025571385542165,-13.38232138554217,-0.8211704619997264,sotto_media,37.8125,54.184412650602404,-16.371912650602404,-0.9611979364594874,sotto_media
181,Sporminore,705,181,274,-93,26.642335766423358,29.54859943341843,-2.9062636669950734,-0.19759489515671244,sotto_media,59.66850828729282,52.96274518634444,6.705763100948381,0.4201265454534837,sopra_media,0.43829787234042555,0.40950866689822235,0.028789205442203203,0.24751990968908735,sopra_media,0.6605839416058394,0.6886917325833647,-0.02810779097752525,-0.07460748839600435,sotto_media,43.5576875,57.025571385542165,-13.467883885542165,-0.8264207766223266,sotto_media,39.75,54.184412650602404,-14.434412650602404,-0.8474469629700379,sotto_media
182,Stenico,1168,278,447,-169,23.2662192393736,29.54859943341843,-6.28238019404483,-0.4271347675279592,sotto_media,62.589928057553955,52.96274518634444,9.627182871209513,0.603158062884473,sopra_media,0.4426369863013699,0.40950866689822235,0.03312831940314753,0.2848261527495212,sopra_media,0.6219239373601789,0.6886917325833647,-0.06676779522318577,-0.17722408393187833,sotto_media,49.1039375,57.025571385542165,-7.921633885542164,-0.4860899368783022,sotto_media,47.125,54.184412650602404,-7.059412650602404,-0.4144593864618108,sotto_media
183,Storo,4529,1598,1646,-48,49.21020656136088,29.54859943341843,19.661607127942446,1.3367793305124243,sopra_media,49.3116395494368,52.96274518634444,-3.6511056369076442,-0.22874747813605437,sotto_media,0.35857805255023184,0.40950866689822235,-0.05093061434799051,-0.43788429969464276,sotto_media,0.9708383961117861,0.6886917325833647,0.28214666352842144,0.7489117142645486,sopra_media,73.67293749999999,57.025571385542165,16.647366114457824,1.021521224117133,sopra_media,71.625,54.184412650602404,17.440587349397596,1.023940020243486,sopra_media
184,Strembo,605,156,207,-51,20.77294685990338,29.54859943341843,-8.77565257351505,-0.596650665212469,sotto_media,72.43589743589743,52.96274518634444,19.47315224955299,1.2200234426022871,sopra_media,0.4578512396694215,0.40950866689822235,0.04834257277119913,0.4156331882964818,sopra_media,0.7536231884057971,0.6886917325833647,0.06493145582243243,0.17234982431317053,sopra_media,66.6803125,57.025571385542165,9.654741114457835,0.5924374398908439,sopra_media,67.9375,54.184412650602404,13.753087349397596,0.8074462319893725,sopra_media
188,Telve,1892,281,715,-434,18.321678321678323,29.54859943341843,-11.226921111740108,-0.7633107502254469,sotto_media,53.380782918149464,52.96274518634444,0.4180377318050219,0.026190717669047237,sopra_media,0.3879492600422833,0.40950866689822235,-0.021559406855939045,-0.18536053204544212,sotto_media,0.393006993006993,0.6886917325833647,-0.2956847395763717,-0.7848463009582982,sotto_media,55.506249999999994,57.025571385542165,-1.5193213855421703,-0.09322910488755853,sotto_media,51.75,54.184412650602404,-2.434412650602404,-0.14292480458377008,sotto_media
189,Telve di Sopra,594,111,239,-128,8.368200836820083,29.54859943341843,-21.180398596598348,-1.440040932142763,sotto_media,81.98198198198197,52.96274518634444,29.019236795637532,1.8181005685875729,sopra_media,0.5218855218855218,0.40950866689822235,0.11237685498729949,0.9661784189717237,sopra_media,0.46443514644351463,0.6886917325833647,-0.22425658613985006,-0.5952520659319886,sotto_media,56.8143125,57.025571385542165,-0.21125888554216488,-0.012963338096903622,sotto_media,54.5,54.184412650602404,0.31558734939759603,0.018528190046416298,sopra_media
190,Tenna,1050,113,440,-327,11.818181818181818,29.54859943341843,-17.73041761523661,-1.2054790656312961,sotto_media,53.98230088495575,52.96274518634444,1.0195556986113061,0.06387675900665231,sopra_media,0.4276190476190476,0.40950866689822235,0.01811038072082527,0.15570696487101818,sopra_media,0.25681818181818183,0.6886917325833647,-0.43187355076518286,-1.1463370050324557,sotto_media,40.610187499999995,57.025571385542165,-16.41538388554217,-1.007286253321991,sotto_media,39.8125,54.184412650602404,-14.371912650602404,-0.8437775767284428,sotto_media
191,Tenno,1988,244,737,-493,16.28222523744912,29.54859943341843,-13.266374195969313,-0.9019717818901926,sotto_media,50.81967213114754,52.96274518634444,-2.1430730551969006,-0.1342668784715912,sotto_media,0.3727364185110664,0.40950866689822235,-0.036772248387155926,-0.31615542909394617,sotto_media,0.3310719131614654,0.6886917325833647,-0.3576198194218993,-0.9492427401724497,sotto_media,48.982812499999994,57.025571385542165,-8.04275888554217,-0.49352244947041346,sotto_media,48.875,54.184412650602404,-5.309412650602404,-0.3117165716971467,sotto_media
193,Terragnolo,701,48,265,-217,13.584905660377359,29.54859943341843,-15.963693773041072,-1.0853607101173113,sotto_media,25.0,52.96274518634444,-27.962745186344442,-1.751909717012437,sotto_media,0.3437945791726106,0.40950866689822235,-0.06571408772561177,-0.5649876337087061,sotto_media,0.1811320754716981,0.6886917325833647,-0.5075596571116666,-1.347233272743395,sotto_media,46.0355625,57.025571385542165,-10.990008885542167,-0.6743725855868119,sotto_media,47.3125,54.184412650602404,-6.871912650602404,-0.40345122773702535,sotto_media
251,Terre d'Adige,3048,352,1248,-896,13.381410256410255,29.54859943341843,-16.167189177008176,-1.0991962245850426,sotto_media,52.55681818181818,52.96274518634444,-0.4059270045262622,-0.025431961665001255,sotto_media,0.4153543307086614,0.40950866689822235,0.00584566381043905,0.05025905217625586,sopra_media,0.28205128205128205,0.6886917325833647,-0.40664045053208264,-1.0793599083854253,sotto_media,35.41525,57.025571385542165,-21.610321385542164,-1.3260597384322406,sotto_media,31.0625,54.184412650602404,-23.121912650602404,-1.3574916505517631,sotto_media
195,Terzolas,645,120,239,-119,19.246861924686193,29.54859943341843,-10.301737508732238,-0.7004081446865396,sotto_media,61.66666666666667,52.96274518634444,8.70392148032223,0.5453142928519178,sopra_media,0.413953488372093,0.40950866689822235,0.004444821473870653,0.03821508071854534,sopra_media,0.502092050209205,0.6886917325833647,-0.1865996823741597,-0.4952980349313085,sotto_media,67.1664375,57.025571385542165,10.140866114457836,0.622267204050513,sopra_media,60.3125,54.184412650602404,6.128087349397596,0.35978111051476475,sopra_media
196,Tesero,2936,1116,1024,92,43.9453125,29.54859943341843,14.396713066581569,0.9788227548995057,sopra_media,59.67741935483871,52.96274518634444,6.71467416849427,0.42068483777130017,sopra_media,0.4223433242506812,0.40950866689822235,0.012834657352458867,0.11034806900623793,sopra_media,1.08984375,0.6886917325833647,0.4011520174166353,1.0647917692420683,sopra_media,69.41550000000001,57.025571385542165,12.389928614457844,0.7602749262523245,sopra_media,65.0,54.184412650602404,10.815587349397596,0.6349850786344007,sopra_media
199,Tione di Trento,3659,2719,1343,1376,58.60014892032762,29.54859943341843,29.051549486909188,1.9751951415134954,sopra_media,71.05553512320706,52.96274518634444,18.092789936862623,1.1335415849561725,sopra_media,0.6799672041541405,0.40950866689822235,0.2704585372559181,2.3253115773070947,sopra_media,2.024571854058079,0.6886917325833647,1.3358801214747142,3.5458731261047958,sopra_media,58.73375,57.025571385542165,1.708178614457836,0.10481782506941076,sopra_media,58.5,54.184412650602404,4.315587349397596,0.25336890950850555,sopra_media
200,Ton,1317,231,542,-311,23.616236162361623,29.54859943341843,-5.932363271056808,-0.403337354379825,sotto_media,44.58874458874459,52.96274518634444,-8.374000597599853,-0.5246442335843137,sotto_media,0.3925588458618071,0.40950866689822235,-0.016949821036415236,-0.14572886287543968,sotto_media,0.4261992619926199,0.6886917325833647,-0.26249247059074476,-0.6967429055273902,sotto_media,44.14725,57.025571385542165,-12.878321385542165,-0.7902438461365775,sotto_media,39.625,54.184412650602404,-14.559412650602404,-0.8547857354532282,sotto_media
202,Torcegno,679,120,288,-168,15.277777777777779,29.54859943341843,-14.270821655640653,-0.9702634832723305,sotto_media,63.33333333333333,52.96274518634444,10.370588146988887,0.6497335660275697,sopra_media,0.47128129602356406,0.40950866689822235,0.061772629125341705,0.5311002977507651,sopra_media,0.4166666666666667,0.6886917325833647,-0.272025065916698,-0.7220456052569254,sotto_media,54.862375,57.025571385542165,-2.1631963855421645,-0.13273877708772652,sotto_media,53.75,54.184412650602404,-0.43441265060240397,-0.02550444485272544,sotto_media
203,Trambileno,1468,128,587,-459,10.732538330494037,29.54859943341843,-18.816061102924394,-1.2792912298761994,sotto_media,50.78125,52.96274518634444,-2.181495186344442,-0.13667408507656273,sotto_media,0.40122615803814715,0.40950866689822235,-0.0082825088600752,-0.07121022666501173,sotto_media,0.21805792163543442,0.6886917325833647,-0.4706338109479303,-1.2492197133933762,sotto_media,41.2539375,57.025571385542165,-15.771633885542165,-0.9677842514134551,sotto_media,36.375,54.184412650602404,-17.809412650602404,-1.0455938200161756,sotto_media
247,Tre Ville,1385,303,523,-220,19.120458891013385,29.54859943341843,-10.428140542405046,-0.7090022011961795,sotto_media,66.996699669967,52.96274518634444,14.033954483622558,0.8792491961760341,sopra_media,0.451985559566787,0.40950866689822235,0.042476892668564636,0.3652020427692485,sopra_media,0.5793499043977055,0.6886917325833647,-0.10934182818565918,-0.29022982218995125,sotto_media,55.212875,57.025571385542165,-1.8126963855421678,-0.11123127934956481,sotto_media,54.375,54.184412650602404,0.19058734939759603,0.01118941756322601,sopra_media
205,Trento,118363,73900,46448,27452,80.89261109197382,29.54859943341843,51.34401165855539,3.4908445217178126,sopra_media,49.156968876860624,52.96274518634444,-3.805776309483818,-0.23843783766325038,sotto_media,0.3818929902080887,0.40950866689822235,-0.02761567669013365,-0.2374303040098702,sotto_media,1.5910265242852222,0.6886917325833647,0.9023347917018575,2.3950986598355093,sopra_media,34.33813333333334,57.025571385542165,-22.687438052208826,-1.392154130078659,sotto_media,31.0,54.184412650602404,-23.184412650602404,-1.3611610367933582,sotto_media
232,Valdaone,1145,149,412,-263,14.077669902912621,29.54859943341843,-15.47092953050581,-1.0518580035506337,sotto_media,61.07382550335571,52.96274518634444,8.111080317011265,0.5081718668229943,sopra_media,0.388646288209607,0.40950866689822235,-0.020862378688615346,-0.17936771819814518,sotto_media,0.3616504854368932,0.6886917325833647,-0.3270412471464715,-0.8680769709368117,sotto_media,72.0523125,57.025571385542165,15.026741114457835,0.9220758930988492,sopra_media,72.25,54.184412650602404,18.065587349397596,1.0606338826594375,sopra_media
209,Valfloriana,466,35,158,-123,16.455696202531644,29.54859943341843,-13.092903230886787,-0.8901776086541296,sotto_media,25.71428571428571,52.96274518634444,-27.24845947205873,-1.7071585999371575,sotto_media,0.30257510729613735,0.40950866689822235,-0.106933559602085,-0.9193787952424693,sotto_media,0.22151898734177214,0.6886917325833647,-0.4671727452415926,-1.2400328861635213,sotto_media,55.719375,57.025571385542165,-1.3061963855421652,-0.08015125765376147,sotto_media,56.6875,54.184412650602404,2.503087349397596,0.14695670850224637,sopra_media
210,Vallarsa,1374,137,494,-357,21.65991902834008,29.54859943341843,-7.88868040507835,-0.5363460291880361,sotto_media,21.897810218978105,52.96274518634444,-31.064934967366337,-1.9462667583247826,sotto_media,0.3034934497816594,0.40950866689822235,-0.10601521711656298,-0.911483195291425,sotto_media,0.2773279352226721,0.6886917325833647,-0.4113637973606926,-1.0918972523548465,sotto_media,56.3835,57.025571385542165,-0.6420713855421667,-0.0393989982090917,sotto_media,51.8125,54.184412650602404,-2.371912650602404,-0.13925541834217492,sotto_media
248,Vallelaghi,5168,843,2095,-1252,18.663484486873507,29.54859943341843,-10.885114946544924,-0.7400715809296025,sotto_media,53.618030842230134,52.96274518634444,0.6552856558856917,0.04105467114600878,sopra_media,0.4171826625386997,0.40950866689822235,0.007673995640477327,0.0659784345802367,sopra_media,0.40238663484486875,0.6886917325833647,-0.28630509773849594,-0.7599495909985031,sotto_media,38.0606875,57.025571385542165,-18.964883885542164,-1.1637295214630572,sotto_media,35.375,54.184412650602404,-18.809412650602404,-1.104303999881698,sotto_media
213,Vermiglio,1821,358,576,-218,46.00694444444444,29.54859943341843,16.45834501102601,1.118991712224505,sopra_media,25.977653631284912,52.96274518634444,-26.98509155505953,-1.6906581880546523,sotto_media,0.22185612300933552,0.40950866689822235,-0.18765254388888683,-1.6133734850568415,sotto_media,0.6215277777777778,0.6886917325833647,-0.0671639548055869,-0.17827562410700598,sotto_media,85.118625,57.025571385542165,28.09305361445783,1.7238553126134475,sopra_media,78.75,54.184412650602404,24.565587349397596,1.4422500517853325,sopra_media
216,Vignola-Falesina,181,35,87,-52,16.091954022988507,29.54859943341843,-13.456645410429925,-0.914908192684454,sotto_media,60.0,52.96274518634444,7.037254813655558,0.44089501967626504,sopra_media,0.5193370165745856,0.40950866689822235,0.10982834967636329,0.9442672270956061,sopra_media,0.40229885057471265,0.6886917325833647,-0.28639288200865204,-0.7601825998437112,sotto_media,44.056375,57.025571385542165,-12.969196385542162,-0.7958201481535686,sotto_media,43.125,54.184412650602404,-11.059412650602404,-0.6493001059239001,sotto_media
222,Villa Lagarina,3853,707,1585,-878,14.511041009463725,29.54859943341843,-15.037558423954707,-1.0223933960081761,sotto_media,67.46817538896747,52.96274518634444,14.505430202623025,0.9087878873148322,sopra_media,0.4754736568907345,0.40950866689822235,0.06596498999251216,0.5671448070481596,sopra_media,0.44605678233438484,0.6886917325833647,-0.24263495024897985,-0.6440343977810412,sotto_media,37.825875,57.025571385542165,-19.19969638554216,-1.1781381642951316,sotto_media,31.5,54.184412650602404,-22.684412650602404,-1.331805946860597,sotto_media
249,Ville d'Anaunia,4733,1100,1735,-635,32.27665706051873,29.54859943341843,2.7280576271002985,0.1854787873963629,sopra_media,49.09090909090909,52.96274518634444,-3.8718360954353486,-0.2425765865643692,sotto_media,0.36234946122966405,0.40950866689822235,-0.0471592056685583,-0.4054589957866284,sotto_media,0.6340057636887608,0.6886917325833647,-0.054685968894603865,-0.14515487157958207,sotto_media,52.62075,57.025571385542165,-4.404821385542164,-0.2702901169373904,sotto_media,48.125,54.184412650602404,-6.059412650602404,-0.3557492065962885,sotto_media
254,Ville di Fiemme,2634,410,1014,-604,23.274161735700197,29.54859943341843,-6.274437697718234,-0.42659476259077506,sotto_media,42.4390243902439,52.96274518634444,-10.523720796100541,-0.6593275659793905,sotto_media,0.36142748671222474,0.40950866689822235,-0.04808118018599761,-0.4133858227270371,sotto_media,0.40433925049309666,0.6886917325833647,-0.28435248209026803,-0.7547666952870079,sotto_media,68.07675,57.025571385542165,11.05117861445784,0.6781261028658356,sopra_media,62.3125,54.184412650602404,8.128087349397596,0.4772014702458094,sopra_media
224,Volano,3042,906,1294,-388,20.09273570324575,29.54859943341843,-9.45586373017268,-0.6428977603093704,sotto_media,71.30242825607064,52.96274518634444,18.3396830697262,1.1490098258475772,sopra_media,0.5522682445759369,0.40950866689822235,0.14275957767771458,1.2273988542330523,sopra_media,0.7001545595054096,0.6886917325833647,0.011462826922044922,0.030426180671960085,sopra_media,37.1983125,57.025571385542165,-19.827258885542165,-1.2166468634372296,sotto_media,35.5625,54.184412650602404,-18.621912650602404,-1.0932958411569127,sotto_media
226,Ziano di Fiemme,1757,747,649,98,32.357473035439135,29.54859943341843,2.8088736020207037,0.1909734107069505,sopra_media,71.8875502008032,52.96274518634444,18.924805014458762,1.1856686307604365,sopra_media,0.5554923164484917,0.40950866689822235,0.14598364955026938,1.2551183402858366,sopra_media,1.1510015408320493,0.6886917325833647,0.4623098082486846,1.2271250231600224,sopra_media,70.6775625,57.025571385542165,13.651991114457829,0.8377180257221353,sopra_media,69.1875,54.184412650602404,15.003087349397596,0.8808339568212753,sopra_media
