Unnamed: 0,Ala,Albiano,Aldeno,Altavalle,Altopiano della Vigolana,Amblar-Don,Andalo,Arco,Avio,Baselga di Pinè,Bedollo,Besenello,Bieno,Bleggio Superiore,Bocenago,Bondone,Borgo Chiese,Borgo Lares,Borgo Valsugana,Borgo d'Anaunia,Brentonico,Bresimo,Caderzone Terme,Calceranica al Lago,Caldes,Caldonazzo,Calliano,Campitello di Fassa / Ciampedel,Campodenno,Canal San Bovo,Canazei / Cianacei,Capriana,Carisolo,Carzano,Castel Condino,Castel Ivano,Castello Tesino,Castello-Molina di Fiemme,Castelnuovo,Cavalese,Cavareno,Cavedago,Cavedine,Cavizzana,Cembra Lisignago,Cimone,Cinte Tesino,Cis,Civezzano,Cles,Comano Terme,Commezzadura,Contà,Croviana,Dambel,Denno,Dimaro Folgarida,Drena,Dro,Fai della Paganella,Fiavè,Fierozzo / Vlarotz,Folgaria,Fornace,Frassilongo / Garait,Garniga Terme,Giovo,Giustino,Grigno,Imer,Isera,Lavarone,Lavis,Ledro,Levico Terme,Livo,Lona-Lases,Luserna / Lusérn,Madruzzo,Malé,Massimeno,Mazzin / Mazin,Mezzana,Mezzano,Mezzocorona,Mezzolombardo,Moena / Moena,Molveno,Mori,Nago-Torbole,Nogaredo,Nomi,Novaledo,Novella,Ospedaletto,Ossana,Palù del Fersina / Palai en Bernstol,Panchià,Peio,Pellizzano,Pelugo,Pergine Valsugana,Pieve Tesino,Pieve di Bono-Prezzo,Pinzolo,Pomarolo,Porte di Rendena,Predaia,Predazzo,Primiero San Martino di Castrozza,Rabbi,Riva del Garda,Romeno,Roncegno Terme,Ronchi Valsugana,Ronzo-Chienis,Ronzone,Rovereto,Roverè della Luna,Ruffrè-Mendola,Rumo,Sagron Mis,Samone,San Giovanni di Fassa / Sèn Jan,San Lorenzo Dorsino,San Michele all'Adige,Sant'Orsola Terme,Sanzeno,Sarnonico,Scurelle,Segonzano,Sella Giudicarie,Sfruz,Soraga di Fassa / Soraga,Sover,Spiazzo,Spormaggiore,Sporminore,Stenico,Storo,Strembo,Telve,Telve di Sopra,Tenna,Tenno,Terragnolo,Terre d'Adige,Terzolas,Tesero,Tione di Trento,Ton,Torcegno,Trambileno,Tre Ville,Trento,Valdaone,Valfloriana,Vallarsa,Vallelaghi,Vermiglio,Vignola-Falesina,Villa Lagarina,Ville d'Anaunia,Ville di Fiemme,Volano,Ziano di Fiemme
Ala,0,45,30,50,45,71,57,28,8,50,59,28,77,53,78,72,66,63,67,71,16,76,79,50,71,52,26,119,50,124,121,67,83,72,74,72,85,68,70,71,67,53,41,72,48,33,83,67,40,59,53,80,53,75,66,50,78,36,31,50,48,54,39,46,50,36,41,80,78,131,15,52,36,44,58,69,48,62,44,74,82,115,83,132,39,40,103,64,11,19,20,23,60,66,72,88,59,90,99,86,73,42,82,71,82,21,70,58,94,121,81,28,65,65,69,26,69,16,46,74,79,149,75,111,55,37,52,58,69,72,55,76,66,106,64,74,47,49,53,60,78,71,74,57,35,31,37,73,76,66,49,72,17,62,31,75,70,33,46,91,51,19,60,73,21,90
Albiano,45,0,28,13,26,54,40,48,44,12,21,30,43,49,67,94,77,54,33,55,49,59,67,20,54,22,31,74,33,90,77,30,72,38,79,38,51,37,36,40,50,36,37,55,14,31,49,50,15,43,41,63,36,58,49,33,61,43,42,33,47,27,44,9,22,34,19,69,44,97,35,39,13,69,25,52,3,39,31,58,70,70,66,91,24,23,59,44,39,48,32,34,26,50,38,71,27,45,82,69,61,15,48,72,70,32,58,41,49,76,64,55,48,31,35,48,53,34,29,57,62,102,41,66,47,20,24,41,52,38,10,65,49,61,19,63,30,32,45,82,66,37,40,21,57,49,17,56,43,55,32,38,38,51,18,73,26,53,28,74,25,30,43,43,35,45
Aldeno,30,28,0,35,16,53,39,37,27,31,39,12,48,44,62,81,72,50,38,54,30,58,62,20,53,23,10,100,32,95,102,52,67,43,74,43,56,62,41,54,49,35,33,54,34,3,54,49,21,42,36,62,35,57,48,32,60,38,40,32,43,35,24,26,31,6,26,64,49,102,15,35,20,53,28,51,28,43,26,56,66,96,65,103,21,22,84,43,20,29,12,8,31,48,43,70,40,70,81,68,56,23,53,67,65,10,53,40,74,101,63,37,47,36,40,20,52,14,28,56,61,120,46,92,42,20,33,40,51,43,36,61,48,87,45,58,29,31,40,69,61,42,45,28,44,27,20,55,68,51,31,43,18,46,12,68,51,34,23,73,32,11,42,55,14,71
Altavalle,50,13,35,0,33,54,40,54,47,26,28,36,50,55,73,101,83,61,40,54,52,59,74,27,54,29,37,63,33,88,65,17,78,45,86,45,58,25,43,29,50,36,44,55,1,38,56,50,21,42,48,63,36,58,49,33,60,49,49,32,54,39,51,15,29,41,9,75,51,82,38,46,14,76,32,52,9,46,38,57,77,59,66,80,21,22,47,44,42,51,35,41,33,49,45,71,34,34,82,69,68,22,55,79,77,35,64,41,38,64,64,61,48,38,42,55,52,37,26,57,61,90,48,55,53,18,31,41,51,45,6,72,49,50,17,69,30,32,51,89,72,44,47,28,64,56,19,56,32,62,32,45,41,57,25,79,23,56,34,74,32,33,43,31,41,34
Altopiano della Vigolana,45,26,16,33,0,61,47,48,43,24,33,18,33,49,67,97,77,55,22,62,46,67,67,5,61,8,19,95,40,79,97,50,72,28,80,27,41,57,26,61,57,43,38,63,34,19,39,57,17,50,42,70,43,65,56,40,68,43,43,40,48,25,21,21,20,22,30,69,34,87,31,20,24,69,13,59,23,28,32,65,71,91,73,88,30,32,79,51,36,44,28,23,16,57,28,78,30,65,89,76,62,13,37,72,71,27,58,49,70,96,71,53,55,21,25,36,60,29,40,65,69,105,31,87,47,31,23,48,59,28,31,66,57,82,41,63,37,39,45,83,66,27,29,13,58,33,28,63,64,56,39,28,33,51,14,73,46,47,28,81,21,27,50,63,23,66
Amblar-Don,71,54,53,54,61,0,40,75,68,61,70,57,81,70,79,114,97,75,71,6,73,34,78,59,34,61,58,89,30,124,92,68,73,76,99,76,89,59,74,62,2,36,64,35,52,56,87,29,52,20,63,42,29,38,12,26,40,70,69,36,69,65,72,57,61,59,45,76,82,118,58,80,41,96,62,27,56,77,58,37,78,85,46,116,33,31,84,44,63,72,56,62,64,20,77,51,70,70,62,48,83,53,86,92,74,56,77,22,74,101,44,82,6,69,73,73,4,57,40,9,27,127,79,81,53,35,63,12,4,77,60,85,22,83,70,82,30,30,62,102,80,75,78,59,80,76,37,35,67,75,30,77,62,70,46,93,69,77,55,54,63,54,22,63,62,70
Andalo,57,40,39,40,47,40,0,43,55,47,56,43,68,30,46,74,57,35,57,41,66,46,46,45,41,47,44,101,19,114,103,57,51,63,59,62,76,60,61,64,36,4,37,42,39,42,74,36,39,29,23,49,22,44,36,19,47,42,38,7,29,52,59,43,47,46,31,48,69,119,45,66,28,59,49,38,42,64,33,44,50,97,52,118,20,17,85,4,49,49,42,48,51,36,63,58,56,71,69,55,40,40,72,52,49,42,37,28,76,102,51,48,34,56,60,62,39,44,27,44,48,128,66,93,13,21,50,28,38,63,46,45,36,88,57,42,9,20,21,62,45,62,64,45,40,63,23,42,69,35,20,63,48,30,32,53,63,63,33,61,49,40,30,65,48,72
Arco,28,48,37,54,48,75,43,0,35,51,60,36,71,26,52,49,43,36,61,76,26,81,53,49,76,51,34,118,54,118,120,72,57,66,51,66,79,80,64,84,71,47,16,77,54,41,77,71,41,64,26,92,57,79,71,54,90,11,6,51,22,55,48,47,51,45,46,54,72,125,22,61,40,21,53,73,49,71,19,79,56,114,96,126,44,46,102,39,17,9,27,30,54,71,67,101,60,88,112,99,47,43,76,48,56,28,43,63,93,119,86,6,69,59,64,22,74,25,51,79,83,144,69,110,30,43,53,63,73,67,56,50,71,105,65,48,53,53,28,37,52,65,68,49,9,40,42,77,87,40,54,67,27,36,33,58,72,44,21,104,53,26,65,78,31,89
Avio,8,44,27,47,43,68,55,35,0,49,58,28,70,59,85,79,73,69,60,71,23,76,86,43,71,46,25,119,49,117,121,67,90,65,81,65,78,68,63,71,66,52,48,72,48,32,76,66,40,59,59,79,52,74,66,49,77,43,38,49,55,54,39,45,49,35,41,87,71,124,18,52,35,51,51,68,47,62,51,74,89,114,82,125,39,39,103,71,18,26,19,22,53,66,66,88,58,89,99,85,80,42,75,78,89,19,76,58,93,120,81,35,64,58,62,33,69,20,45,74,78,142,68,110,62,37,52,58,68,66,55,83,66,106,64,81,47,48,60,67,85,64,67,47,42,34,37,72,76,73,49,65,22,69,31,82,70,38,42,91,51,18,60,72,22,90
Baselga di Pinè,50,12,31,26,24,61,47,51,49,0,8,33,41,51,69,97,80,57,31,60,52,65,70,19,60,21,34,70,39,88,72,33,74,36,82,36,49,33,35,36,56,42,40,61,27,34,47,56,12,49,44,69,42,64,55,39,67,45,45,39,50,20,43,8,20,37,35,71,43,95,37,37,24,72,21,58,9,37,34,63,73,66,72,87,33,31,55,50,42,50,35,37,24,55,37,77,15,41,88,75,64,11,46,75,73,35,61,47,45,72,70,57,54,29,34,52,59,36,38,63,68,98,40,62,49,30,15,47,58,37,23,68,55,57,16,65,36,38,47,85,69,35,38,19,60,52,26,62,39,58,38,37,40,54,18,76,22,56,30,80,22,33,49,38,38,41
Bedollo,59,21,39,28,33,70,56,60,58,8,0,42,50,60,78,106,88,66,40,69,61,74,79,28,69,30,43,65,48,97,67,27,83,45,91,45,58,27,44,30,65,51,49,70,29,43,56,65,21,57,53,78,51,73,64,48,76,54,54,48,59,17,52,17,21,46,38,80,52,83,46,46,33,81,30,67,25,46,43,72,82,60,81,82,50,39,49,59,51,59,43,46,33,64,46,86,11,35,97,84,73,20,55,84,82,44,70,56,39,66,79,66,63,38,43,60,67,45,54,76,77,92,48,56,58,47,16,56,67,46,16,77,64,52,10,74,45,47,56,94,77,44,47,28,69,61,35,71,33,67,47,46,49,63,27,84,16,65,39,89,31,42,58,33,46,36
Besenello,28,30,12,36,18,57,43,36,28,33,42,0,51,46,64,79,73,52,40,58,29,63,65,23,58,26,2,102,36,97,105,55,69,46,77,45,59,65,44,68,54,39,35,59,36,15,57,53,23,46,39,66,40,62,53,36,64,40,39,37,45,37,15,29,33,19,29,66,52,105,14,28,23,52,31,55,31,38,29,61,68,98,70,106,25,28,87,48,19,27,11,6,34,53,46,75,42,73,86,72,59,26,55,70,68,10,55,45,77,104,68,36,51,39,43,29,56,12,31,61,65,123,49,94,44,23,36,45,55,46,39,63,53,89,48,60,34,36,42,67,63,45,47,31,43,20,24,59,71,53,36,46,16,48,14,70,54,30,25,78,35,10,47,71,6,73
Bieno,77,43,48,50,33,81,68,71,70,41,50,51,0,72,90,118,100,78,12,81,78,86,91,27,81,25,51,88,60,47,91,57,95,10,103,4,8,51,9,54,77,63,61,82,51,51,6,77,34,70,65,90,63,85,76,60,88,66,66,60,71,41,47,38,37,54,50,92,15,54,63,38,44,93,24,79,40,38,55,84,94,84,93,55,54,52,73,71,67,76,60,55,17,76,9,98,47,59,109,96,85,29,5,96,94,58,82,68,63,70,91,78,75,15,19,68,80,61,59,84,89,72,7,80,70,51,40,68,79,7,47,89,76,75,57,86,57,59,68,106,90,11,13,26,81,59,47,83,57,79,59,16,65,75,39,97,56,79,51,101,38,59,70,57,55,59
Bleggio Superiore,53,49,44,55,49,70,30,26,59,51,60,46,72,0,26,53,35,10,61,72,50,76,27,49,72,51,46,118,50,119,121,73,31,67,38,66,80,81,65,84,67,34,25,73,54,46,78,67,41,60,7,66,53,67,66,50,63,30,26,38,4,56,61,47,51,44,47,28,73,126,47,67,41,36,53,69,49,68,20,69,30,114,70,127,44,48,103,26,42,33,52,55,55,67,67,75,60,89,86,72,21,44,76,31,30,53,17,58,93,120,78,25,65,60,64,50,70,50,51,74,79,144,70,110,17,43,54,58,69,67,57,24,66,105,66,22,40,51,12,41,25,66,68,49,17,65,42,70,87,14,50,67,52,14,34,31,72,68,21,78,53,51,60,78,55,89
Bocenago,78,67,62,73,67,79,46,52,85,69,78,64,90,26,0,53,35,15,79,72,76,64,2,67,47,69,64,136,65,136,139,91,6,85,38,84,98,99,83,102,75,49,43,48,72,64,96,54,59,57,25,41,70,43,67,65,39,48,44,53,30,74,79,65,69,62,65,3,91,144,73,85,59,56,71,58,67,86,38,44,6,132,45,145,66,63,121,41,67,59,78,68,73,59,85,50,78,107,61,48,5,62,94,30,5,65,9,68,111,138,54,51,73,78,82,75,77,76,72,81,67,162,88,128,32,61,72,65,75,85,75,24,70,123,84,3,55,66,24,40,2,84,86,67,43,90,60,45,105,13,65,85,78,16,52,31,90,94,39,53,71,63,62,96,68,107
Bondone,72,94,81,101,97,114,74,49,79,97,106,79,118,53,53,0,18,42,107,115,69,115,53,95,99,97,77,164,94,164,167,119,58,113,26,112,126,127,111,130,111,78,65,100,100,88,124,106,87,103,53,93,97,94,110,94,90,60,55,82,57,102,91,93,97,92,93,55,119,172,66,104,87,27,99,109,95,114,66,96,57,160,96,173,94,92,149,70,61,52,71,74,101,111,113,102,106,135,113,99,47,90,122,24,57,72,44,102,139,166,105,44,109,106,110,69,113,69,101,118,119,190,116,156,60,89,100,102,113,113,103,30,110,151,112,49,84,94,52,12,52,112,114,95,48,84,88,97,133,40,94,113,71,44,80,28,118,87,67,105,99,70,104,124,74,135
Borgo Chiese,66,77,72,83,77,97,57,43,73,80,88,73,100,35,35,18,0,25,90,98,63,98,36,77,81,79,71,146,76,147,149,101,40,95,9,95,108,109,93,112,93,60,53,82,82,75,106,88,69,86,35,75,79,77,92,76,73,54,49,64,39,84,85,76,80,73,75,37,101,154,60,96,69,21,81,92,78,96,49,78,39,142,79,155,77,74,131,52,55,46,65,68,83,93,95,84,89,117,95,82,30,72,105,6,39,66,26,85,121,148,88,38,91,88,92,63,96,63,83,101,101,172,98,138,43,71,82,84,95,95,85,13,93,134,94,31,66,77,35,6,34,94,97,78,42,78,71,79,115,22,76,95,65,27,62,10,100,81,50,87,81,64,86,106,68,118
Borgo Lares,63,54,50,61,55,75,35,36,69,57,66,52,78,10,15,42,25,0,67,76,60,78,16,55,61,57,52,124,54,124,126,79,20,73,27,72,86,87,71,90,71,38,31,63,60,52,84,68,47,64,13,55,57,57,70,54,53,35,32,42,14,62,67,53,57,50,52,17,79,132,57,73,47,46,59,72,55,74,26,58,19,120,59,133,55,52,109,30,52,43,62,56,61,71,73,64,66,95,75,62,10,50,82,20,19,63,7,62,99,126,68,35,69,66,70,60,74,60,57,78,81,150,76,116,21,49,60,62,73,73,63,13,70,111,72,11,44,55,12,30,15,72,74,55,27,75,48,59,93,3,54,73,62,4,40,21,78,78,27,67,59,61,64,84,56,95
Borgo Valsugana,67,33,38,40,22,71,57,61,60,31,40,40,12,61,79,107,90,67,0,71,68,76,81,17,71,15,41,82,50,60,84,51,85,5,93,7,21,44,3,48,67,53,51,72,41,41,19,67,24,59,55,80,53,75,66,50,78,56,56,50,61,31,37,28,27,44,40,82,14,67,53,28,34,83,14,69,30,28,45,74,84,78,83,68,44,41,66,61,57,66,50,45,7,66,8,88,36,53,99,86,75,19,17,86,84,48,72,58,57,83,81,68,65,5,7,58,69,51,49,74,79,85,11,74,60,41,30,58,69,6,37,79,66,69,47,76,47,49,58,96,79,4,7,16,71,49,37,73,51,69,49,12,55,65,29,86,49,69,41,91,28,48,60,50,45,53
Borgo d'Anaunia,71,55,54,54,62,6,41,76,71,60,69,58,81,72,72,115,98,76,71,0,73,26,71,59,26,61,58,86,30,120,88,64,66,76,99,76,90,55,75,58,4,36,65,27,53,56,87,22,52,19,63,35,30,30,10,26,33,70,70,36,69,65,73,57,61,59,45,69,83,114,59,80,42,96,63,20,56,77,59,29,70,81,38,112,34,31,80,44,63,72,56,62,64,12,77,43,70,66,54,41,76,54,86,92,66,56,79,22,70,97,36,82,6,69,74,74,2,58,40,5,23,123,80,77,54,35,64,12,2,77,60,86,22,79,71,74,30,30,62,102,72,75,78,59,80,76,37,28,63,76,30,77,62,70,46,93,65,77,55,46,63,54,22,60,62,66
Brentonico,16,49,30,52,46,73,66,26,23,52,61,29,78,50,76,69,63,60,68,73,0,78,79,51,73,54,27,120,51,125,123,69,84,73,74,73,87,70,72,73,68,54,42,74,50,33,84,68,42,61,53,81,54,76,68,51,79,37,32,51,48,56,41,47,51,36,43,81,80,132,15,53,37,44,59,70,49,63,45,76,83,116,84,134,41,41,105,65,10,20,20,23,61,68,74,90,60,91,101,87,73,44,83,72,83,21,70,60,95,122,83,28,66,67,71,27,71,18,47,76,80,151,77,112,55,39,54,60,70,74,57,77,68,108,66,75,49,50,53,60,78,72,75,49,36,33,39,74,78,67,51,74,20,63,33,76,72,36,46,93,53,19,62,74,23,92
Bresimo,76,59,58,59,67,34,46,81,76,65,74,63,86,76,64,115,98,78,76,26,78,0,63,64,18,66,64,116,33,134,118,77,58,82,100,82,95,80,80,83,30,42,70,19,58,62,93,10,58,16,69,27,29,22,22,32,25,75,75,42,75,71,78,63,67,65,51,61,88,139,64,86,47,102,68,6,62,83,64,21,62,112,30,137,39,36,105,50,69,77,61,67,70,13,82,35,76,91,46,33,68,59,92,93,58,62,71,28,95,122,28,88,28,75,79,79,31,63,46,36,14,148,85,108,59,41,69,22,29,82,65,86,30,109,76,66,36,36,67,103,64,81,84,65,86,82,43,20,88,76,35,82,67,78,52,94,82,83,60,38,68,60,21,85,67,91
Caderzone Terme,79,67,62,74,67,78,46,53,86,70,79,65,91,27,2,53,36,16,81,71,79,63,0,68,46,70,65,137,66,137,139,91,5,85,38,85,98,99,83,103,74,50,44,47,73,65,96,53,60,56,25,40,68,42,66,66,38,48,44,54,31,74,79,66,70,63,65,2,91,144,73,86,59,57,72,57,68,86,39,43,4,133,44,145,66,64,121,42,68,59,78,68,73,58,86,49,79,107,60,47,5,62,95,31,4,66,9,67,112,138,53,51,72,78,83,76,76,76,73,80,66,163,88,129,32,62,72,64,74,86,75,24,69,124,84,4,56,66,24,41,1,84,87,68,43,91,61,44,105,14,66,86,78,16,52,32,91,94,40,52,72,64,61,97,68,108
Calceranica al Lago,50,20,20,27,5,59,45,49,43,19,28,23,27,49,67,95,77,55,17,59,51,64,68,0,59,2,24,89,38,74,92,44,73,22,81,22,35,52,20,55,55,41,39,60,29,24,33,55,11,47,43,68,41,63,54,38,65,44,44,38,49,19,26,15,15,27,27,70,28,81,36,22,22,73,8,57,17,22,33,62,72,85,71,82,32,29,74,49,40,49,33,27,10,54,22,76,24,60,87,74,63,7,32,74,72,31,59,46,64,91,69,57,53,15,19,41,57,33,37,62,66,99,25,81,48,29,18,46,56,22,25,67,54,76,35,64,35,37,46,84,67,21,24,7,59,37,25,60,58,57,37,22,38,52,17,74,41,52,29,79,16,31,48,57,28,60
Caldes,71,54,53,54,61,34,41,76,71,60,69,58,81,72,47,99,81,61,71,26,73,18,46,59,0,61,58,116,28,129,118,71,41,77,83,77,90,75,75,78,30,36,65,3,53,57,88,9,53,11,63,10,24,5,22,26,8,70,70,37,69,66,73,57,61,60,45,43,83,134,59,80,42,102,63,12,56,78,59,4,45,112,13,132,34,31,99,45,63,72,56,62,65,14,77,18,70,85,29,16,50,54,86,76,41,57,54,23,90,117,11,82,28,70,74,74,31,58,41,36,21,143,80,108,54,36,64,19,29,77,60,69,24,110,71,49,31,30,62,86,47,76,78,59,81,77,37,3,83,59,30,77,62,61,47,77,77,78,55,21,63,55,16,79,62,86
Caldonazzo,52,22,23,29,8,61,47,51,46,21,30,26,25,51,69,97,79,57,15,61,54,66,70,2,61,0,27,91,39,71,93,46,75,20,82,19,33,53,18,57,56,42,41,62,30,27,31,56,13,49,44,69,42,64,56,39,67,46,46,39,51,21,24,17,16,30,29,72,26,79,39,19,23,76,5,58,19,19,34,64,74,87,72,80,34,31,75,51,43,52,36,30,8,56,20,78,26,62,89,75,64,9,29,75,73,34,61,48,66,95,71,60,54,13,17,44,59,36,39,64,68,97,23,83,50,30,20,48,58,20,27,69,56,78,37,66,37,38,48,85,69,19,21,5,61,35,27,62,60,59,39,20,40,54,19,76,42,55,31,81,18,34,50,59,30,62
Calliano,26,31,10,37,19,58,44,34,25,34,43,2,51,46,64,77,71,52,41,58,27,64,65,24,58,27,0,103,37,98,105,55,70,46,79,46,59,66,44,69,54,40,36,60,37,13,57,54,24,47,39,67,40,62,53,37,65,42,37,37,46,38,14,30,34,16,29,67,53,105,12,27,23,49,32,56,32,37,29,62,69,99,70,106,25,29,88,48,16,25,9,3,34,54,47,75,43,74,86,73,59,26,56,70,68,7,56,46,78,105,68,34,52,39,44,27,57,10,32,62,66,124,49,95,45,24,36,45,56,47,39,64,54,90,48,61,34,36,43,65,64,45,48,31,41,18,25,60,72,54,36,47,14,49,15,71,55,28,26,78,36,7,47,71,4,74
Campitello di Fassa / Ciampedel,119,74,100,63,95,89,101,118,119,70,65,102,88,118,136,164,146,124,82,86,120,116,137,89,116,91,103,0,93,76,2,49,141,78,148,83,97,42,79,39,87,96,106,117,63,100,95,112,82,104,110,124,96,120,94,93,122,112,111,92,116,78,113,76,82,103,72,138,90,69,100,108,77,138,92,109,71,108,100,119,140,4,128,68,80,83,17,104,104,113,97,104,88,102,85,133,73,31,144,130,130,81,93,141,139,98,127,101,25,52,126,124,89,86,82,117,84,99,74,80,108,78,92,8,113,78,77,95,86,81,63,134,105,12,54,132,90,92,114,151,135,77,76,89,126,118,82,117,34,124,92,79,103,120,88,142,48,119,97,136,92,96,103,43,104,30
Campodenno,50,33,32,33,40,30,19,54,49,39,48,36,60,50,65,94,76,54,50,30,51,33,66,38,28,39,37,93,0,107,96,50,68,56,79,55,69,53,54,57,26,15,44,29,32,35,67,24,32,17,42,37,4,32,26,5,35,49,49,16,48,45,52,36,40,38,24,67,62,112,38,59,21,75,42,26,35,57,38,32,69,89,40,111,13,10,78,23,42,51,35,41,44,23,56,45,49,64,56,43,60,33,65,71,69,35,57,18,68,95,38,61,24,49,53,53,29,37,19,34,36,121,59,85,33,14,43,18,28,56,39,65,26,81,50,61,9,5,41,81,65,55,57,38,59,56,16,30,61,55,13,56,41,49,25,72,56,56,34,48,42,33,12,58,41,65
Canal San Bovo,124,90,95,88,79,124,114,118,117,88,97,97,47,119,136,164,147,124,60,120,125,134,137,74,129,71,98,76,107,0,78,75,142,57,150,52,32,67,56,64,121,110,108,129,89,98,44,124,81,117,112,137,110,132,123,107,135,113,113,107,118,88,94,85,84,101,97,139,43,7,110,85,91,140,71,126,87,86,102,132,141,71,140,8,101,99,60,118,114,123,107,102,64,124,56,145,94,56,156,143,132,76,42,143,141,106,129,115,50,23,138,125,122,62,66,115,118,108,99,114,136,25,54,67,118,98,87,115,120,54,88,136,123,63,79,133,104,106,116,153,137,59,60,73,128,106,94,130,59,126,106,63,112,122,86,144,73,126,98,148,85,106,117,68,102,55
Canazei / Cianacei,121,77,102,65,97,92,103,120,121,72,67,105,91,121,139,167,149,126,84,88,123,118,139,92,118,93,105,2,96,78,0,52,143,80,151,86,99,44,82,41,90,98,109,119,66,103,97,114,84,106,113,127,98,122,96,95,125,114,114,95,119,80,116,78,85,106,74,140,93,72,103,110,79,141,94,112,73,110,103,122,142,6,130,70,82,85,20,106,107,116,100,106,91,104,87,135,75,34,146,133,133,84,96,144,142,100,130,104,27,55,128,126,92,89,84,120,87,102,77,83,110,81,94,10,116,81,80,98,89,83,66,137,108,15,57,134,92,94,116,154,137,79,79,92,129,121,84,120,36,127,94,81,106,122,90,144,50,121,99,138,94,98,105,45,106,32
Capriana,67,30,52,17,50,68,57,72,67,33,27,55,57,73,91,119,101,79,51,64,69,77,91,44,71,46,55,49,50,75,52,0,95,47,103,53,66,12,49,15,65,53,61,72,18,55,64,67,38,60,65,80,53,75,66,50,78,66,66,50,71,41,68,32,45,58,26,92,60,68,55,63,32,93,49,69,27,63,55,75,94,46,83,67,39,40,34,61,59,68,52,58,50,67,54,88,36,20,99,86,85,39,62,96,94,52,82,58,24,51,81,78,67,55,51,72,62,54,51,58,79,77,61,42,71,35,40,58,64,50,26,89,66,37,17,86,47,49,68,106,90,46,45,45,81,73,37,73,18,79,49,48,58,75,42,97,14,73,51,91,49,50,60,18,58,21
Carisolo,83,72,67,78,72,73,51,57,90,74,83,69,95,31,6,58,40,20,85,66,84,58,5,73,41,75,70,141,68,142,143,95,0,90,43,90,103,104,88,107,69,55,48,42,77,70,101,48,64,51,30,35,63,36,61,66,33,53,49,58,35,79,84,70,75,68,70,3,96,149,78,91,64,61,76,52,73,91,44,38,5,137,39,150,71,68,126,47,73,64,83,73,78,53,90,44,84,112,55,41,10,67,100,36,1,70,14,62,116,143,47,56,67,83,87,81,70,81,78,75,61,167,93,133,37,66,77,59,69,90,80,29,64,128,89,9,60,71,29,46,7,89,92,73,48,96,66,39,110,18,70,90,83,21,57,36,95,99,44,47,76,69,56,101,73,112
Carzano,72,38,43,45,28,76,63,66,65,36,45,46,10,67,85,113,95,73,5,76,73,82,85,22,77,20,46,78,56,57,80,47,90,0,98,5,19,41,3,44,72,58,56,78,46,46,17,72,29,65,60,85,58,80,71,55,83,62,61,55,66,36,43,33,32,49,45,88,14,65,58,34,39,88,19,74,35,34,50,80,89,74,88,66,50,47,63,66,63,71,55,50,12,72,8,93,42,49,104,91,80,25,15,91,89,54,77,64,53,81,86,74,70,10,9,63,75,56,54,80,84,83,9,70,66,46,35,63,74,3,42,84,72,65,52,82,52,54,64,101,85,1,3,21,76,54,42,78,47,74,54,6,60,70,35,92,46,74,47,96,34,54,65,47,50,49
Castel Condino,74,79,74,86,80,99,59,51,81,82,91,77,103,38,38,26,9,27,93,99,74,100,38,81,83,82,79,148,79,150,151,103,43,98,0,97,111,111,96,115,96,63,56,85,85,77,108,91,72,88,37,78,82,79,95,79,75,60,56,66,42,86,91,78,82,75,77,40,104,157,68,98,71,30,84,94,80,98,51,81,42,145,81,158,79,76,133,55,63,55,73,76,85,96,98,86,91,120,97,84,32,75,107,9,41,74,28,87,124,151,90,46,94,91,95,71,98,71,86,103,104,175,101,141,45,74,85,87,97,98,88,15,95,136,97,34,69,79,37,14,37,96,99,80,50,86,73,81,118,25,79,98,73,29,64,13,103,89,52,89,84,72,89,109,76,120
Castel Ivano,72,38,43,45,27,76,62,66,65,36,45,45,4,66,84,112,95,72,7,76,73,82,85,22,77,19,46,83,55,52,86,53,90,5,97,0,13,46,4,49,72,58,56,77,46,46,11,72,29,65,60,85,58,80,71,55,83,61,61,55,66,36,42,33,32,49,45,87,10,59,58,33,39,88,19,74,35,33,50,79,89,79,88,60,49,47,68,66,62,71,55,50,12,71,4,93,42,54,104,91,80,24,9,91,89,54,77,63,58,75,86,73,70,10,14,63,75,56,54,79,84,77,3,75,65,46,35,63,74,2,42,84,71,70,52,81,52,54,63,101,85,6,8,21,76,54,42,78,52,74,54,11,60,70,34,92,51,74,46,96,33,54,65,52,50,54
Castello Tesino,85,51,56,58,41,89,76,79,78,49,58,59,8,80,98,126,108,86,21,90,87,95,98,35,90,33,59,97,69,32,99,66,103,19,111,13,0,59,17,62,85,71,69,90,59,59,5,85,42,78,73,98,71,93,84,68,96,74,74,68,79,49,55,46,45,62,58,100,10,39,71,46,52,101,32,87,48,47,63,92,102,92,101,40,62,60,81,79,75,84,68,63,25,84,17,106,55,67,117,104,93,37,3,104,102,67,90,76,71,55,99,86,83,23,27,76,88,69,67,92,97,57,15,88,78,59,48,76,87,15,55,97,84,83,65,94,65,67,76,114,98,19,21,34,89,67,55,91,65,87,67,24,73,83,47,105,64,87,59,109,46,67,78,65,63,67
Castello-Molina di Fiemme,68,37,62,25,57,59,60,80,68,33,27,65,51,81,99,127,109,87,44,55,70,80,99,52,75,53,66,42,53,67,44,12,104,41,111,46,59,0,42,3,56,56,69,75,26,63,57,70,44,62,73,83,56,78,63,53,81,74,74,53,79,40,76,38,45,66,34,100,53,61,63,70,39,101,54,72,33,70,63,77,102,38,86,59,40,43,26,64,67,76,60,66,51,71,47,91,35,10,102,89,93,44,56,104,102,60,90,61,17,44,84,86,58,49,45,80,53,62,34,49,77,70,54,34,73,39,40,61,55,43,26,97,69,29,17,94,50,52,76,114,97,40,39,52,89,81,43,76,7,87,52,42,66,82,50,104,10,81,59,94,54,58,63,5,66,12
Castelnuovo,70,36,41,43,26,74,61,64,63,35,44,44,9,65,83,111,93,71,3,75,72,80,83,20,75,18,44,79,54,56,82,49,88,3,96,4,17,42,0,46,69,55,53,74,43,43,15,69,25,61,57,81,55,77,68,52,79,58,58,52,63,33,39,29,29,46,41,84,11,63,55,30,36,84,16,71,31,30,47,76,86,76,85,64,46,43,64,63,59,68,52,46,9,68,5,90,38,51,101,87,77,21,14,87,86,50,73,60,55,79,83,70,67,6,12,60,71,52,51,76,80,81,7,72,62,43,32,60,70,2,39,81,68,67,49,78,49,51,60,98,81,2,5,17,73,50,39,74,49,71,51,8,57,66,31,88,47,71,43,93,30,50,62,48,47,51
Cavalese,71,40,54,29,61,62,64,84,71,36,30,68,54,84,102,130,112,90,48,58,73,83,103,55,78,57,69,39,57,64,41,15,107,44,115,49,62,3,46,0,59,59,72,79,29,66,60,73,47,66,76,86,59,81,66,56,84,77,77,56,82,44,79,42,48,69,37,103,56,57,66,73,43,104,57,75,36,73,66,81,105,34,89,56,43,46,23,67,70,79,63,69,54,74,50,94,38,7,105,92,96,47,59,107,105,63,93,65,13,40,87,89,61,52,47,83,57,65,37,52,80,66,57,30,77,42,43,64,59,46,29,100,72,26,20,97,53,55,79,117,101,42,42,55,92,84,48,79,4,90,55,45,69,86,53,108,13,84,62,97,58,61,66,4,69,9
Cavareno,67,50,49,50,57,2,36,71,66,56,65,54,77,67,75,111,93,71,67,4,68,30,74,55,30,56,54,87,26,121,90,65,69,72,96,72,85,56,69,59,0,32,60,31,48,52,83,25,48,16,59,38,25,34,8,22,36,66,65,32,65,61,68,53,57,55,41,72,78,115,54,76,37,92,58,23,52,73,54,33,74,83,42,114,29,27,81,40,59,67,52,58,60,16,73,47,66,67,58,44,79,49,82,88,70,52,73,18,71,98,40,78,2,65,69,69,2,53,36,7,25,124,75,79,49,31,59,8,1,73,56,81,18,81,66,78,26,26,58,98,76,71,74,55,76,72,33,31,64,71,25,72,57,66,42,89,66,73,51,50,59,50,18,61,58,68
Cavedago,53,36,35,36,43,36,4,47,52,42,51,39,63,34,49,78,60,38,53,36,54,42,50,41,36,42,40,96,15,110,98,53,55,58,63,58,71,56,55,59,32,0,41,38,35,38,70,32,34,25,26,45,18,40,31,15,43,46,42,7,33,47,55,39,43,41,27,52,65,115,41,62,24,63,45,34,38,59,36,40,54,92,48,114,16,13,81,8,45,53,38,44,47,32,59,54,52,67,65,51,44,36,68,56,53,38,41,24,71,98,46,52,30,52,56,56,35,40,22,40,44,124,62,88,17,17,46,24,34,59,42,49,32,84,53,46,5,16,25,66,49,58,60,41,44,59,19,38,64,39,15,59,44,33,28,57,59,59,37,57,45,36,26,61,44,68
Cavedine,41,37,33,44,38,64,37,16,48,40,49,35,61,25,43,65,53,31,51,65,42,70,44,39,65,41,36,106,44,108,109,61,48,56,56,56,69,69,53,72,60,41,0,66,43,30,67,61,30,53,18,74,47,69,60,44,71,5,10,44,24,45,50,36,40,26,35,45,62,115,35,56,30,37,42,63,38,57,6,68,47,103,77,116,33,35,92,33,30,22,40,39,44,60,56,82,49,78,93,80,38,33,65,48,47,41,34,52,82,109,75,23,59,49,53,35,63,39,40,68,72,133,59,99,23,32,43,52,62,56,46,42,60,94,55,39,41,43,21,53,42,55,57,38,25,53,31,66,76,32,43,56,41,27,23,49,61,57,10,85,42,39,54,67,39,78
Cavizzana,72,55,54,55,63,35,42,77,72,61,70,59,82,73,48,100,82,63,72,27,74,19,47,60,3,62,60,117,29,129,119,72,42,78,85,77,90,75,74,79,31,38,66,0,54,58,89,10,54,12,65,12,25,7,23,28,9,71,71,38,71,67,74,59,63,61,47,45,84,135,60,82,43,104,64,13,58,79,60,6,47,113,15,133,35,32,101,46,65,73,57,63,66,15,78,20,72,87,31,18,52,55,88,78,43,58,56,24,91,118,13,84,29,71,75,75,32,59,42,37,23,144,81,109,55,37,65,21,30,78,61,71,26,111,72,51,32,32,63,88,49,77,80,61,82,78,39,4,84,61,31,78,63,63,48,79,78,79,56,23,64,56,17,81,63,87
Cembra Lisignago,48,14,34,1,34,52,39,54,48,27,29,36,51,54,72,100,82,60,41,53,50,58,73,29,53,30,37,63,32,89,66,18,77,46,85,46,59,26,43,29,48,35,43,54,0,36,57,48,22,41,46,61,34,56,48,31,59,48,48,31,53,41,50,16,31,39,8,74,52,82,36,47,13,74,33,50,11,47,36,56,76,59,64,81,20,21,48,43,41,49,33,40,34,48,47,70,35,34,81,67,66,23,56,77,75,34,63,40,38,65,63,60,46,39,44,54,51,35,24,56,60,91,49,55,52,17,33,40,50,47,7,71,48,51,18,68,29,30,50,87,71,45,48,29,63,54,18,54,32,61,31,47,39,56,23,78,24,55,33,73,34,32,42,32,40,35
Cimone,33,31,3,38,19,56,42,41,32,34,43,15,51,46,64,88,75,52,41,56,33,62,65,24,57,27,13,100,35,98,103,55,70,46,77,46,59,63,43,66,52,38,30,58,36,0,57,52,24,45,40,65,38,60,52,35,63,35,44,35,46,38,27,30,34,3,30,67,53,105,18,38,24,60,32,54,32,46,30,60,69,99,68,106,25,25,88,47,23,36,15,11,34,52,47,74,43,74,85,71,60,26,56,71,69,13,57,44,78,105,67,44,50,39,44,19,55,17,31,60,64,124,49,95,45,23,36,44,54,47,39,64,52,90,48,61,33,34,43,76,64,45,48,31,52,30,23,58,72,54,35,47,21,50,15,71,55,37,26,77,36,14,46,58,17,74
Cinte Tesino,83,49,54,56,39,87,74,77,76,47,56,57,6,78,96,124,106,84,19,87,84,93,96,33,88,31,57,95,67,44,97,64,101,17,108,11,5,57,15,60,83,70,67,89,57,57,0,83,40,76,71,96,69,91,82,66,94,73,72,66,77,47,54,44,43,60,56,99,15,51,69,45,50,99,30,85,46,45,61,91,100,90,99,52,61,58,79,77,74,82,66,61,23,83,15,104,53,65,115,102,91,36,1,102,100,65,88,75,69,67,97,85,81,21,25,75,86,67,65,91,95,69,13,86,77,57,46,74,85,14,54,95,83,82,64,93,63,65,75,112,96,18,20,32,87,65,53,89,63,85,65,23,71,81,46,103,62,85,58,107,45,65,76,63,61,66
Cis,67,50,49,50,57,29,36,71,66,56,65,53,77,67,54,106,88,68,67,22,68,10,53,55,9,56,54,112,24,124,114,67,48,72,91,72,85,70,69,73,25,32,61,10,48,52,83,0,48,7,59,17,20,12,17,22,15,66,66,33,65,61,69,53,57,55,41,51,79,129,55,76,38,92,59,3,52,73,55,12,53,108,20,128,30,27,95,40,59,68,52,58,60,9,73,26,66,81,37,23,58,50,82,84,49,52,62,18,85,112,19,78,24,66,70,70,27,54,36,31,13,138,76,104,50,31,60,15,25,73,56,77,20,105,67,57,26,26,58,94,55,71,74,55,76,72,33,10,78,66,26,73,58,69,42,84,73,73,51,29,59,50,12,75,58,82
Civezzano,40,15,21,21,17,52,39,41,40,12,21,23,34,41,59,87,69,47,24,52,42,58,60,11,53,13,24,82,32,81,84,38,64,29,72,29,42,44,25,47,48,34,30,54,22,24,40,48,0,39,34,60,33,55,46,30,57,36,35,30,40,18,36,9,14,28,19,62,36,88,28,30,14,62,16,49,11,30,24,54,64,78,63,90,24,21,67,41,32,41,25,28,17,46,30,68,23,53,79,66,54,7,39,65,63,25,51,38,57,84,61,48,45,22,27,42,49,27,29,54,58,107,33,74,40,21,17,38,48,30,19,58,46,70,28,56,27,29,38,75,59,28,31,12,51,43,17,53,51,49,29,30,31,44,9,66,34,46,21,71,16,23,40,51,28,54
Cles,59,43,42,42,50,20,29,64,59,49,57,46,70,60,57,103,86,64,59,19,61,16,56,47,11,49,47,104,17,117,106,60,51,65,88,65,78,62,61,66,16,25,53,12,41,45,76,7,39,0,52,20,12,15,14,15,18,59,58,25,58,54,61,46,50,48,34,54,71,122,47,69,30,85,51,9,45,66,47,15,55,100,23,121,22,20,88,33,52,61,45,51,53,6,66,28,59,74,39,26,61,42,75,81,51,45,64,11,78,105,21,71,14,58,62,62,19,46,29,24,19,131,68,96,42,24,52,8,18,66,49,74,13,90,59,59,19,19,51,91,57,64,67,48,69,65,26,13,71,64,18,65,50,59,35,82,65,66,44,31,52,43,4,68,51,74
Comano Terme,53,41,36,48,42,63,23,26,59,44,53,39,65,7,25,53,35,13,55,63,53,69,25,43,63,44,39,110,42,112,113,65,30,60,37,60,73,73,57,76,59,26,18,65,46,40,71,59,34,52,0,65,46,66,59,43,62,22,19,31,6,48,53,40,44,37,39,27,66,119,47,60,33,36,46,62,42,60,13,68,29,107,68,120,37,41,95,19,42,33,40,43,48,59,60,74,53,82,85,71,19,37,69,30,28,40,16,51,86,113,77,25,58,53,57,50,62,50,44,67,72,137,63,103,9,36,47,51,62,60,50,24,59,98,59,21,33,43,4,40,24,59,61,42,17,57,35,69,80,14,43,60,52,9,26,31,65,68,14,77,46,38,53,71,43,82
Commezzadura,80,63,62,63,70,42,49,92,79,69,78,66,90,66,41,93,75,55,80,35,81,27,40,68,10,69,67,124,37,137,127,80,35,85,78,85,98,83,81,86,38,45,74,12,61,65,96,17,60,20,65,0,33,6,30,35,3,79,84,45,70,74,82,66,70,68,54,38,92,142,68,89,51,96,72,21,65,86,68,7,40,120,3,141,43,40,108,53,72,99,65,71,73,22,86,8,79,94,19,6,45,63,95,70,36,65,49,31,98,125,17,91,36,78,83,83,40,67,49,44,30,151,89,116,63,44,73,28,38,86,69,64,33,118,80,43,39,39,64,80,42,84,87,68,83,85,46,8,91,53,39,86,71,56,55,71,86,86,64,11,72,63,25,88,71,95
Contà,53,36,35,36,43,29,22,57,52,42,51,40,63,53,70,97,79,57,53,30,54,29,68,41,24,42,40,96,4,110,98,53,63,58,82,58,71,56,55,59,25,18,47,25,34,38,69,20,33,12,46,33,0,28,25,3,30,52,52,19,51,47,55,39,43,41,27,66,65,115,41,62,24,78,45,22,38,59,41,27,68,92,36,114,16,13,81,26,45,54,38,44,46,19,59,41,52,67,52,39,63,36,68,74,64,38,60,17,71,98,34,64,24,52,56,56,29,40,22,34,31,124,62,88,36,17,46,17,28,59,42,68,25,84,53,64,12,10,44,84,68,58,60,41,62,58,19,26,64,58,12,59,44,52,28,75,59,59,37,44,45,36,7,61,44,68
Croviana,75,58,57,58,65,38,44,79,74,64,73,62,85,67,43,94,77,57,75,30,76,22,42,63,5,64,62,120,32,132,122,75,36,80,79,80,93,78,77,81,34,40,69,7,56,60,91,12,55,15,66,6,28,0,25,30,3,74,74,41,72,69,77,61,65,63,49,39,87,137,63,84,46,98,67,16,60,81,63,1,41,116,9,136,38,35,103,48,67,76,60,66,69,17,81,14,74,89,25,12,46,58,90,72,37,60,50,26,93,120,11,92,32,74,78,78,35,62,44,39,25,146,84,112,58,39,68,23,33,81,64,65,28,113,75,45,34,34,65,82,43,80,82,63,84,81,41,3,86,55,34,81,66,57,50,73,81,81,59,17,67,58,20,83,66,90
Dambel,66,49,48,49,56,12,36,71,66,55,64,53,76,66,67,110,92,70,66,10,68,22,66,54,22,56,53,94,26,123,96,66,61,71,95,71,84,63,68,66,8,31,60,23,48,52,82,17,46,14,59,30,25,25,0,22,28,65,65,32,64,61,68,52,56,55,40,64,78,122,54,75,37,92,58,15,51,73,54,25,66,90,33,121,29,26,88,40,58,67,51,57,60,8,72,39,65,74,50,36,71,49,81,88,62,51,75,18,78,105,32,77,6,65,69,69,9,53,36,14,23,131,75,86,49,31,59,7,7,72,55,81,17,87,66,70,26,25,57,98,68,71,73,54,76,72,32,23,71,71,25,72,57,65,42,88,72,73,50,42,58,50,17,68,57,74
Denno,50,33,32,33,40,26,19,54,49,39,48,36,60,50,65,94,76,54,50,26,51,32,66,38,26,39,37,93,5,107,95,50,66,55,79,55,68,53,52,56,22,15,44,28,31,35,66,22,30,15,43,35,3,30,22,0,33,49,49,15,48,44,52,36,40,38,24,69,62,112,38,59,20,75,42,24,35,56,38,30,71,89,38,111,13,10,78,23,42,51,35,41,43,21,56,43,49,64,54,41,60,33,65,71,67,35,57,14,68,95,36,61,21,48,53,52,25,37,19,30,34,121,58,85,33,14,43,14,24,56,39,64,22,81,50,61,9,9,41,81,64,54,57,38,59,55,16,28,61,55,9,56,41,49,25,72,56,56,34,46,42,33,10,58,41,65
Dimaro Folgarida,78,61,60,60,68,40,47,90,77,67,76,64,88,63,39,90,73,53,78,33,79,25,38,65,8,67,65,122,35,135,125,78,33,83,75,83,96,81,79,84,36,43,71,9,59,63,94,15,57,18,62,3,30,3,28,33,0,77,81,43,68,72,79,64,68,66,52,35,89,140,66,87,48,94,70,19,63,84,65,5,37,118,6,139,41,38,106,51,70,96,63,69,71,20,84,11,77,92,22,9,42,60,93,68,33,63,46,29,96,123,14,88,34,76,81,80,37,65,47,42,28,149,86,114,61,42,70,26,36,84,67,61,31,116,77,41,37,37,61,78,39,82,85,66,80,83,44,6,89,51,37,84,69,53,53,69,84,84,62,14,70,61,22,86,69,93
Drena,36,43,38,49,43,70,42,11,43,45,54,40,66,30,48,60,54,35,56,70,37,75,48,44,70,46,42,112,49,113,114,66,53,62,60,61,74,74,58,77,66,46,5,71,48,35,73,66,36,59,22,79,52,74,65,49,77,0,5,49,28,50,56,41,45,31,41,50,67,120,30,61,35,32,47,68,43,62,11,73,51,108,82,121,38,40,97,37,25,17,35,38,49,65,61,87,54,83,98,85,42,38,70,53,51,36,39,57,87,114,80,18,64,54,58,30,68,33,45,73,78,138,64,104,28,37,48,57,67,61,51,46,65,99,60,44,46,48,26,48,47,60,62,43,20,48,36,72,81,36,48,61,35,32,28,54,66,52,15,90,47,34,59,72,39,83
Dro,31,42,40,49,43,69,38,6,38,45,54,39,66,26,44,55,49,32,56,70,32,75,44,44,70,46,37,111,49,113,114,66,49,61,56,61,74,74,58,77,65,42,10,71,48,44,72,66,35,58,19,84,52,74,65,49,81,5,0,45,28,50,51,41,45,37,40,46,67,120,25,63,35,27,47,68,43,62,14,73,48,108,87,121,38,40,97,33,20,12,30,33,49,65,61,93,54,83,104,90,38,38,70,49,48,31,35,57,87,114,80,13,64,54,58,25,68,28,45,73,77,138,64,104,24,37,48,57,67,61,51,43,65,99,60,40,47,48,22,43,43,60,62,43,15,43,36,71,81,33,48,61,30,28,28,50,66,46,15,96,47,29,59,72,33,83
Fai della Paganella,50,33,32,32,40,36,7,51,49,39,48,37,60,38,53,82,64,42,50,36,51,42,54,38,37,39,37,92,16,107,95,50,58,55,66,55,68,53,52,56,32,7,44,38,31,35,66,33,30,25,31,45,19,41,32,15,43,49,45,0,36,44,51,36,40,38,24,55,61,112,37,59,20,66,41,35,35,56,40,40,57,89,49,110,12,10,78,11,42,57,35,40,43,32,56,54,49,64,65,52,48,32,65,59,57,35,45,24,68,95,47,55,31,48,52,52,35,36,19,40,45,121,58,85,21,14,42,24,35,56,38,53,32,80,49,49,7,17,29,69,53,54,57,38,47,55,16,39,61,43,15,55,40,37,25,60,55,56,34,57,41,33,26,58,41,64
Fiavè,48,47,43,54,48,69,29,22,55,50,59,45,71,4,30,57,39,14,61,69,48,75,31,49,69,51,46,116,48,118,119,71,35,66,42,66,79,79,63,82,65,33,24,71,53,46,77,65,40,58,6,70,51,72,64,48,68,28,28,36,0,55,59,46,50,43,45,32,72,125,42,66,40,31,52,68,48,67,19,73,34,113,74,126,43,47,102,25,37,28,47,50,54,65,66,79,59,88,90,76,25,43,75,35,34,48,21,57,92,119,82,20,64,59,63,45,68,45,50,73,78,143,69,109,15,42,53,57,68,66,56,28,65,104,65,26,39,49,10,45,29,65,67,48,12,60,41,74,86,18,49,66,47,15,33,36,71,63,20,82,52,46,59,77,50,88
Fierozzo / Vlarotz,54,27,35,39,25,65,52,55,54,20,17,37,41,56,74,102,84,62,31,65,56,71,74,19,66,21,38,78,45,88,80,41,79,36,86,36,49,40,33,44,61,47,45,67,41,38,47,61,18,54,48,74,47,69,61,44,72,50,50,44,55,0,43,22,4,43,34,76,43,96,43,37,28,77,22,63,24,38,39,69,78,74,77,97,38,36,63,55,47,56,40,43,25,61,37,82,4,49,93,80,69,11,46,80,78,40,66,52,53,80,75,63,59,30,34,57,64,41,43,68,73,106,40,70,55,35,6,52,63,37,29,73,60,65,24,70,41,43,53,90,74,36,38,19,65,54,31,67,47,63,43,37,46,59,23,81,30,61,35,85,22,38,54,47,43,49
Folgaria,39,44,24,51,21,72,59,48,39,43,52,15,47,61,79,91,85,67,37,73,41,78,79,26,73,24,14,113,52,94,116,68,84,43,91,42,55,76,39,79,68,55,50,74,50,27,54,69,36,61,53,82,55,77,68,52,79,56,51,51,59,43,0,42,41,29,44,81,49,102,25,13,38,63,28,71,44,23,44,76,83,111,85,103,40,43,100,63,30,38,22,17,31,68,43,90,51,86,101,87,74,33,52,85,83,21,71,60,90,118,83,47,66,36,40,40,71,23,46,76,80,120,46,107,59,38,44,60,70,43,51,78,68,103,61,75,49,51,57,78,78,42,44,28,54,11,39,74,84,68,51,43,27,63,29,85,67,38,40,93,41,21,62,84,17,87
Fornace,46,9,26,15,21,57,43,47,45,8,17,29,38,47,65,93,76,53,28,57,47,63,66,15,57,17,30,76,36,85,78,32,70,33,78,33,46,38,29,42,53,39,36,59,16,30,44,53,9,46,40,66,39,61,52,36,64,41,41,36,46,22,42,0,18,34,29,67,39,92,34,34,23,68,19,54,5,34,30,60,69,72,68,93,34,33,61,46,38,47,31,34,21,52,33,73,23,47,84,71,60,10,43,71,69,31,57,44,51,78,66,54,50,26,30,48,55,33,38,60,64,104,36,68,46,30,20,43,54,33,12,64,51,63,21,61,32,34,44,81,65,32,35,16,56,48,26,58,45,54,34,33,37,50,15,72,28,52,27,76,19,29,45,45,34,47
Frassilongo / Garait,50,22,31,29,20,61,47,51,49,20,21,33,37,51,69,97,80,57,27,61,51,67,70,15,61,16,34,82,40,84,85,45,75,32,82,32,45,45,29,48,57,43,40,63,31,34,43,57,14,50,44,70,43,65,56,40,68,45,45,40,50,4,41,18,0,38,30,72,38,91,38,33,24,73,17,59,19,33,35,64,74,78,73,92,34,31,67,51,43,51,35,38,20,56,33,78,8,53,89,76,65,7,42,76,74,36,62,48,57,84,71,58,55,25,30,52,59,37,39,64,69,110,35,74,50,31,6,48,59,33,27,69,56,70,28,66,37,39,48,86,69,31,34,15,61,50,27,63,51,59,39,33,41,55,19,76,34,57,31,81,18,34,50,51,38,54
Garniga Terme,36,34,6,41,22,59,46,45,35,37,46,19,54,44,62,92,73,50,44,59,36,65,63,27,60,30,16,103,38,101,106,58,68,49,75,49,62,66,46,69,55,41,26,61,39,3,60,55,28,48,37,68,41,63,55,38,66,31,37,38,43,43,29,34,38,0,33,64,56,108,21,41,27,64,35,57,35,50,25,63,66,102,71,110,28,28,91,50,26,40,18,14,37,55,50,77,46,77,88,74,57,30,59,68,66,16,54,47,81,108,70,49,53,42,47,23,58,20,34,63,67,127,53,98,43,26,40,47,57,50,42,61,55,93,51,58,36,38,41,80,62,48,51,34,56,33,26,61,75,51,38,50,24,47,18,69,58,40,29,80,39,17,49,61,20,77
Giovo,41,19,26,9,30,45,31,46,41,35,38,29,50,47,65,93,75,52,40,45,43,51,65,27,45,29,29,72,24,97,74,26,70,45,77,45,58,34,41,37,41,27,35,47,8,30,56,41,19,34,39,54,27,49,40,24,52,41,40,24,45,34,44,29,30,33,0,66,52,90,29,46,6,67,32,43,19,47,29,48,68,68,57,89,13,14,56,35,33,42,26,32,34,40,46,62,44,42,73,60,59,23,55,70,68,26,56,32,47,73,55,52,39,39,43,46,43,28,17,48,53,99,49,64,45,9,33,32,43,46,15,63,40,59,26,60,21,23,42,80,64,45,47,28,55,47,10,47,41,53,23,46,32,49,16,71,32,47,25,65,32,24,34,40,32,43
Giustino,80,69,64,75,69,76,48,54,87,71,80,66,92,28,3,55,37,17,82,69,81,61,2,70,43,72,67,138,67,139,140,92,3,88,40,87,100,100,84,103,72,52,45,45,74,67,99,51,62,54,27,38,66,39,64,69,35,50,46,55,32,76,81,67,72,64,66,0,93,146,75,88,61,58,73,54,69,88,41,41,1,134,41,147,68,65,123,43,70,61,80,70,75,56,87,47,81,109,58,44,7,64,97,32,1,67,11,65,113,140,50,53,70,80,84,78,73,78,75,78,64,164,90,130,34,63,74,62,71,87,77,26,67,125,86,6,57,68,26,43,4,86,88,69,45,92,62,42,107,15,68,87,80,18,54,33,92,96,41,50,73,65,58,98,70,109
Grigno,78,44,49,51,34,82,69,72,71,43,52,52,15,73,91,119,101,79,14,83,80,88,91,28,83,26,53,90,62,43,93,60,96,14,104,10,10,53,11,56,78,65,62,84,52,53,15,79,36,71,66,92,65,87,78,62,89,67,67,61,72,43,49,39,38,56,52,93,0,50,65,40,45,94,25,80,41,40,57,86,96,86,94,51,56,53,75,73,69,78,62,56,18,78,7,100,48,61,111,97,86,31,13,97,95,60,83,70,65,66,93,80,76,16,22,70,81,62,61,86,90,68,13,82,72,52,42,70,80,11,49,91,78,78,59,88,59,60,70,107,91,13,16,27,83,60,49,84,59,81,61,19,66,76,41,98,58,81,53,103,40,60,72,59,56,62
Imer,131,97,102,82,87,118,119,125,124,95,83,105,54,126,144,172,154,132,67,114,132,139,144,81,134,79,105,69,112,7,72,68,149,65,157,59,39,61,63,57,115,115,115,135,82,105,51,129,88,122,119,142,115,137,122,112,140,120,120,112,125,96,102,92,91,108,90,146,50,0,117,92,98,147,78,131,94,93,109,136,148,65,145,1,98,102,54,123,122,130,114,109,71,129,63,150,92,50,161,147,139,84,49,150,148,113,136,120,44,17,143,133,117,69,73,122,112,115,93,108,136,19,61,61,125,97,94,120,114,61,82,143,128,56,73,140,109,111,123,160,144,66,68,80,135,113,101,134,53,133,111,70,119,129,94,151,67,133,106,153,93,113,122,61,109,49
Isera,15,35,15,38,31,58,45,22,18,37,46,14,63,47,73,66,60,57,53,59,15,64,73,36,59,39,12,100,38,110,103,55,78,58,68,58,71,63,55,66,54,41,35,60,36,18,69,55,28,47,47,68,41,63,54,38,66,30,25,37,42,43,25,34,38,21,29,75,65,117,0,39,26,38,44,58,38,49,38,64,76,105,73,119,29,29,93,51,5,14,6,8,47,56,59,78,49,79,89,75,67,32,68,66,76,6,64,48,84,110,71,22,54,52,56,20,59,5,35,64,68,136,62,101,49,27,42,48,58,59,45,70,56,96,54,69,37,39,47,54,72,58,60,44,29,19,27,62,66,61,39,59,7,56,21,70,60,23,32,81,41,4,50,62,8,80
Lavarone,52,39,35,46,20,80,66,61,52,37,46,28,38,67,85,104,96,73,28,80,53,86,86,22,80,19,27,108,59,85,110,63,91,34,98,33,46,70,30,73,76,62,56,82,47,38,45,76,30,69,60,89,62,84,75,59,87,61,63,59,66,37,13,34,33,41,46,88,40,92,39,0,41,76,20,76,37,11,51,81,90,104,90,94,49,49,93,68,43,51,35,30,22,73,35,95,44,79,106,93,81,26,44,92,90,34,78,65,83,109,88,60,72,27,31,54,77,36,56,81,86,112,37,100,66,48,37,65,76,35,44,85,73,96,54,82,54,56,64,92,85,33,36,22,67,25,44,80,77,75,56,34,40,71,33,93,60,51,47,98,35,34,67,77,30,80
Lavis,36,13,20,14,24,41,28,40,35,24,33,23,44,41,59,87,69,47,34,42,37,47,59,22,42,23,23,77,21,91,79,32,64,39,71,39,52,39,36,43,37,24,30,43,13,24,50,38,14,30,33,51,24,46,37,20,48,35,35,20,40,28,38,23,24,27,6,61,45,98,26,41,0,61,26,39,15,41,23,45,62,73,53,100,11,10,62,32,28,37,21,26,28,37,40,59,33,48,70,56,53,17,49,64,62,21,50,29,52,79,52,46,35,33,37,40,40,23,16,45,49,105,43,69,38,8,27,29,39,40,20,57,37,64,31,54,18,20,36,74,57,39,41,22,49,41,4,43,46,47,20,40,27,43,10,65,37,42,19,62,26,19,31,45,26,48
Ledro,44,69,53,76,69,96,59,21,51,72,81,52,93,36,56,27,21,46,83,96,44,102,57,73,102,76,49,138,75,140,141,93,61,88,30,88,101,101,84,104,92,63,37,104,74,60,99,92,62,85,36,96,78,98,92,75,94,32,27,66,31,77,63,68,73,64,67,58,94,147,38,76,61,0,74,94,70,86,40,99,60,135,100,147,65,67,123,55,33,24,43,46,75,92,88,105,81,109,116,103,51,64,97,27,60,44,47,84,114,140,109,16,90,80,85,41,95,41,72,100,104,165,90,131,46,64,74,84,94,88,77,34,92,126,86,52,69,80,41,15,56,86,89,70,20,56,63,100,108,43,75,88,43,46,54,31,93,59,42,108,74,42,86,99,46,110
Levico Terme,58,25,28,32,13,62,49,53,51,21,30,31,24,53,71,99,81,59,14,63,59,68,72,8,63,5,32,92,42,71,94,49,76,19,84,19,32,54,16,57,58,45,42,64,33,32,30,59,16,51,46,72,45,67,58,42,70,47,47,41,52,22,28,19,17,35,32,73,25,78,44,20,26,74,0,59,20,19,36,65,75,88,73,78,35,32,77,52,48,57,41,35,6,57,18,79,27,63,90,76,65,10,28,76,74,39,62,49,67,93,72,59,55,11,15,49,60,41,40,65,69,95,21,84,51,31,21,49,59,18,28,70,57,79,38,67,38,39,49,86,70,17,20,5,62,39,28,63,61,60,40,18,45,55,20,77,44,60,32,82,19,39,51,61,35,63
Livo,69,52,51,52,59,27,38,73,68,58,67,55,79,69,58,109,92,72,69,20,70,6,57,57,12,58,56,109,26,126,112,69,52,74,94,74,87,72,71,75,23,34,63,13,50,54,85,3,49,9,62,21,22,16,15,24,19,68,68,35,68,63,71,54,59,57,43,54,80,131,58,76,39,94,59,0,54,76,57,15,56,105,24,130,32,29,97,42,61,70,54,60,63,7,75,29,68,83,40,27,61,52,84,87,52,54,65,20,87,114,22,80,21,68,72,72,24,56,38,29,10,140,78,101,52,33,62,15,23,75,58,80,22,103,69,60,28,28,60,97,58,74,76,57,78,75,35,14,80,70,28,75,60,72,44,88,75,75,53,32,61,52,14,77,60,84
Lona-Lases,48,3,28,9,23,56,42,49,47,9,25,31,40,49,67,95,78,55,30,56,49,62,68,17,56,19,32,71,35,87,73,27,73,35,80,35,48,33,31,36,52,38,38,58,11,32,46,52,11,45,42,65,38,60,51,35,63,43,43,35,48,24,44,5,19,35,19,69,41,94,38,37,15,70,20,54,0,36,32,59,71,67,68,88,26,25,55,46,40,49,33,36,23,51,35,73,24,41,84,71,62,12,45,73,71,33,59,43,46,72,66,56,50,28,32,50,55,35,30,59,64,98,38,63,48,22,22,43,54,35,7,66,51,58,16,64,32,34,46,83,67,34,37,18,58,50,18,58,39,56,34,35,39,52,17,74,22,54,29,76,22,31,45,39,36,42
Luserna / Lusérn,62,39,43,46,28,77,64,71,62,37,46,38,38,68,86,114,96,74,28,77,63,83,86,22,78,19,37,108,57,86,110,63,91,34,98,33,47,70,30,73,73,59,57,79,47,46,45,73,30,66,60,86,59,81,73,56,84,62,62,56,67,38,23,34,33,50,47,88,40,93,49,11,41,86,19,76,36,0,51,81,91,104,89,94,51,48,92,67,53,61,45,40,21,73,34,95,43,78,105,92,81,26,43,92,90,43,78,65,82,109,87,70,71,26,31,62,76,46,55,81,85,111,37,100,67,47,36,64,75,34,44,85,73,95,54,83,53,55,65,101,86,32,35,22,77,34,43,79,76,75,55,34,50,71,36,93,59,61,48,97,35,44,66,76,40,79
Madruzzo,44,31,26,38,32,58,33,19,51,34,43,29,55,20,38,66,49,26,45,59,45,64,39,33,59,34,29,100,38,102,103,55,44,50,51,50,63,63,47,66,54,36,6,60,36,30,61,55,24,47,13,68,41,63,54,38,65,11,14,40,19,39,44,30,35,25,29,41,57,109,38,51,23,40,36,57,32,51,0,62,42,97,71,110,27,29,85,28,34,25,30,33,37,54,50,76,43,72,87,73,33,27,59,44,42,30,30,46,76,103,69,26,52,43,47,38,57,32,34,62,66,127,53,93,19,26,37,46,56,50,40,37,54,88,49,34,35,37,17,54,38,49,51,32,29,47,25,60,70,27,37,50,36,23,16,45,55,51,4,79,36,28,48,61,33,72
Malé,74,58,56,57,65,37,44,79,74,63,72,61,84,69,44,96,78,58,74,29,76,21,43,62,4,64,62,119,32,132,122,75,38,80,81,79,92,77,76,81,33,40,68,6,56,60,91,12,54,15,68,7,27,1,25,30,5,73,73,40,73,69,76,60,64,63,48,41,86,136,64,81,45,99,65,15,59,81,62,0,42,115,10,135,37,34,103,48,67,75,59,65,68,17,80,15,74,89,26,13,48,57,90,73,39,60,52,26,93,120,9,94,31,73,77,77,34,61,44,39,25,146,83,111,57,39,67,23,32,80,63,67,27,113,74,46,34,33,67,83,45,79,82,63,86,80,41,2,86,56,33,80,65,59,50,74,80,81,58,18,66,58,19,82,65,89
Massimeno,82,70,66,77,71,78,50,56,89,73,82,68,94,30,6,57,39,19,84,70,83,62,4,72,45,74,69,140,69,141,142,94,5,89,42,89,102,102,86,105,74,54,47,47,76,69,100,53,64,55,29,40,68,41,66,71,37,51,48,57,34,78,83,69,74,66,68,1,96,148,76,90,62,60,75,56,71,91,42,42,0,136,43,149,70,67,125,45,72,63,82,72,77,58,89,48,82,111,59,46,9,66,98,34,3,69,13,67,115,142,52,55,72,82,86,80,75,80,77,80,66,166,92,132,36,65,76,63,73,89,79,28,68,127,88,7,59,70,28,44,6,88,90,71,47,94,64,43,109,17,70,89,82,20,56,35,94,98,43,51,75,67,60,100,72,111
Mazzin / Mazin,115,70,96,59,91,85,97,114,114,66,60,98,84,114,132,160,142,120,78,81,116,112,133,85,112,87,99,4,89,71,6,46,137,74,145,79,92,38,76,34,83,92,103,113,59,99,90,108,78,100,107,120,92,116,90,89,118,108,108,89,113,74,111,72,78,102,68,134,86,65,105,104,73,135,88,105,67,104,97,115,136,0,124,64,75,79,13,100,100,109,93,99,84,98,80,129,69,27,140,126,126,77,89,137,135,93,123,97,21,48,122,120,85,82,78,113,80,95,70,76,104,74,87,4,109,74,73,91,82,77,59,130,101,8,50,127,86,88,110,147,131,73,72,85,122,114,78,113,30,120,88,75,99,116,84,138,44,115,93,132,88,92,99,38,100,26
Mezzana,83,66,65,66,73,46,52,96,82,72,81,70,93,70,45,96,79,59,83,38,84,30,44,71,13,72,70,128,40,140,130,83,39,88,81,88,101,86,85,89,42,48,77,15,64,68,99,20,63,23,68,3,36,9,33,38,6,82,87,49,74,77,85,68,73,71,57,41,94,145,73,90,53,100,73,24,68,89,71,10,43,124,0,144,46,43,111,56,75,103,68,74,77,25,89,5,82,97,16,2,49,66,98,74,39,68,52,35,101,128,20,94,40,82,86,86,43,70,53,48,33,154,92,120,66,47,76,31,41,89,72,67,36,121,83,47,42,42,67,84,45,88,90,71,86,89,49,11,94,57,42,89,74,59,58,75,89,89,67,8,75,66,28,91,74,98
Mezzano,132,91,103,80,88,116,118,126,125,87,82,106,55,127,145,173,155,133,68,112,134,137,145,82,132,80,106,68,111,8,70,67,150,66,158,60,40,59,64,56,114,114,116,133,81,106,52,128,90,121,120,141,114,136,121,111,139,121,121,110,126,97,103,93,92,110,89,147,51,1,119,94,100,147,78,130,88,94,110,135,149,64,144,0,97,100,52,121,123,131,115,110,72,128,64,148,90,48,159,146,140,85,50,151,149,114,137,118,42,15,141,134,115,70,75,124,111,116,91,106,134,17,62,60,126,96,95,118,113,63,80,144,126,55,71,142,107,109,124,161,145,67,69,81,137,114,102,133,51,135,109,72,120,130,95,152,65,134,107,151,94,114,120,60,110,47
Mezzocorona,39,24,21,21,30,33,20,44,39,33,50,25,54,44,66,94,77,55,44,34,41,39,66,32,34,34,25,80,13,101,82,39,71,50,79,49,62,40,46,43,29,16,33,35,20,25,61,30,24,22,37,43,16,38,29,13,41,38,38,12,43,38,40,34,34,28,13,68,56,98,29,49,11,65,35,32,26,51,27,37,70,75,46,97,0,3,65,24,32,41,25,29,34,29,47,51,40,51,62,48,60,24,56,72,69,25,57,21,55,82,44,52,28,39,44,42,32,27,6,37,41,108,49,72,33,3,34,21,31,47,27,65,29,67,38,62,10,12,41,82,65,45,48,29,55,44,7,35,48,55,12,47,31,50,16,73,44,46,25,54,33,23,23,45,29,51
Mezzolombardo,40,23,22,22,32,31,17,46,39,31,39,28,52,48,63,92,74,52,41,31,41,36,64,29,31,31,29,83,10,99,85,40,68,47,76,47,60,43,43,46,27,13,35,32,21,25,58,27,21,20,41,40,13,35,26,10,38,40,40,10,47,36,43,33,31,28,14,65,53,102,29,49,10,67,32,29,25,48,29,34,67,79,43,100,3,0,68,21,34,42,26,32,35,26,47,48,41,54,59,46,57,24,57,69,67,27,54,18,58,85,41,52,25,40,44,44,29,28,9,34,39,111,50,75,30,4,34,18,29,47,28,62,26,71,39,59,7,9,39,79,62,46,49,30,55,47,6,33,51,52,9,47,32,47,17,70,45,48,25,51,33,25,20,48,32,55
Moena / Moena,103,59,84,47,79,84,85,102,103,55,49,87,73,103,121,149,131,109,66,80,105,105,121,74,99,75,88,17,78,60,20,34,126,63,133,68,81,26,64,23,81,81,92,101,48,88,79,95,67,88,95,108,81,103,88,78,106,97,97,78,102,63,100,61,67,91,56,123,75,54,93,93,62,123,77,97,55,92,85,103,125,13,111,52,65,68,0,89,89,98,82,88,73,95,69,116,57,16,127,113,115,66,78,126,124,82,112,86,9,37,109,108,83,71,66,102,78,84,59,74,101,63,76,9,98,63,62,86,80,65,48,119,94,5,39,116,74,76,98,136,119,61,61,74,111,103,66,100,18,109,77,63,88,105,72,126,32,103,81,119,76,80,88,27,88,14
Molveno,64,44,43,44,51,44,4,39,71,50,59,48,71,26,41,70,52,30,61,44,65,50,42,49,45,51,48,104,23,118,106,61,47,66,55,66,79,64,63,67,40,8,33,46,43,47,77,40,41,33,19,53,26,48,40,23,51,37,33,11,25,55,63,46,51,50,35,43,73,123,51,68,32,55,52,42,46,67,28,48,45,100,56,121,24,21,89,0,53,45,46,52,55,40,67,62,60,75,73,59,36,44,76,47,45,46,33,32,80,106,55,43,38,60,64,58,43,48,31,48,52,133,70,97,9,26,54,32,42,67,50,41,40,92,61,37,13,24,17,57,41,66,68,49,35,67,27,46,73,31,24,67,52,25,37,48,67,67,29,65,53,45,34,69,52,76
Mori,11,39,20,42,36,63,49,17,18,42,51,19,67,42,67,61,55,52,57,63,10,69,68,40,63,43,16,104,42,114,107,59,73,63,63,62,75,67,59,70,59,45,30,65,41,23,74,59,32,52,42,72,45,67,58,42,70,25,20,42,37,47,30,38,43,26,33,70,69,122,5,43,28,33,48,61,40,53,34,67,72,100,75,123,32,34,89,53,0,9,10,13,51,60,64,82,53,84,93,80,62,36,73,61,71,11,59,52,88,115,75,17,59,56,61,15,64,8,40,68,73,141,66,105,44,32,46,52,63,64,49,65,60,100,58,64,41,43,42,49,67,62,65,48,24,23,32,67,70,55,43,64,10,51,26,65,65,26,35,85,46,9,54,67,13,84
Nago-Torbole,19,48,29,51,44,72,49,9,26,50,59,27,76,33,59,52,46,43,66,72,20,77,59,49,72,52,25,113,51,123,116,68,64,71,55,71,84,76,68,79,67,53,22,73,49,36,82,68,41,61,33,99,54,76,67,51,96,17,12,57,28,56,38,47,51,40,42,61,78,130,14,51,37,24,57,70,49,61,25,75,63,109,103,131,41,42,98,45,9,0,19,21,60,69,72,108,62,92,119,105,53,45,81,52,63,19,50,61,96,123,84,8,67,65,69,17,72,17,48,77,81,149,75,114,35,40,55,61,71,72,58,57,69,109,67,55,50,52,33,40,58,71,73,57,16,31,40,75,79,47,52,72,19,43,34,56,73,35,26,111,54,17,63,75,22,93
Nogaredo,20,32,12,35,28,56,42,27,19,35,43,11,60,52,78,71,65,62,50,56,20,61,78,33,56,36,9,97,35,107,100,52,83,55,73,55,68,60,52,63,52,38,40,57,33,15,66,52,25,45,40,65,38,60,51,35,63,35,30,35,47,40,22,31,35,18,26,80,62,114,6,35,21,43,41,54,33,45,30,59,82,93,68,115,25,26,82,46,10,19,0,5,43,53,56,75,46,77,86,73,72,29,65,71,81,3,69,45,81,108,68,27,52,48,53,18,56,5,33,61,66,133,59,98,49,24,39,45,56,56,42,75,53,93,51,74,34,36,47,59,77,54,57,40,34,19,24,60,63,66,36,56,9,61,18,75,57,24,30,78,39,1,47,60,6,77
Nomi,23,34,8,41,23,62,48,30,22,37,46,6,55,55,68,74,68,56,45,62,23,67,68,27,62,30,3,104,41,102,106,58,73,50,76,50,63,66,46,69,58,44,39,63,40,11,61,58,28,51,43,71,44,66,57,41,69,38,33,40,50,43,17,34,38,14,32,70,56,109,8,30,26,46,35,60,36,40,33,65,72,99,74,110,29,32,88,52,13,21,5,0,38,57,50,79,47,77,90,77,63,30,60,73,72,3,60,49,81,108,72,30,56,43,47,23,60,7,36,65,70,127,53,99,49,27,40,49,60,50,43,67,57,94,52,64,38,40,47,62,68,49,52,35,37,20,28,64,75,57,40,50,11,53,18,75,58,27,29,82,39,4,51,63,7,78
Novaledo,60,26,31,33,16,64,51,54,53,24,33,34,17,55,73,101,83,61,7,64,61,70,73,10,65,8,34,88,44,64,91,50,78,12,85,12,25,51,9,54,60,47,44,66,34,34,23,60,17,53,48,73,46,69,60,43,71,49,49,43,54,25,31,21,20,37,34,75,18,71,47,22,28,75,6,63,23,21,37,68,77,84,77,72,34,35,73,55,51,60,43,38,0,60,13,81,30,60,92,79,68,13,22,79,77,42,65,52,64,88,74,62,58,6,10,51,63,44,42,68,72,90,15,81,54,34,23,51,62,13,30,72,60,76,41,70,40,42,52,89,73,11,14,9,64,42,30,66,58,62,42,13,48,58,23,80,46,62,35,84,22,42,53,57,38,60
Novella,66,50,48,49,57,20,36,71,66,55,64,53,76,67,59,111,93,71,66,12,68,13,58,54,14,56,54,102,23,124,104,67,53,72,96,71,84,71,68,74,16,32,60,15,48,52,83,9,46,6,59,22,19,17,8,21,20,65,65,32,65,61,68,52,56,55,40,56,78,129,56,73,37,92,57,7,51,73,54,17,58,98,25,128,29,26,95,40,60,69,53,57,60,0,72,31,66,82,42,28,63,49,82,89,54,52,67,18,86,113,24,78,14,65,69,69,17,53,36,22,15,139,75,94,49,31,59,8,15,73,55,82,18,95,66,62,26,26,58,99,60,71,74,55,76,72,33,15,79,71,25,72,57,66,42,89,72,73,51,34,58,50,11,76,58,83
Ospedaletto,72,38,43,45,28,77,63,67,66,37,46,46,9,67,85,113,95,73,8,77,74,82,86,22,77,20,47,85,56,56,87,54,90,8,98,4,17,47,5,50,73,59,56,78,47,47,15,73,30,66,60,86,59,81,72,56,84,61,61,56,66,37,43,33,33,50,46,87,7,63,59,35,40,88,18,75,35,34,50,80,89,80,89,64,47,47,69,67,64,72,56,50,13,72,0,94,42,55,105,91,80,25,14,91,90,54,77,64,59,79,87,74,70,10,16,64,75,56,55,80,84,82,7,76,66,46,36,64,74,5,43,85,72,72,53,82,53,55,64,101,85,7,10,21,77,54,43,78,53,75,55,13,60,70,35,92,52,75,47,97,34,54,66,53,50,56
Ossana,88,71,70,71,78,51,58,101,88,77,86,75,98,75,50,102,84,64,88,43,90,35,49,76,18,78,75,133,45,145,135,88,44,93,86,93,106,91,90,94,47,54,82,20,70,74,104,26,68,28,74,8,41,14,39,43,11,87,93,54,79,82,90,73,78,77,62,47,100,150,78,95,59,105,79,29,73,95,76,15,48,129,5,148,51,48,116,62,82,108,75,79,81,31,94,0,88,102,13,2,54,71,104,79,45,74,58,40,107,134,25,100,45,87,91,91,48,75,58,53,39,160,97,125,71,53,81,36,46,94,77,73,41,127,88,52,48,47,73,89,51,93,95,76,92,94,54,17,100,62,47,94,79,65,64,80,94,95,72,3,80,72,33,96,79,103
Palù del Fersina / Palai en Bernstol,59,27,40,34,30,70,56,60,58,15,11,42,47,60,78,106,89,66,36,70,60,76,79,24,70,26,43,73,49,94,75,36,84,42,91,42,55,35,38,38,66,52,49,72,35,43,53,66,23,59,53,79,52,74,65,49,77,54,54,49,59,4,51,23,8,46,44,81,48,92,49,44,33,81,27,68,24,43,43,74,82,69,82,90,40,41,57,60,53,62,46,47,30,66,42,88,0,44,98,85,74,17,52,85,83,45,71,57,48,74,80,67,64,35,39,62,68,46,48,73,78,101,45,65,59,40,6,57,68,42,24,78,65,60,19,75,46,48,57,95,78,41,44,25,70,60,36,72,42,68,48,42,50,64,28,86,24,66,40,90,26,43,59,41,47,44
Panchià,90,45,70,34,65,70,71,88,89,41,35,73,59,89,107,135,117,95,53,66,91,91,107,60,85,62,74,31,64,56,34,20,112,49,120,54,67,10,51,7,67,67,78,87,34,74,65,81,53,74,82,94,67,89,74,64,92,83,83,64,88,49,86,47,53,77,42,109,61,50,79,79,48,109,63,83,41,78,72,89,111,27,97,48,51,54,16,75,84,92,77,77,60,82,55,102,44,0,113,99,101,52,64,112,110,69,98,72,6,33,95,95,69,57,53,88,64,70,45,60,88,59,62,23,84,49,48,72,66,52,34,105,80,18,25,103,61,63,85,122,106,48,47,60,97,89,53,86,2,95,63,50,74,91,59,113,19,90,68,105,63,67,74,11,75,2
Peio,99,82,81,82,89,62,69,112,99,88,97,86,109,86,61,113,95,75,99,54,101,46,60,87,29,89,86,144,56,156,146,99,55,104,97,104,117,102,101,105,58,65,93,31,81,85,115,37,79,39,85,19,52,25,50,54,22,98,104,65,90,93,101,84,89,88,73,58,111,161,89,106,70,116,90,40,84,105,87,26,59,140,16,159,62,59,127,73,93,119,86,90,92,42,105,13,98,113,0,13,65,82,115,90,56,85,69,51,118,145,36,111,56,98,102,102,59,86,69,64,50,171,108,136,82,64,92,47,57,105,88,84,52,138,99,63,59,58,84,100,62,104,106,87,103,105,65,28,111,73,58,105,90,76,75,91,105,106,83,15,91,83,44,107,90,114
Pellizzano,86,69,68,69,76,48,55,99,85,75,84,72,96,72,48,99,82,62,86,41,87,33,47,74,16,75,73,130,43,143,133,86,41,91,84,91,104,89,87,92,44,51,80,18,67,71,102,23,66,26,71,6,39,12,36,41,9,85,90,52,76,80,87,71,76,74,60,44,97,147,75,93,56,103,76,27,71,92,73,13,46,126,2,146,48,46,113,59,80,105,73,77,79,28,91,2,85,99,13,0,51,69,101,77,42,71,55,37,104,131,23,97,42,84,89,89,46,73,55,50,36,157,95,122,69,50,79,34,44,92,75,70,39,124,86,50,45,45,70,87,48,90,93,74,89,91,52,14,97,60,45,92,77,62,61,78,92,92,70,5,78,69,31,94,77,101
Pelugo,73,61,56,68,62,83,40,47,80,64,73,59,85,21,5,47,30,10,75,76,73,68,5,63,50,64,59,130,60,132,133,85,10,80,32,80,93,93,77,96,79,44,38,52,66,60,91,58,54,61,19,45,63,46,71,60,42,42,38,48,25,69,74,60,65,57,59,7,86,139,67,81,53,51,65,61,62,81,33,48,9,126,49,140,60,57,115,36,62,53,72,63,68,63,80,54,74,101,65,51,0,57,89,25,9,60,3,68,106,132,57,45,77,72,77,70,80,70,67,85,71,157,83,123,27,56,67,69,78,80,70,18,74,118,78,1,50,61,18,35,4,78,81,62,37,85,55,49,100,8,60,80,72,10,46,26,85,88,34,57,66,58,65,91,63,102
Pergine Valsugana,42,15,23,22,13,53,40,43,42,11,20,26,29,44,62,90,72,50,19,54,44,59,62,7,54,9,26,81,33,76,84,39,67,25,75,24,37,44,21,47,49,36,33,55,23,26,36,50,7,42,37,63,36,58,49,33,60,38,38,32,43,11,33,10,7,30,23,64,31,84,32,26,17,64,10,52,12,26,27,57,66,77,66,85,24,24,66,44,36,45,29,30,13,49,25,71,17,52,82,69,57,0,34,68,66,28,54,41,56,83,63,51,47,18,22,45,52,30,31,57,61,102,28,73,43,23,10,41,51,25,19,61,49,69,27,59,29,31,41,78,62,24,26,7,54,42,19,55,50,52,32,25,34,47,12,69,33,49,24,74,10,26,43,50,31,53
Pieve Tesino,82,48,53,55,37,86,72,76,75,46,55,55,5,76,94,122,105,82,17,86,83,92,95,32,86,29,56,93,65,42,96,62,100,15,107,9,3,56,14,59,82,68,65,88,56,56,1,82,39,75,69,95,68,90,81,65,93,70,70,65,75,46,52,43,42,59,55,97,13,49,68,44,49,97,28,84,45,43,59,90,98,89,98,50,56,57,78,76,73,81,65,60,22,82,14,104,52,64,115,101,89,34,0,101,99,63,87,73,68,65,96,83,80,20,24,73,84,66,64,89,94,67,12,85,75,56,45,73,84,12,52,94,81,80,62,91,62,64,73,111,94,16,18,31,86,64,52,88,62,84,64,21,70,80,44,102,61,84,56,106,43,64,75,62,60,64
Pieve di Bono-Prezzo,71,72,67,79,72,92,52,48,78,75,84,70,96,31,30,24,6,20,86,92,72,93,31,74,76,75,70,141,71,143,144,96,36,91,9,91,104,104,87,107,88,56,48,78,77,71,102,84,65,81,30,70,74,72,88,71,68,53,49,59,35,80,85,71,76,68,70,32,97,150,66,92,64,27,76,87,73,92,44,73,34,137,74,151,72,69,126,47,61,52,71,73,79,89,91,79,85,112,90,77,25,68,101,0,34,71,21,80,117,143,83,44,86,83,88,69,91,69,79,96,96,168,93,134,38,66,77,80,90,91,80,8,88,129,89,26,61,72,30,11,30,89,92,73,47,83,66,74,110,18,72,91,71,22,57,3,96,87,45,82,77,69,82,102,74,113
Pinzolo,82,70,65,77,71,74,49,56,89,73,82,68,94,30,5,57,39,19,84,66,83,58,4,72,41,73,68,139,69,141,142,94,1,89,41,89,102,102,86,105,70,53,47,43,75,69,100,49,63,51,28,36,64,37,62,67,33,51,48,57,34,78,83,69,74,66,68,1,95,148,76,90,62,60,74,52,71,90,42,39,3,135,39,149,69,67,124,45,71,63,81,72,77,54,90,45,83,110,56,42,9,66,99,34,0,69,13,63,115,142,48,54,68,82,86,79,71,80,76,76,62,166,92,132,36,65,76,60,69,89,79,28,65,127,88,7,59,70,28,44,5,88,90,71,46,94,64,40,109,17,70,89,82,20,56,35,94,98,43,48,75,67,56,100,72,111
Pomarolo,21,32,10,35,27,56,42,28,19,35,44,10,58,53,65,72,66,63,48,56,21,62,66,31,57,34,7,98,35,106,100,52,70,54,74,54,67,60,50,63,52,38,41,58,34,13,65,52,25,45,40,65,38,60,51,35,63,36,31,35,48,40,21,31,36,16,26,67,60,113,6,34,21,44,39,54,33,43,30,60,69,93,68,114,25,27,82,46,11,19,3,3,42,52,54,74,45,69,85,71,60,28,63,71,69,0,69,46,85,112,68,28,52,47,51,21,57,5,33,62,66,131,57,102,52,25,44,45,56,54,47,76,54,98,56,74,34,36,50,59,77,53,55,39,35,20,25,60,63,66,36,54,9,56,22,75,62,25,33,78,43,2,47,60,6,82
Porte di Rendena,70,58,53,64,58,77,37,43,76,61,70,55,82,17,9,44,26,7,72,79,70,71,9,59,54,61,56,127,57,129,130,82,14,77,28,77,90,90,73,93,73,41,34,56,63,57,88,62,51,64,16,49,60,50,75,57,46,39,35,45,21,66,71,57,62,54,56,11,83,136,64,78,50,47,62,65,59,78,30,52,13,123,52,137,57,54,112,33,59,50,69,60,65,67,77,58,71,98,69,55,3,54,87,21,13,69,0,65,102,129,61,42,72,69,74,67,76,67,64,81,75,154,79,119,23,52,63,65,82,77,66,14,73,115,75,5,47,57,15,31,8,75,78,59,34,82,52,53,96,4,57,77,69,7,43,22,82,85,31,61,63,55,69,88,59,99
Predaia,58,41,40,41,49,22,28,63,58,47,56,45,68,58,68,102,85,62,58,22,60,28,67,46,23,48,46,101,18,115,104,58,62,64,87,63,76,61,60,65,18,24,52,24,40,44,75,18,38,11,51,31,17,26,18,14,29,57,57,24,57,52,60,44,48,47,32,65,70,120,48,65,29,84,49,20,43,65,46,26,67,97,35,118,21,18,86,32,52,61,45,49,52,18,64,40,57,72,51,37,68,41,73,80,63,46,65,0,77,104,32,70,16,57,62,61,21,45,28,26,30,130,67,94,41,23,51,9,20,65,48,73,14,89,58,70,18,18,50,90,69,63,66,47,68,64,25,24,70,63,17,65,50,58,34,81,64,65,43,42,51,42,13,67,50,73
Predazzo,94,49,74,38,70,74,76,93,93,45,39,77,63,93,111,139,121,99,57,70,95,95,112,64,90,66,78,25,68,50,27,24,116,53,124,58,71,17,55,13,71,71,82,91,38,78,69,85,57,78,86,98,71,93,78,68,96,87,87,68,92,53,90,51,57,81,47,113,65,44,84,83,52,114,67,87,46,82,76,93,115,21,101,42,55,58,9,80,88,96,81,81,64,86,59,107,48,6,118,104,106,56,68,117,115,85,102,77,0,27,99,99,73,61,57,92,68,74,49,64,92,53,66,17,88,53,52,76,70,56,38,109,84,12,29,107,65,67,89,126,110,52,51,64,101,93,57,91,9,99,67,54,78,95,63,117,23,94,72,109,67,71,78,18,79,5
Primiero San Martino di Castrozza,121,76,101,64,96,101,102,119,120,72,66,104,70,120,138,166,148,126,83,97,122,122,138,91,117,95,105,52,95,23,55,51,143,81,151,75,55,44,79,40,98,98,109,118,65,105,67,112,84,105,113,125,98,120,105,95,123,114,114,95,119,80,118,78,84,108,73,140,66,17,110,109,79,140,93,114,72,109,103,120,142,48,128,15,82,85,37,106,115,123,108,108,88,113,79,134,74,33,145,131,132,83,65,143,142,112,129,104,27,0,126,125,100,85,90,119,95,101,76,91,119,26,77,44,115,80,79,103,97,78,65,136,111,39,56,133,92,94,115,153,137,82,84,96,128,129,84,117,36,126,94,87,105,122,89,144,50,120,98,136,94,97,105,44,105,31
Rabbi,81,64,63,64,71,44,51,86,81,70,79,68,91,78,54,105,88,68,81,36,83,28,53,69,11,71,68,126,38,138,128,81,47,86,90,86,99,84,83,87,40,46,75,13,63,67,97,19,61,21,77,17,34,11,32,36,14,80,80,47,82,75,83,66,71,70,55,50,93,143,71,88,52,109,72,22,66,87,69,9,52,122,20,141,44,41,109,55,75,84,68,72,74,24,87,25,80,95,36,23,57,63,96,83,48,68,61,32,99,126,0,103,38,80,84,84,41,68,51,46,32,153,90,118,64,46,74,29,39,87,70,76,34,120,81,56,41,40,76,93,54,86,88,69,95,87,47,9,93,66,40,87,72,68,57,84,87,88,65,28,73,65,26,89,72,96
Riva del Garda,28,55,37,61,53,82,48,6,35,57,66,36,78,25,51,44,38,35,68,82,28,88,51,57,82,60,34,124,61,125,126,78,56,74,46,73,86,86,70,89,78,52,23,84,60,44,85,78,48,71,25,91,64,92,77,61,88,18,13,55,20,63,47,54,58,49,52,53,80,133,22,60,46,16,59,80,56,70,26,94,55,120,94,134,52,52,108,43,17,8,27,30,62,78,74,100,67,95,111,97,45,51,83,44,54,28,42,70,99,125,103,0,75,65,69,25,80,25,56,85,89,150,75,115,35,48,59,68,79,73,62,49,77,111,71,47,58,59,30,32,50,71,74,55,8,40,48,83,92,39,59,72,27,34,39,48,77,43,27,102,59,26,70,84,30,95
Romeno,65,48,47,48,55,6,34,69,64,54,63,51,75,65,73,109,91,69,65,6,66,28,72,53,28,54,52,89,24,122,92,67,67,70,94,70,83,58,67,61,2,30,59,29,46,50,81,24,45,14,58,36,24,32,6,21,34,64,64,31,64,59,66,50,55,53,39,70,76,117,54,72,35,90,55,21,50,71,52,31,72,85,40,115,28,25,83,38,59,67,52,56,58,14,70,45,64,69,56,42,77,47,80,86,68,52,72,16,73,100,38,75,0,63,67,67,4,51,34,9,29,126,73,81,47,29,57,6,3,70,53,79,15,83,64,76,24,24,55,96,74,69,72,53,74,70,31,29,67,69,23,70,55,64,40,87,68,71,48,48,56,48,16,63,55,70
Roncegno Terme,65,31,36,38,21,69,56,59,58,29,38,39,15,60,78,106,88,66,5,69,67,75,78,15,70,13,39,86,49,62,89,55,83,10,91,10,23,49,6,52,65,52,49,71,39,39,21,66,22,58,53,78,52,74,65,48,76,54,54,48,59,30,36,26,25,42,39,80,16,69,52,27,33,80,11,68,28,26,43,73,82,82,82,70,39,40,71,60,56,65,48,43,6,65,10,87,35,57,98,84,72,18,20,83,82,47,69,57,61,85,80,65,63,0,4,56,68,49,47,73,77,88,13,78,59,39,28,56,67,11,36,77,65,74,46,75,45,47,57,94,78,9,10,14,69,47,35,71,55,67,47,7,53,63,28,85,51,67,40,89,27,47,58,55,43,57
Ronchi Valsugana,69,35,40,42,25,73,60,64,62,34,43,43,19,64,82,110,92,70,7,74,71,79,83,19,74,17,44,82,53,66,84,51,87,9,95,14,27,45,12,47,69,56,53,75,44,44,25,70,27,62,57,83,56,78,69,53,81,58,58,52,63,34,40,30,30,47,43,84,22,73,56,31,37,85,15,72,32,31,47,77,86,78,86,75,44,44,66,64,61,69,53,47,10,69,16,91,39,53,102,89,77,22,24,88,86,51,74,62,57,90,84,69,67,4,0,61,72,53,52,77,81,92,18,74,63,43,33,61,71,12,40,82,69,69,50,79,50,52,61,98,82,8,6,18,74,51,40,75,51,72,52,3,57,67,32,89,49,72,44,94,31,51,63,50,47,53
Ronzo-Chienis,26,48,20,55,36,73,62,22,33,52,60,29,68,50,75,69,63,60,58,74,27,79,76,41,74,44,27,117,53,115,120,72,81,63,71,63,76,80,60,83,69,56,35,75,54,19,75,70,42,62,50,83,56,78,69,52,80,30,25,52,45,57,40,48,52,23,46,78,70,122,20,54,40,41,49,72,50,62,38,77,80,113,86,124,42,44,102,58,15,17,18,23,51,69,64,91,62,88,102,89,70,45,73,69,79,21,67,61,92,119,84,25,67,56,61,0,72,25,48,77,81,141,67,112,48,40,54,61,71,64,57,73,69,108,66,71,50,52,46,57,75,63,65,49,32,39,40,75,89,63,52,64,26,59,32,72,72,43,39,94,53,19,63,76,24,92
Ronzone,69,53,52,52,60,4,39,74,69,59,67,56,80,70,77,113,96,74,69,2,71,31,76,57,31,59,57,84,29,118,87,62,70,75,98,75,88,53,71,57,2,35,63,32,51,55,86,27,49,19,62,40,29,35,9,25,37,68,68,35,68,64,71,55,59,58,43,73,81,112,59,77,40,95,60,24,55,76,57,34,75,80,43,111,32,29,78,43,64,72,56,60,63,17,75,48,68,64,59,46,80,52,84,91,71,57,76,21,68,95,41,80,4,68,72,72,0,56,39,4,24,122,78,76,52,34,62,10,1,75,58,84,20,78,69,79,29,28,60,101,77,74,76,57,78,75,35,33,62,74,28,75,60,68,45,91,64,75,53,51,61,53,20,59,60,65
Rovereto,16,34,14,37,29,57,44,25,20,36,45,12,61,50,76,69,63,60,51,58,18,63,76,33,58,36,10,99,37,108,102,54,81,56,71,56,69,62,52,65,53,40,39,59,35,17,67,54,27,46,50,67,40,62,53,37,65,33,28,36,45,41,23,33,37,20,28,78,62,115,5,36,23,41,41,56,35,46,32,61,80,95,70,116,27,28,84,48,8,17,5,7,44,53,56,75,46,70,86,73,70,30,66,69,80,5,67,45,74,101,68,25,51,49,53,25,56,0,34,63,67,133,59,99,52,26,41,47,57,56,44,73,55,95,53,72,36,37,50,57,75,55,58,41,32,14,26,61,65,64,38,56,4,59,20,73,59,19,31,80,40,3,49,61,5,79
Roverè della Luna,46,29,28,26,40,40,27,51,45,38,54,31,59,51,72,101,83,57,49,40,47,46,73,37,41,39,32,74,19,99,77,51,78,54,86,54,67,34,51,37,36,22,40,42,24,31,65,36,29,29,44,49,22,44,36,19,47,45,45,19,50,43,46,38,39,34,17,75,61,93,35,56,16,72,40,38,30,55,34,44,77,70,53,91,6,9,59,31,40,48,33,36,42,36,55,58,48,45,69,55,67,31,64,79,76,33,64,28,49,76,51,56,34,47,52,48,39,34,0,41,48,102,58,67,40,8,42,27,38,55,32,72,36,62,53,68,16,18,48,88,72,54,56,37,61,50,13,42,43,62,18,55,37,56,25,79,59,53,31,60,41,30,29,39,36,46
Ruffrè-Mendola,74,57,56,57,65,9,44,79,74,63,76,61,84,74,81,118,101,78,74,5,76,36,80,62,36,64,62,80,34,114,83,58,75,80,103,79,92,49,76,52,7,40,68,37,56,60,91,31,54,24,67,44,34,39,14,30,42,73,73,40,73,68,76,60,64,63,48,78,86,108,64,81,45,100,65,29,59,81,62,39,80,76,48,106,37,34,74,48,68,77,61,65,68,22,80,53,73,60,64,50,85,57,89,96,76,62,81,26,64,91,46,85,9,73,77,77,4,63,41,0,28,118,83,72,57,38,67,15,6,80,63,89,25,74,66,84,33,33,65,105,82,79,88,62,83,80,40,37,58,79,33,80,65,73,49,96,59,80,58,56,66,57,25,54,65,61
Rumo,79,62,61,61,69,27,48,83,78,68,77,65,89,79,67,119,101,81,79,23,80,14,66,66,21,68,66,108,36,136,110,79,61,84,104,84,97,77,80,80,25,44,72,23,60,64,95,13,58,19,72,30,31,25,23,34,28,78,77,45,78,73,80,64,69,67,53,64,90,136,68,86,49,104,69,10,64,85,66,25,66,104,33,134,41,39,101,52,73,81,66,70,72,15,84,39,78,88,50,36,71,61,94,96,62,66,75,30,92,119,32,89,29,77,81,81,24,67,48,28,0,145,88,100,62,43,72,23,23,85,68,90,32,102,79,70,38,38,70,107,68,83,86,67,88,84,45,23,86,79,38,85,70,82,54,97,85,85,63,42,71,62,24,82,70,89
Sagron Mis,149,102,120,90,105,127,128,144,142,98,92,123,72,144,162,190,172,150,85,123,151,148,163,99,143,97,124,78,121,25,81,77,167,83,175,77,57,70,81,66,124,124,133,144,91,124,69,138,107,131,137,151,124,146,131,121,149,138,138,121,143,106,120,104,110,127,99,164,68,19,136,112,105,165,95,140,98,111,127,146,166,74,154,17,108,111,63,133,141,149,133,127,90,139,82,160,101,59,171,157,157,102,67,168,166,131,154,130,53,26,153,150,126,88,92,141,122,133,102,118,145,0,79,70,143,106,105,129,123,80,91,162,137,65,82,159,118,120,141,178,162,84,86,98,154,131,110,143,62,152,120,89,137,147,112,169,76,152,124,162,111,131,131,70,127,57
Samone,75,41,46,48,31,79,66,69,68,40,48,49,7,70,88,116,98,76,11,80,77,85,88,25,80,23,49,92,59,54,94,61,93,9,101,3,15,54,7,57,75,62,59,81,49,49,13,76,33,68,63,89,62,84,75,58,86,64,64,58,69,40,46,36,35,53,49,90,13,61,62,37,43,90,21,78,38,37,53,83,92,87,92,62,49,50,76,70,66,75,59,53,15,75,7,97,45,62,108,95,83,28,12,93,92,57,79,67,66,77,90,75,73,13,18,67,78,59,58,83,88,79,0,78,69,49,38,67,77,6,46,87,75,74,56,85,56,57,67,104,88,10,12,24,80,57,45,81,55,78,58,15,63,73,38,95,54,77,50,100,37,57,69,55,53,58
San Giovanni di Fassa / Sèn Jan,111,66,92,55,87,81,93,110,110,62,56,94,80,110,128,156,138,116,74,77,112,108,129,81,108,83,95,8,85,67,10,42,133,70,141,75,88,34,72,30,79,88,99,109,55,95,86,104,74,96,103,116,88,112,86,85,114,104,104,85,109,70,107,68,74,98,64,130,82,61,101,100,69,131,84,101,63,100,93,111,132,4,120,60,72,75,9,97,105,114,98,99,81,94,76,125,65,23,136,122,123,73,85,134,132,102,119,94,17,44,118,115,81,78,74,112,76,99,67,72,100,70,78,0,105,70,69,87,78,73,55,126,97,4,46,123,82,84,106,143,127,69,68,81,118,110,74,109,26,116,84,71,95,112,80,134,40,111,89,128,84,88,95,35,96,22
San Lorenzo Dorsino,55,47,42,53,47,53,13,30,62,49,58,44,70,17,32,60,43,21,60,54,55,59,32,48,54,50,45,113,33,118,116,71,37,66,45,65,78,73,62,77,49,17,23,55,52,45,77,50,40,42,9,63,36,58,49,33,61,28,24,21,15,55,59,46,50,43,45,34,72,125,49,66,38,46,51,52,48,67,19,57,36,109,66,126,33,30,98,9,44,35,49,49,54,49,66,71,59,84,82,69,27,43,75,38,36,52,23,41,88,115,64,35,47,59,63,48,52,52,40,57,62,143,69,105,0,35,52,41,52,65,55,31,49,101,64,28,23,33,8,48,31,64,67,48,26,63,37,56,82,21,33,65,54,16,32,39,70,70,19,74,51,44,43,79,48,85
San Michele all'Adige,37,20,20,18,31,35,21,43,37,30,47,23,51,43,61,89,71,49,41,35,39,41,62,29,36,30,24,78,14,98,81,35,66,46,74,46,59,39,43,42,31,17,32,37,17,23,57,31,21,24,36,44,17,39,31,14,42,37,37,14,42,35,38,30,31,26,9,63,52,97,27,48,8,64,31,33,22,47,26,39,65,74,47,96,3,4,63,26,32,40,24,27,34,31,46,53,40,49,64,50,56,23,56,66,65,25,52,23,53,80,46,48,29,39,43,40,34,26,8,38,43,106,49,70,35,0,34,22,33,47,24,61,31,66,35,58,11,13,43,78,61,45,48,29,53,42,5,37,47,51,13,47,29,47,17,68,41,44,23,55,33,21,24,44,28,50
Sant'Orsola Terme,52,24,33,31,23,63,50,53,52,15,16,36,40,54,72,100,82,60,30,64,54,69,72,18,64,20,36,77,43,87,80,40,77,35,85,35,48,40,32,43,59,46,43,65,33,36,46,60,17,52,47,73,46,68,59,43,70,48,48,42,53,6,44,20,6,40,33,74,42,94,42,37,27,74,21,62,22,36,37,67,76,73,76,95,34,34,62,54,46,55,39,40,23,59,36,81,6,48,92,79,67,10,45,77,76,44,63,51,52,79,74,59,57,28,33,54,62,41,42,67,72,105,38,69,52,34,0,51,61,36,29,71,59,64,23,69,39,41,51,88,72,34,37,18,64,53,29,65,46,62,42,36,44,57,22,79,29,59,34,84,22,36,53,46,41,48
Sanzeno,58,41,40,41,48,12,28,63,58,47,56,45,68,58,65,102,84,62,58,12,60,22,64,46,19,48,45,95,18,115,98,58,59,63,87,63,76,61,60,64,8,24,52,21,40,44,74,15,38,8,51,28,17,23,7,14,26,57,57,24,57,52,60,43,48,47,32,62,70,120,48,65,29,84,49,15,43,64,46,23,63,91,31,118,21,18,86,32,52,61,45,49,51,8,64,36,57,72,47,34,69,41,73,80,60,45,65,9,76,103,29,68,6,56,61,61,10,47,27,15,23,129,67,87,41,22,51,0,10,64,47,73,9,89,58,67,18,17,49,90,66,63,65,46,68,64,24,21,70,63,17,64,49,57,34,80,64,65,42,39,50,42,9,66,49,73
Sarnonico,69,52,51,51,59,4,38,73,68,58,67,55,79,69,75,113,95,73,69,2,70,29,74,56,29,58,56,86,28,120,89,64,69,74,97,74,87,55,70,59,1,34,62,30,50,54,85,25,48,18,62,38,28,33,7,24,36,67,67,35,68,63,70,54,59,57,43,71,80,114,58,76,39,94,59,23,54,75,56,32,73,82,41,113,31,29,80,42,63,71,56,60,62,15,74,46,68,66,57,44,78,51,84,90,69,56,82,20,70,97,39,79,3,67,71,71,1,57,38,6,23,123,77,78,52,33,61,10,0,74,57,83,19,80,68,77,27,27,59,99,75,73,75,56,77,74,34,31,64,73,27,74,59,67,43,90,65,74,52,49,60,51,19,60,59,67
Scurelle,72,38,43,45,28,77,63,67,66,37,46,46,7,67,85,113,95,73,6,77,74,82,86,22,77,20,47,81,56,54,83,50,90,3,98,2,15,43,2,46,73,59,56,78,47,47,14,73,30,66,60,86,59,81,72,56,84,61,61,56,66,37,43,33,33,50,46,87,11,61,59,35,40,88,18,75,35,34,50,80,89,77,89,63,47,47,65,67,64,72,56,50,13,73,5,94,42,52,105,92,80,25,12,91,89,54,77,65,56,78,87,73,70,11,12,64,75,56,55,80,85,80,6,73,65,47,36,64,74,0,41,83,70,68,51,80,51,53,62,100,83,4,6,19,75,52,41,76,49,73,53,9,59,68,33,90,48,73,45,95,32,52,64,49,49,52
Segonzano,55,10,36,6,31,60,46,56,55,23,16,39,47,57,75,103,85,63,37,60,57,65,75,25,60,27,39,63,39,88,66,26,80,42,88,42,55,26,39,29,56,42,46,61,7,39,54,56,19,49,50,69,42,64,55,39,67,51,51,38,56,29,51,12,27,42,15,77,49,82,45,44,20,77,28,58,7,44,40,63,79,59,72,80,27,28,48,50,49,58,42,43,30,55,43,77,24,34,88,75,70,19,52,80,79,47,66,48,38,65,70,62,53,36,40,57,58,44,32,63,68,91,46,55,55,24,29,47,57,41,0,74,55,50,8,71,36,38,53,91,74,42,44,25,66,58,25,62,32,64,38,43,46,59,24,81,15,62,36,80,30,39,49,32,43,34
Sella Giudicarie,76,65,61,72,66,85,45,50,83,68,77,63,89,24,24,30,13,13,79,86,77,86,24,67,69,69,64,134,65,136,137,89,29,84,15,84,97,97,81,100,81,49,42,71,71,64,95,77,58,74,24,64,68,65,81,64,61,46,43,53,28,73,78,64,69,61,63,26,91,143,70,85,57,34,70,80,66,85,37,67,28,130,67,144,65,62,119,41,65,57,75,67,72,82,85,73,78,105,84,70,18,61,94,8,28,76,14,73,109,136,76,49,79,77,82,73,84,73,72,89,90,162,87,126,31,61,71,73,83,83,74,0,80,121,82,19,54,64,22,18,22,82,84,65,40,87,58,67,103,10,64,83,75,14,50,9,88,91,37,75,69,61,74,94,66,105
Sfruz,66,49,48,49,57,22,36,71,66,55,64,53,76,66,70,110,93,70,66,22,68,30,69,54,24,56,54,105,26,123,108,66,64,72,95,71,84,69,68,72,18,32,60,26,48,52,83,20,46,13,59,33,25,28,17,22,31,65,65,32,65,60,68,51,56,55,40,67,78,128,56,73,37,92,57,22,51,73,54,27,68,101,36,126,29,26,94,40,60,69,53,57,60,18,72,41,65,80,52,39,74,49,81,88,65,54,73,14,84,111,34,77,15,65,69,69,20,55,36,25,32,137,75,97,49,31,59,9,19,70,55,80,0,97,66,72,26,25,57,98,71,71,74,55,76,72,33,26,78,71,22,72,57,65,42,89,72,73,50,44,58,50,14,74,57,81
Soraga di Fassa / Soraga,106,61,87,50,82,83,88,105,106,57,52,89,75,105,123,151,134,111,69,79,108,109,124,76,110,78,90,12,81,63,15,37,128,65,136,70,83,29,67,26,81,84,94,111,51,90,82,105,70,90,98,118,84,113,87,81,116,99,99,80,104,65,103,63,70,93,59,125,78,56,96,96,64,126,79,103,58,95,88,113,127,8,121,55,67,71,5,92,100,109,93,94,76,95,72,127,60,18,138,124,118,69,80,129,127,98,115,89,12,39,120,111,83,74,69,108,78,95,62,74,102,65,74,4,101,66,64,89,80,68,50,121,97,0,41,119,77,79,101,138,122,64,63,77,114,105,69,111,21,112,79,66,90,107,75,129,35,106,84,130,79,83,90,30,91,17
Sover,64,19,45,17,41,70,57,65,64,16,10,48,57,66,84,112,94,72,47,71,66,76,84,35,71,37,48,54,50,79,57,17,89,52,97,52,65,17,49,20,66,53,55,72,18,48,64,67,28,59,59,80,53,75,66,50,77,60,60,49,65,24,61,21,28,51,26,86,59,73,54,54,31,86,38,69,16,54,49,74,88,50,83,71,38,39,39,61,58,67,51,52,41,66,53,88,19,25,99,86,78,27,62,89,88,56,75,58,29,56,81,71,64,46,50,66,69,53,53,66,79,82,56,46,64,35,23,58,68,51,8,82,66,41,0,80,47,49,62,99,83,51,50,35,75,67,36,72,23,73,49,53,55,68,33,90,6,71,45,91,38,48,60,23,52,25
Spiazzo,74,63,58,69,63,82,42,48,81,65,74,60,86,22,3,49,31,11,76,74,75,66,4,64,49,66,61,132,61,133,134,86,9,82,34,81,94,94,78,97,78,46,39,51,68,61,93,57,56,59,21,43,64,45,70,61,41,44,40,49,26,70,75,61,66,58,60,6,88,140,69,82,54,52,67,60,64,83,34,46,7,127,47,142,62,59,116,37,64,55,74,64,70,62,82,52,75,103,63,50,1,59,91,26,7,74,5,70,107,133,56,47,76,75,79,71,79,72,68,84,70,159,85,123,28,58,69,67,77,80,71,19,72,119,80,0,51,62,20,36,3,80,82,63,39,86,56,47,101,9,62,81,74,12,48,27,86,90,35,55,67,59,64,92,64,103
Spormaggiore,47,30,29,30,37,30,9,53,47,36,45,34,57,40,55,84,66,44,47,30,49,36,56,35,31,37,34,90,9,104,92,47,60,52,69,52,65,50,49,53,26,5,41,32,29,33,63,26,27,19,33,39,12,34,26,9,37,46,47,7,39,41,49,32,37,36,21,57,59,109,37,54,18,69,38,28,32,53,35,34,59,86,42,107,10,7,74,13,41,50,34,38,40,26,53,48,46,61,59,45,50,29,62,61,59,34,47,18,65,92,41,58,24,45,50,50,29,36,16,33,38,118,56,82,23,11,39,18,27,51,36,54,26,77,47,51,0,10,31,71,55,52,54,35,49,53,13,32,59,45,10,53,38,39,23,62,53,54,31,51,39,31,20,55,38,62
Sporminore,49,32,31,32,39,30,20,53,48,38,47,36,59,51,66,94,77,55,49,30,50,36,66,37,30,38,36,92,5,106,94,49,71,54,79,54,67,52,51,55,26,16,43,32,30,34,65,26,29,19,43,39,10,34,25,9,37,48,48,17,49,43,51,34,39,38,23,68,60,111,39,56,20,80,39,28,34,55,37,33,70,88,42,109,12,9,76,24,43,52,36,40,42,26,55,47,48,63,58,45,61,31,64,72,70,36,57,18,67,94,40,59,24,47,52,52,28,37,18,33,38,120,57,84,33,13,41,17,27,53,38,64,25,79,49,62,10,0,42,82,65,54,56,37,60,55,15,32,61,56,13,55,40,50,24,73,55,55,33,50,41,32,17,57,40,64
Stenico,53,45,40,51,45,62,21,28,60,47,56,42,68,12,24,52,35,12,58,62,53,67,24,46,62,48,43,114,41,116,116,68,29,64,37,63,76,76,60,79,58,25,21,63,50,43,75,58,38,51,4,64,44,65,57,41,61,26,22,29,10,53,57,44,48,41,42,26,70,123,47,64,36,41,49,60,46,65,17,67,28,110,67,124,41,39,98,17,42,33,47,47,52,58,64,73,57,85,84,70,18,41,73,30,28,50,15,50,89,115,76,30,55,57,61,46,60,50,48,65,70,141,67,106,8,43,51,49,59,62,53,22,57,101,62,20,31,42,0,40,23,62,65,46,22,61,39,68,83,13,41,63,52,8,30,31,68,68,17,76,49,42,51,74,46,86
Storo,60,82,69,89,83,102,62,37,67,85,94,67,106,41,40,12,6,30,96,102,60,103,41,84,86,85,65,151,81,153,154,106,46,101,14,101,114,114,98,117,98,66,53,88,87,76,112,94,75,91,40,80,84,82,98,81,78,48,43,69,45,90,78,81,86,80,80,43,107,160,54,92,74,15,86,97,83,101,54,83,44,147,84,161,82,79,136,57,49,40,59,62,89,99,101,89,95,122,100,87,35,78,111,11,44,59,31,90,126,153,93,32,96,94,98,57,101,57,88,105,107,178,104,143,48,78,88,90,99,100,91,18,98,138,99,36,71,82,40,0,40,99,102,83,36,72,76,84,120,27,82,100,59,32,67,15,105,75,55,92,87,58,92,112,62,123
Strembo,78,66,61,72,66,80,45,52,85,69,77,63,90,25,2,52,34,15,79,72,78,64,1,67,47,69,64,135,65,137,137,90,7,85,37,85,98,97,81,101,76,49,42,49,71,64,96,55,59,57,24,42,68,43,68,64,39,47,43,53,29,74,78,65,69,62,64,4,91,144,72,85,57,56,70,58,67,86,38,45,6,131,45,145,65,62,119,41,67,58,77,68,73,60,85,51,78,106,62,48,4,62,94,30,5,77,8,69,110,137,54,50,74,78,82,75,77,75,72,82,68,162,88,127,31,61,72,66,75,83,74,22,71,122,83,3,55,65,23,40,0,83,86,67,42,90,60,46,104,13,65,84,77,15,51,31,89,93,39,53,70,63,62,96,67,107
Telve,71,37,42,44,27,75,62,65,64,35,44,45,11,66,84,112,94,72,4,75,72,81,84,21,76,19,45,77,55,59,79,46,89,1,96,6,19,40,2,42,71,58,55,77,45,45,18,71,28,64,59,84,58,80,71,54,82,60,60,54,65,36,42,32,31,48,45,86,13,66,58,33,39,86,17,74,34,32,49,79,88,73,88,67,45,46,61,66,62,71,54,49,11,71,7,93,41,48,104,90,78,24,16,89,88,53,75,63,52,82,86,71,69,9,8,63,74,55,54,79,83,84,10,69,64,45,34,63,73,4,42,82,71,64,51,80,52,54,62,99,83,0,2,20,75,53,41,77,46,73,53,5,59,69,34,91,45,73,46,95,33,53,64,45,49,48
Telve di Sopra,74,40,45,47,29,78,64,68,67,38,47,47,13,68,86,114,97,74,7,78,75,84,87,24,78,21,48,76,57,60,79,45,92,3,99,8,21,39,5,42,74,60,57,80,48,48,20,74,31,67,61,87,60,82,73,57,85,62,62,57,67,38,44,35,34,51,47,88,16,68,60,36,41,89,20,76,37,35,51,82,90,72,90,69,48,49,61,68,65,73,57,52,14,74,10,95,44,47,106,93,81,26,18,92,90,55,78,66,51,84,88,74,72,10,6,65,76,58,56,88,86,86,12,68,67,48,37,65,75,6,44,84,74,63,50,82,54,56,65,102,86,2,0,22,78,55,44,80,45,76,56,3,62,71,36,93,44,76,48,98,35,55,67,45,52,47
Tenna,57,21,28,28,13,59,45,49,47,19,28,31,26,49,67,95,78,55,16,59,49,65,68,7,59,5,31,89,38,73,92,45,73,21,80,21,34,52,17,55,55,41,38,61,29,31,32,55,12,48,42,68,41,63,54,38,66,43,43,38,48,19,28,16,15,34,28,69,27,80,44,22,22,70,5,57,18,22,32,63,71,85,71,81,29,30,74,49,48,57,40,35,9,55,21,76,25,60,87,74,62,7,31,73,71,39,59,47,64,96,69,55,53,14,18,49,57,41,37,62,67,98,24,81,48,29,18,46,56,19,25,65,55,77,35,63,35,37,46,83,67,20,22,0,59,39,25,61,58,57,37,21,45,53,17,74,41,59,29,79,15,39,48,58,35,60
Tenno,35,57,44,64,58,80,40,9,42,60,69,43,81,17,43,48,42,27,71,80,36,86,43,59,81,61,41,126,59,128,129,81,48,76,50,76,89,89,73,92,76,44,25,82,63,52,87,76,51,69,17,83,62,84,76,59,80,20,15,47,12,65,54,56,61,56,55,45,83,135,29,67,49,20,62,78,58,77,29,86,47,122,86,137,55,55,111,35,24,16,34,37,64,76,77,92,70,97,103,89,37,54,86,47,46,35,34,68,101,128,95,8,74,69,74,32,78,32,61,83,88,154,80,118,26,53,64,68,77,75,66,40,76,114,75,39,49,60,22,36,42,75,78,59,0,47,51,87,96,31,60,76,35,26,43,48,81,51,30,94,62,33,70,87,38,98
Terragnolo,31,49,27,56,33,76,63,40,34,52,61,20,59,65,90,84,78,75,49,76,33,82,91,37,77,35,18,118,56,106,121,73,96,54,86,54,67,81,50,84,72,59,53,78,54,30,65,72,43,65,57,85,58,81,72,55,83,48,43,55,60,54,11,48,50,33,47,92,60,113,19,25,41,56,39,75,50,34,47,80,94,114,89,114,44,47,103,67,23,31,19,20,42,72,54,94,60,89,105,91,85,42,64,83,94,20,82,64,93,129,87,40,70,47,51,39,75,14,50,80,84,131,57,110,63,42,53,64,74,52,58,87,72,105,67,86,53,55,61,72,90,53,55,39,47,0,43,78,90,78,55,54,18,74,33,87,73,26,44,97,52,18,66,90,15,92
Terre d'Adige,37,17,20,19,28,37,23,42,37,26,35,24,47,42,60,88,71,48,37,37,39,43,61,25,37,27,25,82,16,94,84,37,66,42,73,42,55,43,39,48,33,19,31,39,18,23,53,33,17,26,35,46,19,41,32,16,44,36,36,16,41,31,39,26,27,26,10,62,49,101,27,44,4,63,28,35,18,43,25,41,64,78,49,102,7,6,66,27,32,40,24,28,30,33,43,54,36,53,65,52,55,19,52,66,64,25,52,25,57,84,47,48,31,35,40,40,35,26,13,40,45,110,45,74,37,5,29,24,34,41,25,58,33,69,36,56,13,15,39,76,60,41,44,25,51,43,0,39,51,50,15,43,28,46,13,68,42,44,22,57,29,21,26,48,27,53
Terzolas,73,56,55,56,63,35,42,77,72,62,71,59,83,70,45,97,79,59,73,28,74,20,44,60,3,62,60,117,30,130,120,73,39,78,81,78,91,76,74,79,31,38,66,4,54,58,89,10,53,13,69,8,26,3,23,28,6,72,71,39,74,67,74,58,63,61,47,42,84,134,62,80,43,100,63,14,58,79,60,2,43,113,11,133,35,33,100,46,67,75,60,64,66,15,78,17,72,86,28,14,49,55,88,74,40,60,53,24,91,117,9,83,29,71,75,75,33,61,42,37,23,143,81,109,56,37,65,21,31,76,62,67,26,111,72,47,32,32,68,84,46,77,80,61,87,78,39,0,84,57,32,79,64,60,48,75,79,79,57,19,65,56,18,81,64,88
Tesero,76,43,68,32,64,67,69,87,76,39,33,71,57,87,105,133,115,93,51,63,78,88,105,58,83,60,72,34,61,59,36,18,110,47,118,52,65,7,49,4,64,64,76,84,32,72,63,78,51,71,80,91,64,86,71,61,89,81,81,61,86,47,84,45,51,75,41,107,59,53,66,77,46,108,61,80,39,76,70,86,109,30,94,51,48,51,18,73,70,79,63,75,58,79,53,100,42,2,111,97,100,50,62,110,109,63,96,70,9,36,93,92,67,55,51,89,62,65,43,58,86,62,55,26,82,47,46,70,64,49,32,103,78,21,23,101,59,61,83,120,104,46,45,58,96,90,51,84,0,95,60,49,74,90,58,112,18,89,67,102,62,66,71,8,74,5
Tione di Trento,66,55,51,62,56,75,35,40,73,58,67,53,79,14,13,40,22,3,69,76,67,76,14,57,59,59,54,124,55,126,127,79,18,74,25,74,87,87,71,90,71,39,32,61,61,54,85,66,49,64,14,53,58,55,71,55,51,36,33,43,18,63,68,54,59,51,53,15,81,133,61,75,47,43,60,70,56,75,27,56,17,120,57,135,55,52,109,31,55,47,66,57,62,71,75,62,68,95,73,60,8,52,84,18,17,66,4,63,99,126,66,39,69,67,72,63,74,64,62,79,79,152,78,116,21,51,62,63,73,73,64,10,71,112,73,9,45,56,13,27,13,73,76,57,31,78,50,57,95,0,55,74,66,5,41,19,79,82,28,65,60,53,65,85,57,96
Ton,49,32,31,32,39,30,20,54,49,38,47,36,59,50,65,94,76,54,49,30,51,35,66,37,30,39,36,92,13,106,94,49,70,54,79,54,67,52,51,55,25,15,43,31,31,35,65,26,29,18,43,39,12,34,25,9,37,48,48,15,49,43,51,34,39,38,23,68,61,111,39,56,20,75,40,28,34,55,37,33,70,88,42,109,12,9,77,24,43,52,36,40,42,25,55,47,48,63,58,45,60,32,64,72,70,36,57,17,67,94,40,59,23,47,52,52,28,38,18,33,38,120,58,84,33,13,42,17,27,53,38,64,22,79,49,62,10,13,41,82,65,53,56,37,60,55,15,32,60,55,0,55,40,49,25,73,55,56,33,50,41,33,19,57,40,64
Torcegno,72,38,43,45,28,77,63,67,65,37,46,46,16,67,85,113,95,73,12,77,74,82,86,22,77,20,47,79,56,63,81,48,90,6,98,11,24,42,8,45,72,59,56,78,47,47,23,73,30,65,60,86,59,81,72,56,84,61,61,55,66,37,43,33,33,50,46,87,19,70,59,34,40,88,18,75,35,34,50,80,89,75,89,72,47,47,63,67,64,72,56,50,13,72,13,94,42,50,105,92,80,25,21,91,89,54,77,65,54,87,87,72,70,7,3,64,75,56,55,80,85,89,15,71,65,47,36,64,74,9,43,83,72,66,53,81,53,55,63,100,84,5,3,21,76,54,43,79,49,74,55,0,60,70,35,92,47,75,47,97,34,54,66,48,50,50
Trambileno,17,38,18,41,33,62,48,27,22,40,49,16,65,52,78,71,65,62,55,62,20,67,78,38,62,40,14,103,41,112,106,58,83,60,73,60,73,66,57,69,57,44,41,63,39,21,71,58,31,50,52,71,44,66,57,41,69,35,30,40,47,46,27,37,41,24,32,80,66,119,7,40,27,43,45,60,39,50,36,65,82,99,74,120,31,32,88,52,10,19,9,11,48,57,60,79,50,74,90,77,72,34,70,71,82,9,69,50,78,105,72,27,55,53,57,26,60,4,37,65,70,137,63,95,54,29,44,49,59,59,46,75,57,90,55,74,38,40,52,59,77,59,62,45,35,18,28,64,74,66,40,60,0,61,25,75,64,20,36,84,45,8,53,66,10,83
Tre Ville,62,51,46,57,51,70,30,36,69,54,63,48,75,14,16,44,27,4,65,70,63,78,16,52,61,54,49,120,49,122,122,75,21,70,29,70,83,82,66,86,66,33,27,63,56,50,81,69,44,59,9,56,52,57,65,49,53,32,28,37,15,59,63,50,55,47,49,18,76,129,56,71,43,46,55,72,52,71,23,59,20,116,59,130,50,47,105,25,51,43,61,53,58,66,70,65,64,91,76,62,10,47,80,22,20,56,7,58,95,122,68,34,64,63,67,59,68,59,56,73,82,147,73,112,16,47,57,57,67,68,59,14,65,107,68,12,39,50,8,32,15,69,71,53,26,74,46,60,90,5,49,70,61,0,36,23,74,78,24,67,56,48,59,81,52,92
Trento,31,18,12,25,14,46,32,33,31,18,27,14,39,34,52,80,62,40,29,46,33,52,52,17,47,19,15,88,25,86,90,42,57,35,64,34,47,50,31,53,42,28,23,48,23,15,46,42,9,35,26,55,28,50,42,25,53,28,28,25,33,23,29,15,19,18,16,54,41,94,21,33,10,54,20,44,17,36,16,50,56,84,58,95,16,17,72,37,26,34,18,18,23,42,35,64,28,59,75,61,46,12,44,57,56,22,43,34,63,89,57,39,40,28,32,32,45,20,25,49,54,112,38,80,32,17,22,34,43,33,24,50,42,75,33,48,23,24,30,67,51,34,36,17,43,33,13,48,58,41,25,35,25,36,0,59,40,40,13,67,21,17,36,57,19,59
Valdaone,75,73,68,79,73,93,53,58,82,76,84,70,97,31,31,28,10,21,86,93,76,94,32,74,77,76,71,142,72,144,144,97,36,92,13,92,105,104,88,108,89,57,49,79,78,71,103,84,66,82,31,71,75,73,88,72,69,54,50,60,36,81,85,72,76,69,71,33,98,151,70,93,65,31,77,88,74,93,45,74,35,138,75,152,73,70,126,48,65,56,75,75,80,89,92,80,86,113,91,78,26,69,102,3,35,75,22,81,117,144,84,48,87,85,89,72,91,73,79,96,97,169,95,134,39,68,79,80,90,90,81,9,89,129,90,27,62,73,31,15,31,91,93,74,48,87,68,75,112,19,73,92,75,23,59,0,96,91,46,83,78,73,83,103,74,114
Valfloriana,70,26,51,23,46,69,63,72,70,22,16,54,56,72,90,118,100,78,49,65,72,82,91,41,77,42,55,48,56,73,50,14,95,46,103,51,64,10,47,13,66,59,61,78,24,55,62,73,34,65,65,86,59,81,72,56,84,66,66,55,71,30,67,28,34,58,32,92,58,67,60,60,37,93,44,75,22,59,55,80,94,44,89,65,44,45,32,67,65,73,57,58,46,72,52,94,24,19,105,92,85,33,61,96,94,62,82,64,23,50,87,77,68,51,49,72,64,59,59,59,85,76,54,40,70,41,29,64,65,48,15,88,72,35,6,86,53,55,68,105,89,45,44,41,81,73,42,79,18,79,55,47,64,74,40,96,0,77,51,97,44,54,66,16,59,19
Vallarsa,33,53,34,56,47,77,63,44,38,56,65,30,79,68,94,87,81,78,69,77,36,83,94,52,78,55,28,119,56,126,121,73,99,74,89,74,87,81,71,84,73,59,57,79,55,37,85,73,46,66,68,86,59,81,73,56,84,52,46,56,63,61,38,52,57,40,47,96,81,133,23,51,42,59,60,75,54,61,51,81,98,115,89,134,46,48,103,67,26,35,24,27,62,73,75,95,66,90,106,92,88,49,84,87,98,25,85,65,94,120,88,43,71,67,72,43,75,19,53,80,85,152,77,111,70,44,59,65,74,73,62,91,73,106,71,90,54,55,68,75,93,73,76,59,51,26,44,79,89,82,56,75,20,78,40,91,77,0,54,99,64,23,68,81,25,102
Vallelaghi,46,28,23,34,28,55,33,21,42,30,39,25,51,21,39,67,50,27,41,55,46,60,40,29,55,31,26,97,34,98,99,51,44,47,52,46,59,59,43,62,51,37,10,56,33,26,58,51,21,44,14,64,37,59,50,34,62,15,15,34,20,35,40,27,31,29,25,41,53,106,32,47,19,42,32,53,29,48,4,58,43,93,67,107,25,25,81,29,35,26,30,29,35,51,47,72,40,68,83,70,34,24,56,45,43,33,31,43,72,98,65,27,48,40,44,39,53,31,31,58,63,124,50,89,19,23,34,42,52,45,36,37,50,84,45,35,31,33,17,55,39,46,48,29,30,44,22,57,67,28,33,47,36,24,13,46,51,54,0,75,32,24,44,57,29,68
Vermiglio,91,74,73,74,81,54,61,104,91,80,89,78,101,78,53,105,87,67,91,46,93,38,52,79,21,81,78,136,48,148,138,91,47,96,89,96,109,94,93,97,50,57,85,23,73,77,107,29,71,31,77,11,44,17,42,46,14,90,96,57,82,85,93,76,81,80,65,50,103,153,81,98,62,108,82,32,76,97,79,18,51,132,8,151,54,51,119,65,85,111,78,82,84,34,97,3,90,105,15,5,57,74,106,82,48,78,61,42,109,136,28,102,48,89,94,94,51,80,60,56,42,162,100,128,74,55,84,39,49,95,80,75,44,130,91,55,51,50,76,92,53,95,98,79,94,97,57,19,102,65,50,97,84,67,67,83,97,99,75,0,83,75,36,99,82,106
Vignola-Falesina,51,25,32,32,21,63,49,53,51,22,31,35,38,53,71,99,81,59,28,63,53,68,72,16,63,18,36,92,42,85,94,49,76,34,84,33,46,54,30,58,59,45,42,64,34,36,45,59,16,52,46,72,45,67,58,42,70,47,47,41,52,22,41,19,18,39,32,73,40,93,41,35,26,74,19,61,22,35,36,66,75,88,75,94,33,33,76,53,46,54,39,39,22,58,34,80,26,63,91,78,66,10,43,77,75,43,63,51,67,94,73,59,56,27,31,53,61,40,41,66,71,111,37,84,51,33,22,50,60,32,30,69,58,79,38,67,39,41,49,87,70,33,35,15,62,52,29,65,62,60,41,34,45,56,21,78,44,64,32,83,0,36,52,60,40,63
Villa Lagarina,19,30,11,33,27,54,40,26,18,33,42,10,59,51,63,70,64,61,48,54,19,60,64,31,55,34,7,96,33,106,98,50,69,54,72,54,67,58,50,61,50,36,39,56,32,14,65,50,23,43,38,63,36,58,50,33,61,34,29,33,46,38,21,29,34,17,24,65,60,113,4,34,19,42,39,52,31,44,28,58,67,92,66,114,23,25,80,45,9,17,1,4,42,50,54,72,43,67,83,69,58,26,64,69,67,2,55,42,71,97,65,26,48,47,51,19,53,3,30,57,62,131,57,88,44,21,36,42,51,52,39,61,50,83,48,59,31,32,42,58,63,53,55,39,33,18,21,56,66,53,33,54,8,48,17,73,54,23,24,75,36,0,45,58,4,75
Ville d'Anaunia,60,43,42,43,50,22,30,65,60,49,58,47,70,60,62,104,86,64,60,22,62,21,61,48,16,50,47,103,12,117,105,60,56,65,89,65,78,63,62,66,18,26,54,17,42,46,76,12,40,4,53,25,7,20,17,10,22,59,59,26,59,54,62,45,50,49,34,58,72,122,50,67,31,86,51,14,45,66,48,19,60,99,28,120,23,20,88,34,54,63,47,51,53,11,66,33,59,74,44,31,65,43,75,82,56,47,69,13,78,105,26,70,16,58,63,63,20,49,29,25,24,131,69,95,43,24,53,9,19,64,49,74,14,90,60,64,20,17,51,92,62,64,67,48,70,66,26,18,71,65,19,66,53,59,36,83,66,68,44,36,52,45,0,68,51,75
Ville di Fiemme,73,43,55,31,63,63,65,78,72,38,33,71,57,78,96,124,106,84,50,60,74,85,97,57,79,59,71,43,58,68,45,18,101,47,109,52,65,5,48,4,61,61,67,81,32,58,63,75,51,68,71,88,61,83,68,58,86,72,72,58,77,47,84,45,51,61,40,98,59,61,62,77,45,99,61,77,39,76,61,82,100,38,91,60,45,48,27,69,67,75,60,63,57,76,53,96,41,11,107,94,91,50,62,102,100,60,88,67,18,44,89,84,63,55,50,76,59,61,39,54,82,70,55,35,79,44,46,66,60,49,32,94,74,30,23,92,55,57,74,112,96,45,45,58,87,90,48,81,8,85,57,48,66,81,57,103,16,81,57,99,60,58,68,0,72,13
Volano,21,35,14,41,23,62,48,31,22,38,46,6,55,55,68,74,68,56,45,62,23,67,68,28,62,30,4,104,41,102,106,58,73,50,76,50,63,66,47,69,58,44,39,63,40,17,61,58,28,51,43,71,44,66,57,41,69,39,33,41,50,43,17,34,38,20,32,70,56,109,8,30,26,46,35,60,36,40,33,65,72,100,74,110,29,32,88,52,13,22,6,7,38,58,50,79,47,75,90,77,63,31,60,74,72,6,59,50,79,105,72,30,55,43,47,24,60,5,36,65,70,127,53,96,48,28,41,49,59,49,43,66,57,91,52,64,38,40,46,62,67,49,52,35,38,15,27,64,74,57,40,50,10,52,19,74,59,25,29,82,40,4,51,72,0,78
Ziano di Fiemme,90,45,71,34,66,70,72,89,90,41,36,73,59,89,107,135,118,95,53,66,92,91,108,60,86,62,74,30,65,55,32,21,112,49,120,54,67,12,51,9,68,68,78,87,35,74,66,82,54,74,82,95,68,90,74,65,93,83,83,64,88,49,87,47,54,77,43,109,62,49,80,80,48,110,63,84,42,79,72,89,111,26,98,47,51,55,14,76,84,93,77,78,60,83,56,103,44,2,114,101,102,53,64,113,111,82,99,73,5,31,96,95,70,57,53,92,65,79,46,61,89,57,58,22,85,50,48,73,67,52,34,105,81,17,25,103,62,64,86,123,107,48,47,60,98,92,53,88,5,96,64,50,83,92,59,114,19,102,68,106,63,75,75,13,78,0
