Codice,Comune,Comune_norm,Stesso,Altro,Lordo,Netto,Totale,popolazione,quota_stesso,quota_intra,quota_extra,in_Stesso,in_Altro,in_Lordo,in_Netto,in_Totale,saldo_netto,indice_bilancio,intensita_pendolarismo,autocontenimento_pc,attrattivita_pc
1,Ala,Ala,1203,1991,3317,2114,123,8797,0.36267711787760026,0.6002411817907748,0.037081700331624966,1203,984,2263,1060,76,-47,0.6178861788617886,0.02262134818688189,0.1367511651699443,0.008639308855291577
2,Albiano,Albiano,206,322,548,342,20,1497,0.3759124087591241,0.5875912408759124,0.0364963503649635,206,398,604,398,0,-20,0.0,0.013360053440213761,0.13760855043420173,0.0
3,Aldeno,Aldeno,294,1052,1378,1084,32,3188,0.21335268505079827,0.7634252539912917,0.023222060957910014,294,327,625,331,4,-28,0.125,0.011292346298619825,0.09222082810539524,0.0012547051442910915
235,Altavalle,Altavalle,155,435,598,443,8,1621,0.2591973244147157,0.7274247491638796,0.013377926421404682,155,100,260,105,5,-3,0.625,0.008019740900678593,0.09561998766193708,0.0030845157310302285
236,Altopiano della Vigolana,Altopiano della Vigolana,404,1728,2166,1762,34,5107,0.18651892890120036,0.7977839335180056,0.01569713758079409,404,335,750,346,11,-23,0.3235294117647059,0.008811435284903074,0.07910710789112982,0.002153906402976307
237,Amblar-Don,Amblar-Don,66,121,203,137,16,547,0.3251231527093596,0.5960591133004927,0.07881773399014778,66,58,126,60,2,-14,0.125,0.03290676416819013,0.1206581352833638,0.003656307129798903
5,Andalo,Andalo,271,109,380,109,0,1207,0.7131578947368421,0.2868421052631579,0.0,271,372,650,379,7,7,,0.00579950289975145,0.22452361226180614,0.00579950289975145
6,Arco,Arco,4000,2721,6866,2866,145,17745,0.5825808330905913,0.39630061170987474,0.021118555199533935,4000,4160,8344,4344,184,39,1.2689655172413794,0.01854043392504931,0.22541561003099464,0.010369118061425753
7,Avio,Avio,661,792,1560,899,107,4090,0.4237179487179487,0.5076923076923077,0.0685897435897436,661,545,1336,675,130,23,1.2149532710280373,0.05794621026894865,0.16161369193154035,0.03178484107579462
9,Baselga di Pinè,Baselga di Pinè,605,1346,1976,1371,25,5086,0.3061740890688259,0.6811740890688259,0.012651821862348178,605,397,1037,432,35,10,1.4,0.011797090051120724,0.11895399134880062,0.006881635863153756
11,Bedollo,Bedollo,87,458,555,468,10,1471,0.15675675675675677,0.8252252252252252,0.018018018018018018,87,76,164,77,1,-9,0.1,0.007477906186267845,0.05914343983684568,0.0006798096532970768
13,Besenello,Besenello,204,991,1218,1014,23,2750,0.16748768472906403,0.8136288998357963,0.018883415435139574,204,202,408,204,2,-21,0.08695652173913043,0.00909090909090909,0.07418181818181818,0.0007272727272727272
15,Bieno,Bieno,25,117,147,122,5,448,0.17006802721088435,0.7959183673469388,0.034013605442176874,25,20,46,21,1,-4,0.2,0.013392857142857142,0.05580357142857143,0.002232142857142857
17,Bleggio Superiore,Bleggio Superiore,151,409,567,416,7,1525,0.26631393298059963,0.7213403880070547,0.012345679012345678,151,191,405,254,63,56,9.0,0.04590163934426229,0.09901639344262295,0.04131147540983607
18,Bocenago,Bocenago,33,117,151,118,1,398,0.2185430463576159,0.7748344370860927,0.006622516556291391,33,79,115,82,3,2,3.0,0.010050251256281407,0.0829145728643216,0.007537688442211055
21,Bondone,Bondone,42,149,220,178,29,641,0.19090909090909092,0.6772727272727272,0.1318181818181818,42,37,95,53,16,-13,0.5517241379310345,0.07020280811232449,0.0655226209048362,0.0249609984399376
238,Borgo Chiese,Borgo Chiese,291,351,673,382,31,1959,0.4323922734026746,0.5215453194650818,0.04606240713224369,291,544,1033,742,198,167,6.387096774193548,0.11689637570188872,0.14854517611026033,0.10107197549770292
239,Borgo Lares,Borgo Lares,60,206,268,208,2,714,0.22388059701492538,0.7686567164179104,0.007462686567164179,60,310,377,317,7,5,3.5,0.012605042016806723,0.08403361344537816,0.00980392156862745
22,Borgo Valsugana,Borgo Valsugana,1224,1502,2777,1553,51,6981,0.44076341375585165,0.5408714440043212,0.018365142239827152,1224,1625,2988,1764,139,88,2.7254901960784315,0.027216731127345652,0.17533304684142673,0.019911187508952873
252,Borgo d'Anaunia,Borgo d'Anaunia,388,397,891,503,106,2496,0.43546576879910215,0.44556677890011226,0.11896745230078563,388,471,876,488,17,-89,0.16037735849056603,0.04927884615384615,0.15544871794871795,0.006810897435897436
25,Brentonico,Brentonico,404,965,1396,992,27,4032,0.28939828080229224,0.6912607449856734,0.019340974212034383,404,200,609,205,5,-22,0.18518518518518517,0.007936507936507936,0.1001984126984127,0.001240079365079365
26,Bresimo,Bresimo,13,73,89,76,3,250,0.14606741573033707,0.8202247191011236,0.033707865168539325,13,176,189,176,0,-3,0.0,0.012,0.052,0.0
29,Caderzone Terme,Caderzone Terme,63,179,243,180,1,691,0.25925925925925924,0.7366255144032922,0.00411522633744856,63,90,153,90,0,-1,0.0,0.001447178002894356,0.09117221418234443,0.0
32,Calceranica al Lago,Calceranica al Lago,117,438,565,448,10,1381,0.20707964601769913,0.7752212389380531,0.017699115044247787,117,419,540,423,4,-6,0.4,0.010137581462708182,0.08472121650977553,0.002896451846488052
33,Caldes,Caldes,115,294,410,295,1,1091,0.2804878048780488,0.7170731707317073,0.0024390243902439024,115,118,233,118,0,-1,0.0,0.0009165902841429881,0.10540788267644363,0.0
34,Caldonazzo,Caldonazzo,300,1315,1634,1334,19,3878,0.1835985312117503,0.8047735618115055,0.011627906976744186,300,405,714,414,9,-10,0.47368421052631576,0.007220216606498195,0.07735946364105209,0.0023207839092315627
35,Calliano,Calliano,111,763,896,785,22,2008,0.12388392857142858,0.8515625,0.024553571428571428,111,547,664,553,6,-16,0.2727272727272727,0.013944223107569721,0.055278884462151394,0.00298804780876494
36,Campitello di Fassa / Ciampedel,Campitello di Fassa / Ciampedel,90,125,216,126,1,708,0.4166666666666667,0.5787037037037037,0.004629629629629629,90,117,211,121,4,3,4.0,0.007062146892655367,0.1271186440677966,0.005649717514124294
37,Campodenno,Campodenno,158,398,580,422,24,1516,0.27241379310344827,0.6862068965517242,0.041379310344827586,158,89,248,90,1,-23,0.041666666666666664,0.016490765171503958,0.10422163588390501,0.0006596306068601583
38,Canal San Bovo,Canal San Bovo,217,210,460,243,33,1465,0.4717391304347826,0.45652173913043476,0.07173913043478261,217,126,358,141,15,-18,0.45454545454545453,0.032764505119453925,0.14812286689419796,0.010238907849829351
39,Canazei / Cianacei,Canazei / Cianacei,429,124,560,131,7,1947,0.7660714285714286,0.22142857142857142,0.0125,429,298,758,329,31,24,4.428571428571429,0.019517205957883924,0.22033898305084745,0.015921931176168466
40,Capriana,Capriana,44,158,238,194,36,584,0.18487394957983194,0.6638655462184874,0.15126050420168066,44,0,45,1,1,-35,0.027777777777777776,0.06335616438356165,0.07534246575342465,0.0017123287671232876
42,Carisolo,Carisolo,96,217,313,217,0,949,0.30670926517571884,0.6932907348242812,0.0,96,108,207,111,3,3,,0.003161222339304531,0.101159114857745,0.003161222339304531
43,Carzano,Carzano,33,161,199,166,5,519,0.1658291457286432,0.8090452261306532,0.02512562814070352,33,77,111,78,1,-4,0.2,0.011560693641618497,0.06358381502890173,0.0019267822736030828
45,Castel Condino,Castel Condino,12,59,77,65,6,222,0.15584415584415584,0.7662337662337663,0.07792207792207792,12,53,66,54,1,-5,0.16666666666666666,0.03153153153153153,0.05405405405405406,0.0045045045045045045
240,Castel Ivano,Castel Ivano,277,945,1242,965,20,3269,0.22302737520128824,0.7608695652173914,0.01610305958132045,277,406,722,445,39,19,1.95,0.018048332823493423,0.08473539308657081,0.011930253900275314
48,Castello Tesino,Castello Tesino,134,244,390,256,12,1161,0.3435897435897436,0.6256410256410256,0.03076923076923077,134,56,202,68,12,0,1.0,0.020671834625323,0.11541774332472007,0.0103359173126615
47,Castello-Molina di Fiemme,Castello-Molina di Fiemme,208,579,887,679,100,2320,0.23449830890642615,0.6527621195039459,0.11273957158962795,208,196,420,212,16,-84,0.16,0.05,0.0896551724137931,0.006896551724137931
49,Castelnuovo,Castelnuovo,85,331,430,345,14,1072,0.19767441860465115,0.7697674418604651,0.03255813953488372,85,407,506,421,14,0,1.0,0.026119402985074626,0.07929104477611941,0.013059701492537313
50,Cavalese,Cavalese,777,569,1446,669,100,4040,0.5373443983402489,0.39349930843706776,0.06915629322268327,777,1077,1899,1122,45,-55,0.45,0.03589108910891089,0.19232673267326733,0.011138613861386138
51,Cavareno,Cavareno,114,261,442,328,67,1128,0.2579185520361991,0.5904977375565611,0.1515837104072398,114,114,236,122,8,-59,0.11940298507462686,0.06648936170212766,0.10106382978723404,0.0070921985815602835
52,Cavedago,Cavedago,39,149,194,155,6,554,0.20103092783505155,0.7680412371134021,0.030927835051546393,39,58,98,59,1,-5,0.16666666666666666,0.01263537906137184,0.0703971119133574,0.0018050541516245488
53,Cavedine,Cavedine,289,895,1208,919,24,3014,0.2392384105960265,0.7408940397350994,0.019867549668874173,289,225,516,227,2,-22,0.08333333333333333,0.008626410086264101,0.09588586595885866,0.0006635700066357001
54,Cavizzana,Cavizzana,16,79,96,80,1,240,0.16666666666666666,0.8229166666666666,0.010416666666666666,16,67,83,67,0,-1,0.0,0.004166666666666667,0.06666666666666667,0.0
241,Cembra Lisignago,Cembra Lisignago,258,520,801,543,23,2302,0.32209737827715357,0.6491885143570537,0.02871410736579276,258,276,535,277,1,-22,0.043478260869565216,0.010425716768027803,0.11207645525629888,0.0004344048653344917
58,Cimone,Cimone,37,259,301,264,5,715,0.12292358803986711,0.8604651162790697,0.016611295681063124,37,16,53,16,0,-5,0.0,0.006993006993006993,0.05174825174825175,0.0
59,Cinte Tesino,Cinte Tesino,22,86,109,87,1,343,0.2018348623853211,0.7889908256880734,0.009174311926605505,22,65,91,69,4,3,4.0,0.014577259475218658,0.0641399416909621,0.011661807580174927
60,Cis,Cis,30,90,122,92,2,301,0.2459016393442623,0.7377049180327869,0.01639344262295082,30,43,75,45,2,0,1.0,0.013289036544850499,0.09966777408637874,0.006644518272425249
61,Civezzano,Civezzano,268,1435,1731,1463,28,4086,0.15482380127094164,0.829000577700751,0.016175621028307337,268,403,677,409,6,-22,0.21428571428571427,0.008321096426823299,0.06558981889378365,0.0014684287812041115
62,Cles,Cles,1741,980,2770,1029,49,7154,0.6285198555956679,0.35379061371841153,0.01768953068592058,1741,3002,4768,3027,25,-24,0.5102040816326531,0.01034386357282639,0.24336035784176685,0.00349454850433324
228,Comano Terme,Comano Terme,407,600,1025,618,18,2904,0.39707317073170734,0.5853658536585366,0.0175609756097561,407,447,864,457,10,-8,0.5555555555555556,0.009641873278236915,0.14015151515151514,0.003443526170798898
64,Commezzadura,Commezzadura,126,214,345,219,5,1014,0.3652173913043478,0.6202898550724638,0.014492753623188406,126,134,261,135,1,-4,0.2,0.005917159763313609,0.1242603550295858,0.0009861932938856016
242,Contà,Contà,168,354,532,364,10,1399,0.3157894736842105,0.6654135338345865,0.018796992481203006,168,64,234,66,2,-8,0.2,0.008577555396711936,0.12008577555396711,0.0014295925661186562
68,Croviana,Croviana,61,202,266,205,3,690,0.22932330827067668,0.7593984962406015,0.011278195488721804,61,82,143,82,0,-3,0.0,0.004347826086956522,0.08840579710144927,0.0
71,Dambel,Dambel,60,96,158,98,2,419,0.379746835443038,0.6075949367088608,0.012658227848101266,60,32,94,34,2,0,1.0,0.00954653937947494,0.1431980906921241,0.00477326968973747
74,Denno,Denno,142,294,458,316,22,1212,0.31004366812227074,0.6419213973799127,0.048034934497816595,142,90,233,91,1,-21,0.045454545454545456,0.018976897689768978,0.11716171617161716,0.0008250825082508251
233,Dimaro Folgarida,Dimaro Folgarida,309,406,727,418,12,2090,0.4250343878954608,0.5584594222833562,0.016506189821182942,309,348,661,352,4,-8,0.3333333333333333,0.007655502392344498,0.14784688995215312,0.0019138755980861245
78,Drena,Drena,42,187,237,195,8,581,0.17721518987341772,0.7890295358649789,0.03375527426160337,42,33,77,35,2,-6,0.25,0.01721170395869191,0.07228915662650602,0.0034423407917383822
79,Dro,Dro,395,1560,2003,1608,48,5044,0.19720419370943584,0.7788317523714429,0.023964053919121316,395,688,1093,698,10,-38,0.20833333333333334,0.011498810467882634,0.07831086439333862,0.0019825535289452814
81,Fai della Paganella,Fai della Paganella,105,180,297,192,12,910,0.35353535353535354,0.6060606060606061,0.04040404040404041,105,88,199,94,6,-6,0.5,0.01978021978021978,0.11538461538461539,0.006593406593406593
83,Fiavè,Fiavè,97,270,371,274,4,1062,0.261455525606469,0.7277628032345014,0.01078167115902965,97,75,173,76,1,-3,0.25,0.004708097928436911,0.09133709981167608,0.0009416195856873823
85,Fierozzo / Vlarotz,Fierozzo / Vlarotz,35,142,179,144,2,476,0.19553072625698323,0.7932960893854749,0.0111731843575419,35,5,41,6,1,-1,0.5,0.0063025210084033615,0.07352941176470588,0.0021008403361344537
87,Folgaria,Folgaria,511,457,998,487,30,3149,0.5120240480961924,0.45791583166332667,0.03006012024048096,511,198,753,242,44,14,1.4666666666666666,0.023499523658304225,0.1622737376945062,0.013972689742775483
89,Fornace,Fornace,128,405,539,411,6,1316,0.23747680890538034,0.75139146567718,0.011131725417439703,128,145,274,146,1,-5,0.16666666666666666,0.005319148936170213,0.0972644376899696,0.0007598784194528875
90,Frassilongo / Garait,Frassilongo / Garait,25,96,121,96,0,340,0.2066115702479339,0.7933884297520661,0.0,25,10,35,10,0,0,,0.0,0.07352941176470588,0.0
91,Garniga Terme,Garniga Terme,20,121,144,124,3,392,0.1388888888888889,0.8402777777777778,0.020833333333333332,20,3,23,3,0,-3,0.0,0.007653061224489796,0.05102040816326531,0.0
92,Giovo,Giovo,234,738,1003,769,31,2520,0.2333000997008973,0.7357926221335992,0.03090727816550349,234,152,388,154,2,-29,0.06451612903225806,0.013095238095238096,0.09285714285714286,0.0007936507936507937
93,Giustino,Giustino,53,193,246,193,0,745,0.21544715447154472,0.7845528455284553,0.0,53,108,164,111,3,3,,0.004026845637583893,0.07114093959731543,0.004026845637583893
95,Grigno,Grigno,322,341,708,386,45,2058,0.4548022598870056,0.481638418079096,0.0635593220338983,322,319,801,479,160,115,3.5555555555555554,0.09961127308066084,0.1564625850340136,0.07774538386783285
97,Imer,Imer,103,234,364,261,27,1174,0.28296703296703296,0.6428571428571429,0.07417582417582418,103,159,274,171,12,-15,0.4444444444444444,0.03321976149914821,0.08773424190800681,0.010221465076660987
98,Isera,Isera,140,932,1091,951,19,2765,0.12832263978001834,0.854262144821265,0.017415215398716773,140,288,433,293,5,-14,0.2631578947368421,0.00867992766726944,0.05063291139240506,0.0018083182640144665
102,Lavarone,Lavarone,215,187,412,197,10,1187,0.5218446601941747,0.4538834951456311,0.024271844660194174,215,92,342,127,35,25,3.5,0.037910699241786014,0.18112889637742208,0.02948609941027801
103,Lavis,Lavis,1204,2304,3711,2507,203,9123,0.3244408515225007,0.6208569118835894,0.05470223659391,1204,3459,4734,3530,71,-132,0.3497536945812808,0.03003398005042201,0.13197413131645291,0.007782527677299134
229,Ledro,Ledro,974,915,1921,947,32,5261,0.5070275897969807,0.47631441957313897,0.01665799062988027,974,120,1109,135,15,-17,0.46875,0.008933662801748716,0.18513590572134575,0.0028511689792815056
104,Levico Terme,Levico Terme,1242,1808,3101,1859,51,8069,0.40051596259271205,0.5830377297645921,0.016446307642695904,1242,1387,2656,1414,27,-24,0.5294117647058824,0.009666625356301896,0.15392241913496096,0.0033461395464121947
106,Livo,Livo,82,229,315,233,4,786,0.26031746031746034,0.726984126984127,0.012698412698412698,82,48,132,50,2,-2,0.5,0.007633587786259542,0.10432569974554708,0.002544529262086514
108,Lona-Lases,Lona-Lases,76,230,320,244,14,872,0.2375,0.71875,0.04375,76,129,205,129,0,-14,0.0,0.016055045871559634,0.0871559633027523,0.0
109,Luserna / Lusérn,Luserna / Lusérn,45,37,86,41,4,269,0.5232558139534884,0.43023255813953487,0.046511627906976744,45,25,74,29,4,0,1.0,0.02973977695167286,0.16728624535315986,0.01486988847583643
243,Madruzzo,Madruzzo,251,885,1161,910,25,2948,0.21619293712316967,0.7622739018087855,0.02153316106804479,251,241,494,243,2,-23,0.08,0.009158751696065129,0.08514246947082768,0.0006784260515603799
110,Malé,Malé,299,398,711,412,14,2242,0.42053445850914206,0.559774964838256,0.01969057665260197,299,666,970,671,5,-9,0.35714285714285715,0.00847457627118644,0.13336306868867082,0.0022301516503122213
112,Massimeno,Massimeno,7,41,48,41,0,144,0.14583333333333334,0.8541666666666666,0.0,7,25,32,25,0,0,,0.0,0.04861111111111111,0.0
113,Mazzin / Mazin,Mazzin / Mazin,53,147,203,150,3,593,0.26108374384236455,0.7241379310344828,0.014778325123152709,53,53,107,54,1,-2,0.3333333333333333,0.006745362563237774,0.0893760539629005,0.0016863406408094434
114,Mezzana,Mezzana,120,179,302,182,3,878,0.3973509933774834,0.5927152317880795,0.009933774834437087,120,128,256,136,8,5,2.6666666666666665,0.012528473804100227,0.1366742596810934,0.009111617312072893
115,Mezzano,Mezzano,151,357,551,400,43,1595,0.27404718693284935,0.647912885662432,0.0780399274047187,151,149,307,156,7,-36,0.16279069767441862,0.03134796238244514,0.09467084639498433,0.00438871473354232
116,Mezzocorona,Mezzocorona,735,1144,2145,1410,266,5518,0.34265734265734266,0.5333333333333333,0.124009324009324,735,1375,2167,1432,57,-209,0.21428571428571427,0.0585357013410656,0.13320043494019573,0.010329829648423342
117,Mezzolombardo,Mezzolombardo,1119,1554,2985,1866,312,7403,0.3748743718592965,0.5206030150753769,0.10452261306532663,1119,1512,2674,1555,43,-269,0.13782051282051283,0.04795353235174929,0.15115493718762663,0.005808456031338646
118,Moena / Moena,Moena / Moena,447,311,772,325,14,2636,0.5790155440414507,0.4028497409326425,0.018134715025906734,447,373,905,458,85,71,6.071428571428571,0.03755690440060698,0.16957511380880122,0.032245827010622154
120,Molveno,Molveno,215,159,384,169,10,1116,0.5598958333333334,0.4140625,0.026041666666666668,215,166,382,167,1,-9,0.1,0.00985663082437276,0.19265232974910393,0.0008960573476702509
123,Mori,Mori,947,2966,4023,3076,110,10011,0.23539647029579916,0.7372607506835694,0.02734277902063137,947,1037,2003,1056,19,-91,0.17272727272727273,0.012885825591848966,0.0945959444610928,0.0018979122964738787
124,Nago-Torbole,Nago-Torbole,315,717,1070,755,38,2835,0.29439252336448596,0.6700934579439253,0.03551401869158879,315,535,879,564,29,-9,0.7631578947368421,0.0236331569664903,0.1111111111111111,0.010229276895943563
127,Nogaredo,Nogaredo,130,717,863,733,16,2065,0.15063731170336037,0.8308227114716107,0.01853997682502897,130,223,356,226,3,-13,0.1875,0.009200968523002421,0.06295399515738499,0.0014527845036319612
128,Nomi,Nomi,100,408,524,424,16,1307,0.19083969465648856,0.7786259541984732,0.030534351145038167,100,344,448,348,4,-12,0.25,0.015302218821729151,0.07651109410864575,0.00306044376434583
129,Novaledo,Novaledo,83,363,450,367,4,1098,0.18444444444444444,0.8066666666666666,0.008888888888888889,83,559,659,576,17,13,4.25,0.01912568306010929,0.075591985428051,0.015482695810564663
253,Novella,Novella,428,887,1381,953,66,3590,0.3099203475742216,0.6422881969587255,0.04779145546705286,428,325,765,337,12,-54,0.18181818181818182,0.021727019498607242,0.1192200557103064,0.003342618384401114
130,Ospedaletto,Ospedaletto,63,229,298,235,6,788,0.21140939597315436,0.7684563758389261,0.020134228187919462,63,150,229,166,16,10,2.6666666666666665,0.027918781725888325,0.0799492385786802,0.02030456852791878
131,Ossana,Ossana,110,182,296,186,4,828,0.3716216216216216,0.6148648648648649,0.013513513513513514,110,157,269,159,2,-2,0.5,0.007246376811594203,0.13285024154589373,0.0024154589371980675
133,Palù del Fersina / Palai en Bernstol,Palù del Fersina / Palai en Bernstol,9,55,66,57,2,166,0.13636363636363635,0.8333333333333334,0.030303030303030304,9,29,38,29,0,-2,0.0,0.012048192771084338,0.05421686746987952,0.0
134,Panchià,Panchià,48,279,341,293,14,817,0.14076246334310852,0.8181818181818182,0.04105571847507331,48,96,144,96,0,-14,0.0,0.017135862913096694,0.0587515299877601,0.0
136,Peio,Peio,245,283,535,290,7,1827,0.45794392523364486,0.5289719626168224,0.013084112149532711,245,87,333,88,1,-6,0.14285714285714285,0.004378762999452655,0.13409961685823754,0.0005473453749315818
137,Pellizzano,Pellizzano,91,148,239,148,0,777,0.3807531380753138,0.6192468619246861,0.0,91,139,231,140,1,1,,0.001287001287001287,0.11711711711711711,0.001287001287001287
138,Pelugo,Pelugo,19,127,149,130,3,393,0.12751677852348994,0.8523489932885906,0.020134228187919462,19,28,48,29,1,-2,0.3333333333333333,0.010178117048346057,0.04834605597964377,0.002544529262086514
139,Pergine Valsugana,Pergine Valsugana,3701,5048,8890,5189,141,21485,0.41631046119235093,0.5678290213723285,0.015860517435320586,3701,3090,6840,3139,49,-92,0.3475177304964539,0.00884337910169886,0.17225971608098672,0.0022806609262276006
142,Pieve Tesino,Pieve Tesino,56,171,230,174,3,645,0.24347826086956523,0.7434782608695653,0.013043478260869565,56,59,120,64,5,2,1.6666666666666667,0.012403100775193798,0.08682170542635659,0.007751937984496124
234,Pieve di Bono-Prezzo,Pieve di Bono-Prezzo,124,366,499,375,9,1429,0.24849699398797595,0.7334669338677354,0.018036072144288578,124,223,362,238,15,6,1.6666666666666667,0.016794961511546535,0.0867739678096571,0.010496850944716585
143,Pinzolo,Pinzolo,578,303,900,322,19,3106,0.6422222222222222,0.33666666666666667,0.021111111111111112,578,992,1612,1034,42,23,2.210526315789474,0.019639407598197038,0.18609143593045718,0.013522215067611075
144,Pomarolo,Pomarolo,89,921,1040,951,30,2437,0.08557692307692308,0.885576923076923,0.028846153846153848,89,127,217,128,1,-29,0.03333333333333333,0.01272055806319245,0.03652031185884284,0.0004103405826836274
244,Porte di Rendena,Porte di Rendena,167,515,687,520,5,1767,0.2430858806404658,0.7496360989810772,0.00727802037845706,167,145,313,146,1,-4,0.2,0.003395585738539898,0.09451046972269384,0.0005659309564233164
230,Predaia,Predaia,946,1490,2524,1578,88,6797,0.37480190174326466,0.5903328050713154,0.03486529318541997,946,638,1591,645,7,-81,0.07954545454545454,0.013976754450492864,0.13917904958069738,0.0010298661174047373
147,Predazzo,Predazzo,949,637,1629,680,43,4512,0.5825659914057704,0.39103744628606507,0.026396562308164517,949,566,1537,588,22,-21,0.5116279069767442,0.014406028368794326,0.21032801418439717,0.004875886524822695
245,Primiero San Martino di Castrozza,Primiero San Martino di Castrozza,1057,474,1679,622,148,5230,0.6295413936867182,0.2823108993448481,0.08814770696843359,1057,495,1672,615,120,-28,0.8108108108108109,0.05124282982791587,0.20210325047801148,0.022944550669216062
150,Rabbi,Rabbi,178,277,457,279,2,1340,0.38949671772428884,0.6061269146608315,0.00437636761487965,178,100,278,100,0,-2,0.0,0.0014925373134328358,0.1328358208955224,0.0
153,Riva del Garda,Riva del Garda,3548,2924,6719,3171,247,17694,0.5280547700550677,0.4351838071141539,0.03676142283077839,3548,3160,6879,3331,171,-76,0.6923076923076923,0.02362382728608568,0.20051995026562677,0.009664292980671414
155,Romeno,Romeno,143,346,539,396,50,1391,0.2653061224489796,0.6419294990723562,0.09276437847866419,143,102,246,103,1,-49,0.02,0.03666427030913012,0.102803738317757,0.0007189072609633358
156,Roncegno Terme,Roncegno Terme,210,897,1120,910,13,2906,0.1875,0.8008928571428572,0.011607142857142858,210,248,480,270,22,9,1.6923076923076923,0.012044046799724708,0.07226428079834825,0.007570543702684102
157,Ronchi Valsugana,Ronchi Valsugana,25,145,176,151,6,457,0.14204545454545456,0.8238636363636364,0.03409090909090909,25,29,54,29,0,-6,0.0,0.01312910284463895,0.05470459518599562,0.0
135,Ronzo-Chienis,Ronzo-Chienis,83,263,353,270,7,990,0.23512747875354106,0.7450424929178471,0.019830028328611898,83,49,133,50,1,-6,0.14285714285714285,0.00808080808080808,0.08383838383838384,0.00101010101010101
159,Ronzone,Ronzone,36,82,150,114,32,449,0.24,0.5466666666666666,0.21333333333333335,36,35,75,39,4,-28,0.125,0.0801781737193764,0.0801781737193764,0.008908685968819599
161,Rovereto,Rovereto,9061,5333,14717,5656,323,39860,0.6156825439967385,0.3623700482435279,0.021947407759733643,9061,8911,18447,9386,475,152,1.4705882352941178,0.020020070245860513,0.22732062217762167,0.011916708479678876
160,Roverè della Luna,Roverè della Luna,185,249,615,430,181,1635,0.3008130081300813,0.40487804878048783,0.2943089430894309,185,92,294,109,17,-164,0.09392265193370165,0.12110091743119267,0.11314984709480122,0.010397553516819572
162,Ruffrè-Mendola,Ruffrè-Mendola,37,59,144,107,48,417,0.2569444444444444,0.4097222222222222,0.3333333333333333,37,28,66,29,1,-47,0.020833333333333332,0.11750599520383694,0.08872901678657075,0.002398081534772182
163,Rumo,Rumo,97,175,279,182,7,806,0.34767025089605735,0.6272401433691757,0.025089605734767026,97,24,125,28,4,-3,0.5714285714285714,0.013647642679900745,0.12034739454094293,0.004962779156327543
164,Sagron Mis,Sagron Mis,7,25,63,56,31,179,0.1111111111111111,0.3968253968253968,0.49206349206349204,7,4,13,6,2,-29,0.06451612903225806,0.18435754189944134,0.03910614525139665,0.0111731843575419
165,Samone,Samone,40,174,217,177,3,549,0.18433179723502305,0.8018433179723502,0.013824884792626729,40,37,87,47,10,7,3.3333333333333335,0.023679417122040074,0.07285974499089254,0.018214936247723135
250,San Giovanni di Fassa / Sèn Jan,San Giovanni di Fassa / Sèn Jan,925,352,1297,372,20,3637,0.7131842713955281,0.27139552814186585,0.015420200462606014,925,418,1380,455,37,17,1.85,0.01567225735496288,0.2543304921638713,0.010173219686554854
231,San Lorenzo Dorsino,San Lorenzo Dorsino,168,327,501,333,6,1563,0.33532934131736525,0.6526946107784432,0.011976047904191617,168,61,229,61,0,-6,0.0,0.003838771593090211,0.10748560460652591,0.0
167,San Michele all'Adige,San Michele all'Adige,456,1089,1789,1333,244,3983,0.2548910005589715,0.6087199552822806,0.1363890441587479,456,790,1277,821,31,-213,0.12704918032786885,0.0690434345970374,0.11448656791363294,0.007783078081847854
168,Sant'Orsola Terme,Sant'Orsola Terme,85,361,456,371,10,1113,0.18640350877192982,0.7916666666666666,0.021929824561403508,85,182,269,184,2,-8,0.2,0.01078167115902965,0.07637017070979335,0.0017969451931716084
169,Sanzeno,Sanzeno,105,226,348,243,17,918,0.3017241379310345,0.6494252873563219,0.04885057471264368,105,70,178,73,3,-14,0.17647058823529413,0.02178649237472767,0.11437908496732026,0.0032679738562091504
170,Sarnonico,Sarnonico,76,198,310,234,36,795,0.24516129032258063,0.6387096774193548,0.11612903225806452,76,188,274,198,10,-26,0.2777777777777778,0.05786163522012579,0.09559748427672957,0.012578616352201259
171,Scurelle,Scurelle,142,364,514,372,8,1354,0.27626459143968873,0.708171206225681,0.01556420233463035,142,716,872,730,14,6,1.75,0.01624815361890694,0.10487444608567208,0.0103397341211226
172,Segonzano,Segonzano,105,434,545,440,6,1396,0.1926605504587156,0.7963302752293578,0.011009174311926606,105,89,195,90,1,-5,0.16666666666666666,0.00501432664756447,0.07521489971346705,0.0007163323782234957
246,Sella Giudicarie,Sella Giudicarie,262,829,1110,848,19,2893,0.23603603603603604,0.7468468468468469,0.017117117117117116,262,207,475,213,6,-13,0.3157894736842105,0.008641548565502939,0.0905634289664708,0.002073971655720705
173,Sfruz,Sfruz,31,94,128,97,3,367,0.2421875,0.734375,0.0234375,31,22,53,22,0,-3,0.0,0.008174386920980926,0.08446866485013624,0.0
176,Soraga di Fassa / Soraga,Soraga di Fassa / Soraga,104,146,255,151,5,693,0.40784313725490196,0.5725490196078431,0.0196078431372549,104,110,226,122,12,7,2.4,0.024531024531024532,0.15007215007215008,0.017316017316017316
177,Sover,Sover,58,214,279,221,7,779,0.2078853046594982,0.7670250896057348,0.025089605734767026,58,21,79,21,0,-7,0.0,0.008985879332477536,0.07445442875481387,0.0
179,Spiazzo,Spiazzo,135,271,412,277,6,1245,0.3276699029126214,0.6577669902912622,0.014563106796116505,135,235,372,237,2,-4,0.3333333333333333,0.00642570281124498,0.10843373493975904,0.001606425702811245
180,Spormaggiore,Spormaggiore,116,310,456,340,30,1264,0.2543859649122807,0.6798245614035088,0.06578947368421052,116,105,221,105,0,-30,0.0,0.023734177215189875,0.09177215189873418,0.0
181,Sporminore,Sporminore,73,191,274,201,10,705,0.2664233576642336,0.6970802919708029,0.0364963503649635,73,105,181,108,3,-7,0.3,0.018439716312056736,0.10354609929078014,0.00425531914893617
182,Stenico,Stenico,104,336,447,343,7,1168,0.232662192393736,0.7516778523489933,0.015659955257270694,104,174,278,174,0,-7,0.0,0.0059931506849315065,0.08904109589041095,0.0
183,Storo,Storo,810,692,1646,836,144,4529,0.49210206561360875,0.4204131227217497,0.08748481166464156,810,493,1598,788,295,151,2.048611111111111,0.09693088982115257,0.1788474276882314,0.06513579156546699
184,Strembo,Strembo,43,161,207,164,3,605,0.20772946859903382,0.7777777777777778,0.014492753623188406,43,113,156,113,0,-3,0.0,0.0049586776859504135,0.07107438016528926,0.0
188,Telve,Telve,131,571,715,584,13,1892,0.18321678321678322,0.7986013986013986,0.01818181818181818,131,149,281,150,1,-12,0.07692307692307693,0.007399577167019027,0.06923890063424948,0.0005285412262156448
189,Telve di Sopra,Telve di Sopra,20,216,239,219,3,594,0.08368200836820083,0.9037656903765691,0.012552301255230125,20,91,111,91,0,-3,0.0,0.005050505050505051,0.03367003367003367,0.0
190,Tenna,Tenna,52,380,440,388,8,1050,0.11818181818181818,0.8636363636363636,0.01818181818181818,52,61,113,61,0,-8,0.0,0.007619047619047619,0.049523809523809526,0.0
191,Tenno,Tenno,120,600,737,617,17,1988,0.1628222523744912,0.8141112618724559,0.023066485753052916,120,118,244,124,6,-11,0.35294117647058826,0.011569416498993963,0.060362173038229376,0.0030181086519114686
193,Terragnolo,Terragnolo,36,224,265,229,5,701,0.13584905660377358,0.8452830188679246,0.018867924528301886,36,12,48,12,0,-5,0.0,0.007132667617689016,0.05135520684736091,0.0
251,Terre d'Adige,Terre d'Adige,167,1014,1248,1081,67,3048,0.13381410256410256,0.8125,0.05368589743589743,167,183,352,185,2,-65,0.029850746268656716,0.022637795275590553,0.05479002624671916,0.0006561679790026247
195,Terzolas,Terzolas,46,189,239,193,4,645,0.19246861924686193,0.7907949790794979,0.016736401673640166,46,73,120,74,1,-3,0.25,0.007751937984496124,0.07131782945736434,0.0015503875968992248
196,Tesero,Tesero,450,534,1024,574,40,2936,0.439453125,0.521484375,0.0390625,450,645,1116,666,21,-19,0.525,0.02077656675749319,0.15326975476839236,0.00715258855585831
199,Tione di Trento,Tione di Trento,787,538,1343,556,18,3659,0.5860014892032762,0.4005956813104989,0.01340282948622487,787,1902,2719,1932,30,12,1.6666666666666667,0.013118338343809785,0.21508608909538124,0.008198961464881116
200,Ton,Ton,128,385,542,414,29,1317,0.23616236162361623,0.7103321033210332,0.05350553505535055,128,101,231,103,2,-27,0.06896551724137931,0.023538344722854973,0.09719058466211086,0.0015186028853454822
202,Torcegno,Torcegno,44,241,288,244,3,679,0.1527777777777778,0.8368055555555556,0.010416666666666666,44,76,120,76,0,-3,0.0,0.004418262150220913,0.06480117820324006,0.0
203,Trambileno,Trambileno,63,514,587,524,10,1468,0.10732538330494037,0.8756388415672913,0.017035775127768313,63,58,128,65,7,-3,0.7,0.011580381471389645,0.042915531335149866,0.004768392370572207
247,Tre Ville,Tre Ville,100,413,523,423,10,1385,0.19120458891013384,0.7896749521988528,0.019120458891013385,100,197,303,203,6,-4,0.6,0.011552346570397111,0.07220216606498195,0.004332129963898917
205,Trento,Trento,37573,7107,46448,8875,1768,118363,0.8089261109197382,0.15300981743024458,0.038064071650017225,37573,34869,73900,36327,1458,-310,0.8246606334841629,0.02725513885251303,0.3174387266290986,0.012318038576244266
232,Valdaone,Valdaone,58,345,412,354,9,1145,0.1407766990291262,0.837378640776699,0.021844660194174758,58,85,149,91,6,-3,0.6666666666666666,0.013100436681222707,0.050655021834061134,0.005240174672489083
209,Valfloriana,Valfloriana,26,122,158,132,10,466,0.16455696202531644,0.7721518987341772,0.06329113924050633,26,9,35,9,0,-10,0.0,0.02145922746781116,0.055793991416309016,0.0
210,Vallarsa,Vallarsa,107,373,494,387,14,1374,0.2165991902834008,0.7550607287449392,0.02834008097165992,107,24,137,30,6,-8,0.42857142857142855,0.01455604075691412,0.07787481804949054,0.004366812227074236
248,Vallelaghi,Vallelaghi,391,1674,2095,1704,30,5168,0.18663484486873508,0.7990453460620525,0.014319809069212411,391,429,843,452,23,-7,0.7666666666666667,0.010255417956656347,0.0756578947368421,0.00445046439628483
213,Vermiglio,Vermiglio,265,286,576,311,25,1821,0.4600694444444444,0.4965277777777778,0.043402777777777776,265,57,358,93,36,11,1.44,0.033498077979132346,0.1455244371224602,0.019769357495881382
216,Vignola-Falesina,Vignola-Falesina,14,71,87,73,2,181,0.16091954022988506,0.8160919540229885,0.022988505747126436,14,13,35,21,8,6,4.0,0.055248618784530384,0.07734806629834254,0.04419889502762431
222,Villa Lagarina,Villa Lagarina,230,1327,1585,1355,28,3853,0.14511041009463724,0.8372239747634069,0.017665615141955835,230,470,707,477,7,-21,0.25,0.009083830781209447,0.05969374513366208,0.0018167661562418895
249,Ville d'Anaunia,Ville d'Anaunia,560,1140,1735,1175,35,4733,0.3227665706051873,0.6570605187319885,0.020172910662824207,560,536,1100,540,4,-31,0.11428571428571428,0.008240016902598775,0.11831819142193112,0.0008451299387280794
254,Ville di Fiemme,Ville di Fiemme,236,687,1014,778,91,2634,0.23274161735700197,0.6775147928994083,0.08974358974358974,236,162,410,174,12,-79,0.13186813186813187,0.039104024297646166,0.08959757023538345,0.004555808656036446
224,Volano,Volano,260,1000,1294,1034,34,3042,0.2009273570324575,0.7727975270479135,0.02627511591962906,260,634,906,646,12,-22,0.35294117647058826,0.015121630506245891,0.08547008547008547,0.0039447731755424065
226,Ziano di Fiemme,Ziano di Fiemme,210,409,649,439,30,1757,0.3235747303543914,0.6302003081664098,0.046224961479198766,210,515,747,537,22,-8,0.7333333333333333,0.029595902105862264,0.11952191235059761,0.012521343198634035
